{
  "type": "FeatureCollection",
  "features": [
    {
      "type": "Feature",
      "geometry": {
        "type": "Polygon",
        "coordinates": [
          [
            [
              -93.463511,
              41.97
            ],
            [
              -93.465411,
              41.973441
            ],
            [
              -93.47,
              41.974867
            ],
            [
              -93.474589,
              41.973441
            ],
            [
              -93.476489,
              41.97
            ],
            [
              -93.474589,
              41.966559
            ],
            [
              -93.47,
              41.965133
            ],
            [
              -93.465411,
              41.966559
            ],
            [
              -93.463511,
              41.97
            ]
          ]
        ]
      },
      "properties": {
        "field_id": "F001",
        "field_name": "North Field",
        "commodity_2023": "Wheat",
        "drainage_class": "Well",
        "organic_matter_pct": 3.9,
        "pH": 7.2,
        "CEC_meq_100g": 24.2,
        "topsoil_depth_cm": 34,
        "field_acres": 179,
        "latitude": 41.97,
        "longitude": -93.47,
        "yield_2023_bu_ac": 63.1,
        "yield_2024_bu_ac": 63.1,
        "yield_2025_bu_ac": 64.3
      }
    },
    {
      "type": "Feature",
      "geometry": {
        "type": "Polygon",
        "coordinates": [
          [
            [
              -93.744302,
              41.89
            ],
            [
              -93.745971,
              41.893022
            ],
            [
              -93.75,
              41.894273
            ],
            [
              -93.754029,
              41.893022
            ],
            [
              -93.755698,
              41.89
            ],
            [
              -93.754029,
              41.886978
            ],
            [
              -93.75,
              41.885727
            ],
            [
              -93.745971,
              41.886978
            ],
            [
              -93.744302,
              41.89
            ]
          ]
        ]
      },
      "properties": {
        "field_id": "F002",
        "field_name": "South Field",
        "commodity_2023": "Soybeans",
        "drainage_class": "Very Poor",
        "organic_matter_pct": 3.1,
        "pH": 6.4,
        "CEC_meq_100g": 20.8,
        "topsoil_depth_cm": 46,
        "field_acres": 138,
        "latitude": 41.89,
        "longitude": -93.75,
        "yield_2023_bu_ac": 76.5,
        "yield_2024_bu_ac": 75.0,
        "yield_2025_bu_ac": 69.9
      }
    },
    {
      "type": "Feature",
      "geometry": {
        "type": "Polygon",
        "coordinates": [
          [
            [
              -93.682486,
              41.91
            ],
            [
              -93.684687,
              41.913985
            ],
            [
              -93.69,
              41.915635
            ],
            [
              -93.695313,
              41.913985
            ],
            [
              -93.697514,
              41.91
            ],
            [
              -93.695313,
              41.906015
            ],
            [
              -93.69,
              41.904365
            ],
            [
              -93.684687,
              41.906015
            ],
            [
              -93.682486,
              41.91
            ]
          ]
        ]
      },
      "properties": {
        "field_id": "F003",
        "field_name": "East Field",
        "commodity_2023": "Corn",
        "drainage_class": "Poor",
        "organic_matter_pct": 1.5,
        "pH": 6.0,
        "CEC_meq_100g": 11.1,
        "topsoil_depth_cm": 12,
        "field_acres": 240,
        "latitude": 41.91,
        "longitude": -93.69,
        "yield_2023_bu_ac": 195.2,
        "yield_2024_bu_ac": 183.4,
        "yield_2025_bu_ac": 181.7
      }
    },
    {
      "type": "Feature",
      "geometry": {
        "type": "Polygon",
        "coordinates": [
          [
            [
              -93.70612,
              41.91
            ],
            [
              -93.707256,
              41.912058
            ],
            [
              -93.71,
              41.91291
            ],
            [
              -93.712744,
              41.912058
            ],
            [
              -93.71388,
              41.91
            ],
            [
              -93.712744,
              41.907942
            ],
            [
              -93.71,
              41.90709
            ],
            [
              -93.707256,
              41.907942
            ],
            [
              -93.70612,
              41.91
            ]
          ]
        ]
      },
      "properties": {
        "field_id": "F004",
        "field_name": "West Field",
        "commodity_2023": "Alfalfa",
        "drainage_class": "Moderately Well",
        "organic_matter_pct": 3.9,
        "pH": 7.0,
        "CEC_meq_100g": 14.5,
        "topsoil_depth_cm": 27,
        "field_acres": 64,
        "latitude": 41.91,
        "longitude": -93.71,
        "yield_2023_bu_ac": 9.6,
        "yield_2024_bu_ac": 9.3,
        "yield_2025_bu_ac": 10.1
      }
    },
    {
      "type": "Feature",
      "geometry": {
        "type": "Polygon",
        "coordinates": [
          [
            [
              -93.723141,
              41.85
            ],
            [
              -93.72515,
              41.853638
            ],
            [
              -93.73,
              41.855144
            ],
            [
              -93.73485,
              41.853638
            ],
            [
              -93.736859,
              41.85
            ],
            [
              -93.73485,
              41.846362
            ],
            [
              -93.73,
              41.844856
            ],
            [
              -93.72515,
              41.846362
            ],
            [
              -93.723141,
              41.85
            ]
          ]
        ]
      },
      "properties": {
        "field_id": "F005",
        "field_name": "Valley Plot",
        "commodity_2023": "Corn",
        "drainage_class": "Poor",
        "organic_matter_pct": 1.2,
        "pH": 7.4,
        "CEC_meq_100g": 11.9,
        "topsoil_depth_cm": 10,
        "field_acres": 200,
        "latitude": 41.85,
        "longitude": -93.73,
        "yield_2023_bu_ac": 184.7,
        "yield_2024_bu_ac": 184.6,
        "yield_2025_bu_ac": 182.3
      }
    },
    {
      "type": "Feature",
      "geometry": {
        "type": "Polygon",
        "coordinates": [
          [
            [
              -93.68416,
              41.88
            ],
            [
              -93.68587,
              41.883097
            ],
            [
              -93.69,
              41.88438
            ],
            [
              -93.69413,
              41.883097
            ],
            [
              -93.69584,
              41.88
            ],
            [
              -93.69413,
              41.876903
            ],
            [
              -93.69,
              41.87562
            ],
            [
              -93.68587,
              41.876903
            ],
            [
              -93.68416,
              41.88
            ]
          ]
        ]
      },
      "properties": {
        "field_id": "F006",
        "field_name": "Hilltop Field",
        "commodity_2023": "Soybeans",
        "drainage_class": "Well",
        "organic_matter_pct": 4.4,
        "pH": 6.0,
        "CEC_meq_100g": 19.0,
        "topsoil_depth_cm": 37,
        "field_acres": 145,
        "latitude": 41.88,
        "longitude": -93.69,
        "yield_2023_bu_ac": 78.9,
        "yield_2024_bu_ac": 75.7,
        "yield_2025_bu_ac": 77.6
      }
    },
    {
      "type": "Feature",
      "geometry": {
        "type": "Polygon",
        "coordinates": [
          [
            [
              -93.483547,
              41.87
            ],
            [
              -93.485437,
              41.873422
            ],
            [
              -93.49,
              41.87484
            ],
            [
              -93.494563,
              41.873422
            ],
            [
              -93.496453,
              41.87
            ],
            [
              -93.494563,
              41.866578
            ],
            [
              -93.49,
              41.86516
            ],
            [
              -93.485437,
              41.866578
            ],
            [
              -93.483547,
              41.87
            ]
          ]
        ]
      },
      "properties": {
        "field_id": "F007",
        "field_name": "Meadow Pasture",
        "commodity_2023": "Soybeans",
        "drainage_class": "Poor",
        "organic_matter_pct": 2.0,
        "pH": 5.8,
        "CEC_meq_100g": 10.2,
        "topsoil_depth_cm": 16,
        "field_acres": 177,
        "latitude": 41.87,
        "longitude": -93.49,
        "yield_2023_bu_ac": 56.5,
        "yield_2024_bu_ac": 57.4,
        "yield_2025_bu_ac": 51.6
      }
    },
    {
      "type": "Feature",
      "geometry": {
        "type": "Polygon",
        "coordinates": [
          [
            [
              -93.64416,
              42.03
            ],
            [
              -93.64587,
              42.033097
            ],
            [
              -93.65,
              42.03438
            ],
            [
              -93.65413,
              42.033097
            ],
            [
              -93.65584,
              42.03
            ],
            [
              -93.65413,
              42.026903
            ],
            [
              -93.65,
              42.02562
            ],
            [
              -93.64587,
              42.026903
            ],
            [
              -93.64416,
              42.03
            ]
          ]
        ]
      },
      "properties": {
        "field_id": "F008",
        "field_name": "Cropland A",
        "commodity_2023": "Corn",
        "drainage_class": "Somewhat Poor",
        "organic_matter_pct": 3.0,
        "pH": 6.3,
        "CEC_meq_100g": 10.0,
        "topsoil_depth_cm": 21,
        "field_acres": 145,
        "latitude": 42.03,
        "longitude": -93.65,
        "yield_2023_bu_ac": 214.6,
        "yield_2024_bu_ac": 210.0,
        "yield_2025_bu_ac": 199.8
      }
    },
    {
      "type": "Feature",
      "geometry": {
        "type": "Polygon",
        "coordinates": [
          [
            [
              -93.70279,
              41.82
            ],
            [
              -93.704902,
              41.823824
            ],
            [
              -93.71,
              41.825408
            ],
            [
              -93.715098,
              41.823824
            ],
            [
              -93.71721,
              41.82
            ],
            [
              -93.715098,
              41.816176
            ],
            [
              -93.71,
              41.814592
            ],
            [
              -93.704902,
              41.816176
            ],
            [
              -93.70279,
              41.82
            ]
          ]
        ]
      },
      "properties": {
        "field_id": "F009",
        "field_name": "Cropland B",
        "commodity_2023": "Soybeans",
        "drainage_class": "Well",
        "organic_matter_pct": 4.0,
        "pH": 7.5,
        "CEC_meq_100g": 22.0,
        "topsoil_depth_cm": 28,
        "field_acres": 221,
        "latitude": 41.82,
        "longitude": -93.71,
        "yield_2023_bu_ac": 70.1,
        "yield_2024_bu_ac": 71.2,
        "yield_2025_bu_ac": 71.6
      }
    },
    {
      "type": "Feature",
      "geometry": {
        "type": "Polygon",
        "coordinates": [
          [
            [
              -93.482549,
              41.96
            ],
            [
              -93.484731,
              41.963952
            ],
            [
              -93.49,
              41.965588
            ],
            [
              -93.495269,
              41.963952
            ],
            [
              -93.497451,
              41.96
            ],
            [
              -93.495269,
              41.956048
            ],
            [
              -93.49,
              41.954412
            ],
            [
              -93.484731,
              41.956048
            ],
            [
              -93.482549,
              41.96
            ]
          ]
        ]
      },
      "properties": {
        "field_id": "F010",
        "field_name": "Pasture North",
        "commodity_2023": "Wheat",
        "drainage_class": "Well",
        "organic_matter_pct": 4.0,
        "pH": 7.1,
        "CEC_meq_100g": 23.8,
        "topsoil_depth_cm": 33,
        "field_acres": 236,
        "latitude": 41.96,
        "longitude": -93.49,
        "yield_2023_bu_ac": 62.0,
        "yield_2024_bu_ac": 67.0,
        "yield_2025_bu_ac": 67.9
      }
    },
    {
      "type": "Feature",
      "geometry": {
        "type": "Polygon",
        "coordinates": [
          [
            [
              -93.693846,
              41.82
            ],
            [
              -93.695648,
              41.823264
            ],
            [
              -93.7,
              41.824616
            ],
            [
              -93.704352,
              41.823264
            ],
            [
              -93.706154,
              41.82
            ],
            [
              -93.704352,
              41.816736
            ],
            [
              -93.7,
              41.815384
            ],
            [
              -93.695648,
              41.816736
            ],
            [
              -93.693846,
              41.82
            ]
          ]
        ]
      },
      "properties": {
        "field_id": "F011",
        "field_name": "Ridge Field",
        "commodity_2023": "Alfalfa",
        "drainage_class": "Moderately Well",
        "organic_matter_pct": 2.8,
        "pH": 7.0,
        "CEC_meq_100g": 18.1,
        "topsoil_depth_cm": 20,
        "field_acres": 161,
        "latitude": 41.82,
        "longitude": -93.7,
        "yield_2023_bu_ac": 9.5,
        "yield_2024_bu_ac": 9.4,
        "yield_2025_bu_ac": 8.9
      }
    },
    {
      "type": "Feature",
      "geometry": {
        "type": "Polygon",
        "coordinates": [
          [
            [
              -93.474406,
              41.8
            ],
            [
              -93.476045,
              41.802966
            ],
            [
              -93.48,
              41.804195
            ],
            [
              -93.483955,
              41.802966
            ],
            [
              -93.485594,
              41.8
            ],
            [
              -93.483955,
              41.797034
            ],
            [
              -93.48,
              41.795805
            ],
            [
              -93.476045,
              41.797034
            ],
            [
              -93.474406,
              41.8
            ]
          ]
        ]
      },
      "properties": {
        "field_id": "F012",
        "field_name": "Bottomland",
        "commodity_2023": "Alfalfa",
        "drainage_class": "Well",
        "organic_matter_pct": 4.6,
        "pH": 7.3,
        "CEC_meq_100g": 25.1,
        "topsoil_depth_cm": 30,
        "field_acres": 133,
        "latitude": 41.8,
        "longitude": -93.48,
        "yield_2023_bu_ac": 11.0,
        "yield_2024_bu_ac": 10.6,
        "yield_2025_bu_ac": 11.7
      }
    },
    {
      "type": "Feature",
      "geometry": {
        "type": "Polygon",
        "coordinates": [
          [
            [
              -93.523547,
              41.97
            ],
            [
              -93.525437,
              41.973422
            ],
            [
              -93.53,
              41.97484
            ],
            [
              -93.534563,
              41.973422
            ],
            [
              -93.536453,
              41.97
            ],
            [
              -93.534563,
              41.966578
            ],
            [
              -93.53,
              41.96516
            ],
            [
              -93.525437,
              41.966578
            ],
            [
              -93.523547,
              41.97
            ]
          ]
        ]
      },
      "properties": {
        "field_id": "F013",
        "field_name": "Oak Grove",
        "commodity_2023": "Corn",
        "drainage_class": "Very Poor",
        "organic_matter_pct": 3.4,
        "pH": 5.5,
        "CEC_meq_100g": 21.0,
        "topsoil_depth_cm": 43,
        "field_acres": 177,
        "latitude": 41.97,
        "longitude": -93.53,
        "yield_2023_bu_ac": 234.7,
        "yield_2024_bu_ac": 220.5,
        "yield_2025_bu_ac": 228.7
      }
    },
    {
      "type": "Feature",
      "geometry": {
        "type": "Polygon",
        "coordinates": [
          [
            [
              -93.735199,
              41.83
            ],
            [
              -93.736605,
              41.832546
            ],
            [
              -93.74,
              41.833601
            ],
            [
              -93.743395,
              41.832546
            ],
            [
              -93.744801,
              41.83
            ],
            [
              -93.743395,
              41.827454
            ],
            [
              -93.74,
              41.826399
            ],
            [
              -93.736605,
              41.827454
            ],
            [
              -93.735199,
              41.83
            ]
          ]
        ]
      },
      "properties": {
        "field_id": "F014",
        "field_name": "Maple Creek",
        "commodity_2023": "Wheat",
        "drainage_class": "Somewhat Poor",
        "organic_matter_pct": 2.9,
        "pH": 6.8,
        "CEC_meq_100g": 15.9,
        "topsoil_depth_cm": 17,
        "field_acres": 98,
        "latitude": 41.83,
        "longitude": -93.74,
        "yield_2023_bu_ac": 47.8,
        "yield_2024_bu_ac": 57.3,
        "yield_2025_bu_ac": 52.1
      }
    },
    {
      "type": "Feature",
      "geometry": {
        "type": "Polygon",
        "coordinates": [
          [
            [
              -93.575078,
              41.8
            ],
            [
              -93.576519,
              41.802611
            ],
            [
              -93.58,
              41.803692
            ],
            [
              -93.583481,
              41.802611
            ],
            [
              -93.584922,
              41.8
            ],
            [
              -93.583481,
              41.797389
            ],
            [
              -93.58,
              41.796308
            ],
            [
              -93.576519,
              41.797389
            ],
            [
              -93.575078,
              41.8
            ]
          ]
        ]
      },
      "properties": {
        "field_id": "F015",
        "field_name": "Prairie View",
        "commodity_2023": "Soybeans",
        "drainage_class": "Well",
        "organic_matter_pct": 4.2,
        "pH": 7.5,
        "CEC_meq_100g": 18.1,
        "topsoil_depth_cm": 32,
        "field_acres": 103,
        "latitude": 41.8,
        "longitude": -93.58,
        "yield_2023_bu_ac": 76.5,
        "yield_2024_bu_ac": 75.2,
        "yield_2025_bu_ac": 70.5
      }
    },
    {
      "type": "Feature",
      "geometry": {
        "type": "Polygon",
        "coordinates": [
          [
            [
              -93.564936,
              41.83
            ],
            [
              -93.566419,
              41.832685
            ],
            [
              -93.57,
              41.833798
            ],
            [
              -93.573581,
              41.832685
            ],
            [
              -93.575064,
              41.83
            ],
            [
              -93.573581,
              41.827315
            ],
            [
              -93.57,
              41.826202
            ],
            [
              -93.566419,
              41.827315
            ],
            [
              -93.564936,
              41.83
            ]
          ]
        ]
      },
      "properties": {
        "field_id": "F016",
        "field_name": "Spring Hill",
        "commodity_2023": "Alfalfa",
        "drainage_class": "Moderately Well",
        "organic_matter_pct": 3.0,
        "pH": 6.9,
        "CEC_meq_100g": 15.5,
        "topsoil_depth_cm": 27,
        "field_acres": 109,
        "latitude": 41.83,
        "longitude": -93.57,
        "yield_2023_bu_ac": 9.9,
        "yield_2024_bu_ac": 9.9,
        "yield_2025_bu_ac": 10.5
      }
    },
    {
      "type": "Feature",
      "geometry": {
        "type": "Polygon",
        "coordinates": [
          [
            [
              -93.485199,
              42.0
            ],
            [
              -93.486605,
              42.002546
            ],
            [
              -93.49,
              42.003601
            ],
            [
              -93.493395,
              42.002546
            ],
            [
              -93.494801,
              42.0
            ],
            [
              -93.493395,
              41.997454
            ],
            [
              -93.49,
              41.996399
            ],
            [
              -93.486605,
              41.997454
            ],
            [
              -93.485199,
              42.0
            ]
          ]
        ]
      },
      "properties": {
        "field_id": "F017",
        "field_name": "Elm Lane",
        "commodity_2023": "Corn",
        "drainage_class": "Poor",
        "organic_matter_pct": 1.7,
        "pH": 6.7,
        "CEC_meq_100g": 7.3,
        "topsoil_depth_cm": 11,
        "field_acres": 98,
        "latitude": 42.0,
        "longitude": -93.49,
        "yield_2023_bu_ac": 167.0,
        "yield_2024_bu_ac": 190.6,
        "yield_2025_bu_ac": 176.7
      }
    },
    {
      "type": "Feature",
      "geometry": {
        "type": "Polygon",
        "coordinates": [
          [
            [
              -93.593022,
              42.04
            ],
            [
              -93.595066,
              42.043701
            ],
            [
              -93.6,
              42.045234
            ],
            [
              -93.604934,
              42.043701
            ],
            [
              -93.606978,
              42.04
            ],
            [
              -93.604934,
              42.036299
            ],
            [
              -93.6,
              42.034766
            ],
            [
              -93.595066,
              42.036299
            ],
            [
              -93.593022,
              42.04
            ]
          ]
        ]
      },
      "properties": {
        "field_id": "F018",
        "field_name": "Cedar Rapids",
        "commodity_2023": "Alfalfa",
        "drainage_class": "Somewhat Poor",
        "organic_matter_pct": 3.2,
        "pH": 6.6,
        "CEC_meq_100g": 11.6,
        "topsoil_depth_cm": 21,
        "field_acres": 207,
        "latitude": 42.04,
        "longitude": -93.6,
        "yield_2023_bu_ac": 8.8,
        "yield_2024_bu_ac": 9.5,
        "yield_2025_bu_ac": 9.5
      }
    },
    {
      "type": "Feature",
      "geometry": {
        "type": "Polygon",
        "coordinates": [
          [
            [
              -93.463529,
              41.8
            ],
            [
              -93.465424,
              41.803432
            ],
            [
              -93.47,
              41.804853
            ],
            [
              -93.474576,
              41.803432
            ],
            [
              -93.476471,
              41.8
            ],
            [
              -93.474576,
              41.796568
            ],
            [
              -93.47,
              41.795147
            ],
            [
              -93.465424,
              41.796568
            ],
            [
              -93.463529,
              41.8
            ]
          ]
        ]
      },
      "properties": {
        "field_id": "F019",
        "field_name": "Pine Haven",
        "commodity_2023": "Soybeans",
        "drainage_class": "Poor",
        "organic_matter_pct": 1.2,
        "pH": 7.3,
        "CEC_meq_100g": 12.8,
        "topsoil_depth_cm": 14,
        "field_acres": 178,
        "latitude": 41.8,
        "longitude": -93.47,
        "yield_2023_bu_ac": 54.4,
        "yield_2024_bu_ac": 52.2,
        "yield_2025_bu_ac": 50.3
      }
    },
    {
      "type": "Feature",
      "geometry": {
        "type": "Polygon",
        "coordinates": [
          [
            [
              -93.712725,
              41.89
            ],
            [
              -93.714856,
              41.893858
            ],
            [
              -93.72,
              41.895456
            ],
            [
              -93.725144,
              41.893858
            ],
            [
              -93.727275,
              41.89
            ],
            [
              -93.725144,
              41.886142
            ],
            [
              -93.72,
              41.884544
            ],
            [
              -93.714856,
              41.886142
            ],
            [
              -93.712725,
              41.89
            ]
          ]
        ]
      },
      "properties": {
        "field_id": "F020",
        "field_name": "Birch Meadow",
        "commodity_2023": "Soybeans",
        "drainage_class": "Well",
        "organic_matter_pct": 3.6,
        "pH": 5.6,
        "CEC_meq_100g": 22.5,
        "topsoil_depth_cm": 40,
        "field_acres": 225,
        "latitude": 41.89,
        "longitude": -93.72,
        "yield_2023_bu_ac": 75.8,
        "yield_2024_bu_ac": 71.2,
        "yield_2025_bu_ac": 72.4
      }
    },
    {
      "type": "Feature",
      "geometry": {
        "type": "Polygon",
        "coordinates": [
          [
            [
              -93.482988,
              42.03
            ],
            [
              -93.485042,
              42.033719
            ],
            [
              -93.49,
              42.035259
            ],
            [
              -93.494958,
              42.033719
            ],
            [
              -93.497012,
              42.03
            ],
            [
              -93.494958,
              42.026281
            ],
            [
              -93.49,
              42.024741
            ],
            [
              -93.485042,
              42.026281
            ],
            [
              -93.482988,
              42.03
            ]
          ]
        ]
      },
      "properties": {
        "field_id": "F021",
        "field_name": "Willow Creek",
        "commodity_2023": "Corn",
        "drainage_class": "Somewhat Poor",
        "organic_matter_pct": 2.9,
        "pH": 6.5,
        "CEC_meq_100g": 13.8,
        "topsoil_depth_cm": 25,
        "field_acres": 209,
        "latitude": 42.03,
        "longitude": -93.49,
        "yield_2023_bu_ac": 213.6,
        "yield_2024_bu_ac": 202.7,
        "yield_2025_bu_ac": 197.1
      }
    },
    {
      "type": "Feature",
      "geometry": {
        "type": "Polygon",
        "coordinates": [
          [
            [
              -93.54447,
              41.78
            ],
            [
              -93.54609,
              41.782933
            ],
            [
              -93.55,
              41.784148
            ],
            [
              -93.55391,
              41.782933
            ],
            [
              -93.55553,
              41.78
            ],
            [
              -93.55391,
              41.777067
            ],
            [
              -93.55,
              41.775852
            ],
            [
              -93.54609,
              41.777067
            ],
            [
              -93.54447,
              41.78
            ]
          ]
        ]
      },
      "properties": {
        "field_id": "F022",
        "field_name": "Maple Grove",
        "commodity_2023": "Alfalfa",
        "drainage_class": "Poor",
        "organic_matter_pct": 2.3,
        "pH": 5.9,
        "CEC_meq_100g": 11.9,
        "topsoil_depth_cm": 17,
        "field_acres": 130,
        "latitude": 41.78,
        "longitude": -93.55,
        "yield_2023_bu_ac": 9.3,
        "yield_2024_bu_ac": 8.7,
        "yield_2025_bu_ac": 9.3
      }
    },
    {
      "type": "Feature",
      "geometry": {
        "type": "Polygon",
        "coordinates": [
          [
            [
              -93.525528,
              41.92
            ],
            [
              -93.526838,
              41.922371
            ],
            [
              -93.53,
              41.923354
            ],
            [
              -93.533162,
              41.922371
            ],
            [
              -93.534472,
              41.92
            ],
            [
              -93.533162,
              41.917629
            ],
            [
              -93.53,
              41.916646
            ],
            [
              -93.526838,
              41.917629
            ],
            [
              -93.525528,
              41.92
            ]
          ]
        ]
      },
      "properties": {
        "field_id": "F023",
        "field_name": "Red Oak",
        "commodity_2023": "Soybeans",
        "drainage_class": "Well",
        "organic_matter_pct": 4.1,
        "pH": 6.3,
        "CEC_meq_100g": 18.9,
        "topsoil_depth_cm": 40,
        "field_acres": 85,
        "latitude": 41.92,
        "longitude": -93.53,
        "yield_2023_bu_ac": 74.1,
        "yield_2024_bu_ac": 78.2,
        "yield_2025_bu_ac": 73.8
      }
    },
    {
      "type": "Feature",
      "geometry": {
        "type": "Polygon",
        "coordinates": [
          [
            [
              -93.45321,
              41.77
            ],
            [
              -93.455199,
              41.773601
            ],
            [
              -93.46,
              41.775093
            ],
            [
              -93.464801,
              41.773601
            ],
            [
              -93.46679,
              41.77
            ],
            [
              -93.464801,
              41.766399
            ],
            [
              -93.46,
              41.764907
            ],
            [
              -93.455199,
              41.766399
            ],
            [
              -93.45321,
              41.77
            ]
          ]
        ]
      },
      "properties": {
        "field_id": "F024",
        "field_name": "Silver Lake",
        "commodity_2023": "Soybeans",
        "drainage_class": "Moderately Well",
        "organic_matter_pct": 2.9,
        "pH": 6.5,
        "CEC_meq_100g": 18.1,
        "topsoil_depth_cm": 20,
        "field_acres": 196,
        "latitude": 41.77,
        "longitude": -93.46,
        "yield_2023_bu_ac": 58.4,
        "yield_2024_bu_ac": 60.6,
        "yield_2025_bu_ac": 66.9
      }
    },
    {
      "type": "Feature",
      "geometry": {
        "type": "Polygon",
        "coordinates": [
          [
            [
              -93.723658,
              41.9
            ],
            [
              -93.725515,
              41.903364
            ],
            [
              -93.73,
              41.904757
            ],
            [
              -93.734485,
              41.903364
            ],
            [
              -93.736342,
              41.9
            ],
            [
              -93.734485,
              41.896636
            ],
            [
              -93.73,
              41.895243
            ],
            [
              -93.725515,
              41.896636
            ],
            [
              -93.723658,
              41.9
            ]
          ]
        ]
      },
      "properties": {
        "field_id": "F025",
        "field_name": "Hickory Hill",
        "commodity_2023": "Alfalfa",
        "drainage_class": "Moderately Well",
        "organic_matter_pct": 3.2,
        "pH": 7.0,
        "CEC_meq_100g": 14.5,
        "topsoil_depth_cm": 23,
        "field_acres": 171,
        "latitude": 41.9,
        "longitude": -93.73,
        "yield_2023_bu_ac": 9.7,
        "yield_2024_bu_ac": 10.5,
        "yield_2025_bu_ac": 9.5
      }
    },
    {
      "type": "Feature",
      "geometry": {
        "type": "Polygon",
        "coordinates": [
          [
            [
              -93.443903,
              41.78
            ],
            [
              -93.445689,
              41.783233
            ],
            [
              -93.45,
              41.784572
            ],
            [
              -93.454311,
              41.783233
            ],
            [
              -93.456097,
              41.78
            ],
            [
              -93.454311,
              41.776767
            ],
            [
              -93.45,
              41.775428
            ],
            [
              -93.445689,
              41.776767
            ],
            [
              -93.443903,
              41.78
            ]
          ]
        ]
      },
      "properties": {
        "field_id": "F026",
        "field_name": "Walnut Farm",
        "commodity_2023": "Soybeans",
        "drainage_class": "Well",
        "organic_matter_pct": 4.9,
        "pH": 5.6,
        "CEC_meq_100g": 24.7,
        "topsoil_depth_cm": 41,
        "field_acres": 158,
        "latitude": 41.78,
        "longitude": -93.45,
        "yield_2023_bu_ac": 79.7,
        "yield_2024_bu_ac": 84.1,
        "yield_2025_bu_ac": 85.4
      }
    },
    {
      "type": "Feature",
      "geometry": {
        "type": "Polygon",
        "coordinates": [
          [
            [
              -93.522347,
              41.92
            ],
            [
              -93.524588,
              41.924059
            ],
            [
              -93.53,
              41.92574
            ],
            [
              -93.535412,
              41.924059
            ],
            [
              -93.537653,
              41.92
            ],
            [
              -93.535412,
              41.915941
            ],
            [
              -93.53,
              41.91426
            ],
            [
              -93.524588,
              41.915941
            ],
            [
              -93.522347,
              41.92
            ]
          ]
        ]
      },
      "properties": {
        "field_id": "F027",
        "field_name": "Chestnut Field",
        "commodity_2023": "Corn",
        "drainage_class": "Moderately Well",
        "organic_matter_pct": 3.0,
        "pH": 7.3,
        "CEC_meq_100g": 18.2,
        "topsoil_depth_cm": 26,
        "field_acres": 249,
        "latitude": 41.92,
        "longitude": -93.53,
        "yield_2023_bu_ac": 203.9,
        "yield_2024_bu_ac": 219.9,
        "yield_2025_bu_ac": 222.8
      }
    },
    {
      "type": "Feature",
      "geometry": {
        "type": "Polygon",
        "coordinates": [
          [
            [
              -93.66321,
              42.03
            ],
            [
              -93.665199,
              42.033601
            ],
            [
              -93.67,
              42.035093
            ],
            [
              -93.674801,
              42.033601
            ],
            [
              -93.67679,
              42.03
            ],
            [
              -93.674801,
              42.026399
            ],
            [
              -93.67,
              42.024907
            ],
            [
              -93.665199,
              42.026399
            ],
            [
              -93.66321,
              42.03
            ]
          ]
        ]
      },
      "properties": {
        "field_id": "F028",
        "field_name": "Sycamore Plot",
        "commodity_2023": "Corn",
        "drainage_class": "Poor",
        "organic_matter_pct": 1.7,
        "pH": 5.5,
        "CEC_meq_100g": 9.9,
        "topsoil_depth_cm": 14,
        "field_acres": 196,
        "latitude": 42.03,
        "longitude": -93.67,
        "yield_2023_bu_ac": 197.2,
        "yield_2024_bu_ac": 183.8,
        "yield_2025_bu_ac": 187.0
      }
    },
    {
      "type": "Feature",
      "geometry": {
        "type": "Polygon",
        "coordinates": [
          [
            [
              -93.602565,
              41.81
            ],
            [
              -93.604743,
              41.813943
            ],
            [
              -93.61,
              41.815576
            ],
            [
              -93.615257,
              41.813943
            ],
            [
              -93.617435,
              41.81
            ],
            [
              -93.615257,
              41.806057
            ],
            [
              -93.61,
              41.804424
            ],
            [
              -93.604743,
              41.806057
            ],
            [
              -93.602565,
              41.81
            ]
          ]
        ]
      },
      "properties": {
        "field_id": "F029",
        "field_name": "Cottonwood",
        "commodity_2023": "Soybeans",
        "drainage_class": "Somewhat Poor",
        "organic_matter_pct": 3.5,
        "pH": 7.3,
        "CEC_meq_100g": 14.2,
        "topsoil_depth_cm": 25,
        "field_acres": 235,
        "latitude": 41.81,
        "longitude": -93.61,
        "yield_2023_bu_ac": 60.6,
        "yield_2024_bu_ac": 61.0,
        "yield_2025_bu_ac": 61.9
      }
    },
    {
      "type": "Feature",
      "geometry": {
        "type": "Polygon",
        "coordinates": [
          [
            [
              -93.61503,
              41.93
            ],
            [
              -93.616486,
              41.932636
            ],
            [
              -93.62,
              41.933727
            ],
            [
              -93.623514,
              41.932636
            ],
            [
              -93.62497,
              41.93
            ],
            [
              -93.623514,
              41.927364
            ],
            [
              -93.62,
              41.926273
            ],
            [
              -93.616486,
              41.927364
            ],
            [
              -93.61503,
              41.93
            ]
          ]
        ]
      },
      "properties": {
        "field_id": "F030",
        "field_name": "Aspen Ridge",
        "commodity_2023": "Alfalfa",
        "drainage_class": "Well",
        "organic_matter_pct": 4.9,
        "pH": 5.8,
        "CEC_meq_100g": 22.3,
        "topsoil_depth_cm": 39,
        "field_acres": 105,
        "latitude": 41.93,
        "longitude": -93.62,
        "yield_2023_bu_ac": 12.2,
        "yield_2024_bu_ac": 11.5,
        "yield_2025_bu_ac": 10.7
      }
    },
    {
      "type": "Feature",
      "geometry": {
        "type": "Polygon",
        "coordinates": [
          [
            [
              -93.726403,
              41.83
            ],
            [
              -93.727457,
              41.831908
            ],
            [
              -93.73,
              41.832698
            ],
            [
              -93.732543,
              41.831908
            ],
            [
              -93.733597,
              41.83
            ],
            [
              -93.732543,
              41.828092
            ],
            [
              -93.73,
              41.827302
            ],
            [
              -93.727457,
              41.828092
            ],
            [
              -93.726403,
              41.83
            ]
          ]
        ]
      },
      "properties": {
        "field_id": "F031",
        "field_name": "River Bend",
        "commodity_2023": "Alfalfa",
        "drainage_class": "Somewhat Poor",
        "organic_matter_pct": 3.2,
        "pH": 7.2,
        "CEC_meq_100g": 15.9,
        "topsoil_depth_cm": 24,
        "field_acres": 55,
        "latitude": 41.83,
        "longitude": -93.73,
        "yield_2023_bu_ac": 10.2,
        "yield_2024_bu_ac": 9.9,
        "yield_2025_bu_ac": 10.3
      }
    },
    {
      "type": "Feature",
      "geometry": {
        "type": "Polygon",
        "coordinates": [
          [
            [
              -93.634665,
              41.94
            ],
            [
              -93.636227,
              41.942829
            ],
            [
              -93.64,
              41.944001
            ],
            [
              -93.643773,
              41.942829
            ],
            [
              -93.645335,
              41.94
            ],
            [
              -93.643773,
              41.937171
            ],
            [
              -93.64,
              41.935999
            ],
            [
              -93.636227,
              41.937171
            ],
            [
              -93.634665,
              41.94
            ]
          ]
        ]
      },
      "properties": {
        "field_id": "F032",
        "field_name": "Hillcrest",
        "commodity_2023": "Wheat",
        "drainage_class": "Moderately Well",
        "organic_matter_pct": 3.7,
        "pH": 7.4,
        "CEC_meq_100g": 19.7,
        "topsoil_depth_cm": 28,
        "field_acres": 121,
        "latitude": 41.94,
        "longitude": -93.64,
        "yield_2023_bu_ac": 57.2,
        "yield_2024_bu_ac": 61.9,
        "yield_2025_bu_ac": 61.7
      }
    },
    {
      "type": "Feature",
      "geometry": {
        "type": "Polygon",
        "coordinates": [
          [
            [
              -93.47247,
              41.99
            ],
            [
              -93.474676,
              41.993993
            ],
            [
              -93.48,
              41.995647
            ],
            [
              -93.485324,
              41.993993
            ],
            [
              -93.48753,
              41.99
            ],
            [
              -93.485324,
              41.986007
            ],
            [
              -93.48,
              41.984353
            ],
            [
              -93.474676,
              41.986007
            ],
            [
              -93.47247,
              41.99
            ]
          ]
        ]
      },
      "properties": {
        "field_id": "F033",
        "field_name": "Farmers Fields",
        "commodity_2023": "Wheat",
        "drainage_class": "Moderately Well",
        "organic_matter_pct": 3.8,
        "pH": 6.5,
        "CEC_meq_100g": 17.3,
        "topsoil_depth_cm": 28,
        "field_acres": 241,
        "latitude": 41.99,
        "longitude": -93.48,
        "yield_2023_bu_ac": 53.8,
        "yield_2024_bu_ac": 57.1,
        "yield_2025_bu_ac": 59.5
      }
    },
    {
      "type": "Feature",
      "geometry": {
        "type": "Polygon",
        "coordinates": [
          [
            [
              -93.514406,
              42.0
            ],
            [
              -93.516045,
              42.002966
            ],
            [
              -93.52,
              42.004195
            ],
            [
              -93.523955,
              42.002966
            ],
            [
              -93.525594,
              42.0
            ],
            [
              -93.523955,
              41.997034
            ],
            [
              -93.52,
              41.995805
            ],
            [
              -93.516045,
              41.997034
            ],
            [
              -93.514406,
              42.0
            ]
          ]
        ]
      },
      "properties": {
        "field_id": "F034",
        "field_name": "Green Pasture",
        "commodity_2023": "Soybeans",
        "drainage_class": "Moderately Well",
        "organic_matter_pct": 2.6,
        "pH": 6.5,
        "CEC_meq_100g": 18.4,
        "topsoil_depth_cm": 31,
        "field_acres": 133,
        "latitude": 42.0,
        "longitude": -93.52,
        "yield_2023_bu_ac": 65.4,
        "yield_2024_bu_ac": 70.6,
        "yield_2025_bu_ac": 65.8
      }
    },
    {
      "type": "Feature",
      "geometry": {
        "type": "Polygon",
        "coordinates": [
          [
            [
              -93.693658,
              41.95
            ],
            [
              -93.695515,
              41.953364
            ],
            [
              -93.7,
              41.954757
            ],
            [
              -93.704485,
              41.953364
            ],
            [
              -93.706342,
              41.95
            ],
            [
              -93.704485,
              41.946636
            ],
            [
              -93.7,
              41.945243
            ],
            [
              -93.695515,
              41.946636
            ],
            [
              -93.693658,
              41.95
            ]
          ]
        ]
      },
      "properties": {
        "field_id": "F035",
        "field_name": "Sunny Meadow",
        "commodity_2023": "Corn",
        "drainage_class": "Poor",
        "organic_matter_pct": 2.0,
        "pH": 5.9,
        "CEC_meq_100g": 9.0,
        "topsoil_depth_cm": 15,
        "field_acres": 171,
        "latitude": 41.95,
        "longitude": -93.7,
        "yield_2023_bu_ac": 183.1,
        "yield_2024_bu_ac": 201.0,
        "yield_2025_bu_ac": 186.7
      }
    },
    {
      "type": "Feature",
      "geometry": {
        "type": "Polygon",
        "coordinates": [
          [
            [
              -93.593942,
              41.96
            ],
            [
              -93.595716,
              41.963213
            ],
            [
              -93.6,
              41.964543
            ],
            [
              -93.604284,
              41.963213
            ],
            [
              -93.606058,
              41.96
            ],
            [
              -93.604284,
              41.956787
            ],
            [
              -93.6,
              41.955457
            ],
            [
              -93.595716,
              41.956787
            ],
            [
              -93.593942,
              41.96
            ]
          ]
        ]
      },
      "properties": {
        "field_id": "F036",
        "field_name": "Golden Fields",
        "commodity_2023": "Soybeans",
        "drainage_class": "Poor",
        "organic_matter_pct": 1.3,
        "pH": 6.2,
        "CEC_meq_100g": 7.7,
        "topsoil_depth_cm": 11,
        "field_acres": 156,
        "latitude": 41.96,
        "longitude": -93.6,
        "yield_2023_bu_ac": 51.2,
        "yield_2024_bu_ac": 42.6,
        "yield_2025_bu_ac": 44.8
      }
    },
    {
      "type": "Feature",
      "geometry": {
        "type": "Polygon",
        "coordinates": [
          [
            [
              -93.473942,
              41.96
            ],
            [
              -93.475716,
              41.963213
            ],
            [
              -93.48,
              41.964543
            ],
            [
              -93.484284,
              41.963213
            ],
            [
              -93.486058,
              41.96
            ],
            [
              -93.484284,
              41.956787
            ],
            [
              -93.48,
              41.955457
            ],
            [
              -93.475716,
              41.956787
            ],
            [
              -93.473942,
              41.96
            ]
          ]
        ]
      },
      "properties": {
        "field_id": "F037",
        "field_name": "Old Orchard",
        "commodity_2023": "Corn",
        "drainage_class": "Poor",
        "organic_matter_pct": 2.0,
        "pH": 6.6,
        "CEC_meq_100g": 12.9,
        "topsoil_depth_cm": 19,
        "field_acres": 156,
        "latitude": 41.96,
        "longitude": -93.48,
        "yield_2023_bu_ac": 197.2,
        "yield_2024_bu_ac": 184.5,
        "yield_2025_bu_ac": 194.7
      }
    },
    {
      "type": "Feature",
      "geometry": {
        "type": "Polygon",
        "coordinates": [
          [
            [
              -93.503903,
              41.95
            ],
            [
              -93.505689,
              41.953233
            ],
            [
              -93.51,
              41.954572
            ],
            [
              -93.514311,
              41.953233
            ],
            [
              -93.516097,
              41.95
            ],
            [
              -93.514311,
              41.946767
            ],
            [
              -93.51,
              41.945428
            ],
            [
              -93.505689,
              41.946767
            ],
            [
              -93.503903,
              41.95
            ]
          ]
        ]
      },
      "properties": {
        "field_id": "F038",
        "field_name": "Wildflower",
        "commodity_2023": "Wheat",
        "drainage_class": "Somewhat Poor",
        "organic_matter_pct": 2.2,
        "pH": 6.2,
        "CEC_meq_100g": 14.4,
        "topsoil_depth_cm": 16,
        "field_acres": 158,
        "latitude": 41.95,
        "longitude": -93.51,
        "yield_2023_bu_ac": 49.8,
        "yield_2024_bu_ac": 50.8,
        "yield_2025_bu_ac": 52.3
      }
    },
    {
      "type": "Feature",
      "geometry": {
        "type": "Polygon",
        "coordinates": [
          [
            [
              -93.693846,
              41.78
            ],
            [
              -93.695648,
              41.783264
            ],
            [
              -93.7,
              41.784616
            ],
            [
              -93.704352,
              41.783264
            ],
            [
              -93.706154,
              41.78
            ],
            [
              -93.704352,
              41.776736
            ],
            [
              -93.7,
              41.775384
            ],
            [
              -93.695648,
              41.776736
            ],
            [
              -93.693846,
              41.78
            ]
          ]
        ]
      },
      "properties": {
        "field_id": "F039",
        "field_name": "Clover Creek",
        "commodity_2023": "Wheat",
        "drainage_class": "Well",
        "organic_matter_pct": 4.4,
        "pH": 6.0,
        "CEC_meq_100g": 19.0,
        "topsoil_depth_cm": 37,
        "field_acres": 161,
        "latitude": 41.78,
        "longitude": -93.7,
        "yield_2023_bu_ac": 64.8,
        "yield_2024_bu_ac": 65.1,
        "yield_2025_bu_ac": 66.1
      }
    },
    {
      "type": "Feature",
      "geometry": {
        "type": "Polygon",
        "coordinates": [
          [
            [
              -93.692676,
              41.83
            ],
            [
              -93.694821,
              41.833884
            ],
            [
              -93.7,
              41.835493
            ],
            [
              -93.705179,
              41.833884
            ],
            [
              -93.707324,
              41.83
            ],
            [
              -93.705179,
              41.826116
            ],
            [
              -93.7,
              41.824507
            ],
            [
              -93.694821,
              41.826116
            ],
            [
              -93.692676,
              41.83
            ]
          ]
        ]
      },
      "properties": {
        "field_id": "F040",
        "field_name": "Marsh View",
        "commodity_2023": "Wheat",
        "drainage_class": "Poor",
        "organic_matter_pct": 2.3,
        "pH": 6.3,
        "CEC_meq_100g": 7.3,
        "topsoil_depth_cm": 17,
        "field_acres": 228,
        "latitude": 41.83,
        "longitude": -93.7,
        "yield_2023_bu_ac": 45.9,
        "yield_2024_bu_ac": 44.9,
        "yield_2025_bu_ac": 43.1
      }
    },
    {
      "type": "Feature",
      "geometry": {
        "type": "Polygon",
        "coordinates": [
          [
            [
              -93.464556,
              41.9
            ],
            [
              -93.46615,
              41.902887
            ],
            [
              -93.47,
              41.904083
            ],
            [
              -93.47385,
              41.902887
            ],
            [
              -93.475444,
              41.9
            ],
            [
              -93.47385,
              41.897113
            ],
            [
              -93.47,
              41.895917
            ],
            [
              -93.46615,
              41.897113
            ],
            [
              -93.464556,
              41.9
            ]
          ]
        ]
      },
      "properties": {
        "field_id": "F041",
        "field_name": "Riverside",
        "commodity_2023": "Soybeans",
        "drainage_class": "Somewhat Poor",
        "organic_matter_pct": 3.2,
        "pH": 6.6,
        "CEC_meq_100g": 11.1,
        "topsoil_depth_cm": 16,
        "field_acres": 126,
        "latitude": 41.9,
        "longitude": -93.47,
        "yield_2023_bu_ac": 60.4,
        "yield_2024_bu_ac": 55.6,
        "yield_2025_bu_ac": 58.4
      }
    },
    {
      "type": "Feature",
      "geometry": {
        "type": "Polygon",
        "coordinates": [
          [
            [
              -93.482533,
              41.78
            ],
            [
              -93.48472,
              41.78396
            ],
            [
              -93.49,
              41.7856
            ],
            [
              -93.49528,
              41.78396
            ],
            [
              -93.497467,
              41.78
            ],
            [
              -93.49528,
              41.77604
            ],
            [
              -93.49,
              41.7744
            ],
            [
              -93.48472,
              41.77604
            ],
            [
              -93.482533,
              41.78
            ]
          ]
        ]
      },
      "properties": {
        "field_id": "F042",
        "field_name": "Lakeside",
        "commodity_2023": "Soybeans",
        "drainage_class": "Moderately Well",
        "organic_matter_pct": 3.3,
        "pH": 5.7,
        "CEC_meq_100g": 15.2,
        "topsoil_depth_cm": 24,
        "field_acres": 237,
        "latitude": 41.78,
        "longitude": -93.49,
        "yield_2023_bu_ac": 71.0,
        "yield_2024_bu_ac": 62.6,
        "yield_2025_bu_ac": 68.6
      }
    },
    {
      "type": "Feature",
      "geometry": {
        "type": "Polygon",
        "coordinates": [
          [
            [
              -93.583475,
              41.95
            ],
            [
              -93.585386,
              41.953461
            ],
            [
              -93.59,
              41.954894
            ],
            [
              -93.594614,
              41.953461
            ],
            [
              -93.596525,
              41.95
            ],
            [
              -93.594614,
              41.946539
            ],
            [
              -93.59,
              41.945106
            ],
            [
              -93.585386,
              41.946539
            ],
            [
              -93.583475,
              41.95
            ]
          ]
        ]
      },
      "properties": {
        "field_id": "F043",
        "field_name": "Mountain View",
        "commodity_2023": "Corn",
        "drainage_class": "Poor",
        "organic_matter_pct": 1.7,
        "pH": 7.0,
        "CEC_meq_100g": 12.6,
        "topsoil_depth_cm": 17,
        "field_acres": 181,
        "latitude": 41.95,
        "longitude": -93.59,
        "yield_2023_bu_ac": 180.1,
        "yield_2024_bu_ac": 188.3,
        "yield_2025_bu_ac": 191.1
      }
    },
    {
      "type": "Feature",
      "geometry": {
        "type": "Polygon",
        "coordinates": [
          [
            [
              -93.614776,
              41.91
            ],
            [
              -93.616306,
              41.91277
            ],
            [
              -93.62,
              41.913918
            ],
            [
              -93.623694,
              41.91277
            ],
            [
              -93.625224,
              41.91
            ],
            [
              -93.623694,
              41.90723
            ],
            [
              -93.62,
              41.906082
            ],
            [
              -93.616306,
              41.90723
            ],
            [
              -93.614776,
              41.91
            ]
          ]
        ]
      },
      "properties": {
        "field_id": "F044",
        "field_name": "Valley View",
        "commodity_2023": "Alfalfa",
        "drainage_class": "Somewhat Poor",
        "organic_matter_pct": 2.6,
        "pH": 7.3,
        "CEC_meq_100g": 12.8,
        "topsoil_depth_cm": 16,
        "field_acres": 116,
        "latitude": 41.91,
        "longitude": -93.62,
        "yield_2023_bu_ac": 9.3,
        "yield_2024_bu_ac": 8.8,
        "yield_2025_bu_ac": 8.4
      }
    },
    {
      "type": "Feature",
      "geometry": {
        "type": "Polygon",
        "coordinates": [
          [
            [
              -93.645476,
              42.01
            ],
            [
              -93.646801,
              42.012399
            ],
            [
              -93.65,
              42.013393
            ],
            [
              -93.653199,
              42.012399
            ],
            [
              -93.654524,
              42.01
            ],
            [
              -93.653199,
              42.007601
            ],
            [
              -93.65,
              42.006607
            ],
            [
              -93.646801,
              42.007601
            ],
            [
              -93.645476,
              42.01
            ]
          ]
        ]
      },
      "properties": {
        "field_id": "F045",
        "field_name": "Forest Edge",
        "commodity_2023": "Wheat",
        "drainage_class": "Well",
        "organic_matter_pct": 4.5,
        "pH": 6.0,
        "CEC_meq_100g": 23.9,
        "topsoil_depth_cm": 36,
        "field_acres": 87,
        "latitude": 42.01,
        "longitude": -93.65,
        "yield_2023_bu_ac": 66.9,
        "yield_2024_bu_ac": 65.3,
        "yield_2025_bu_ac": 66.1
      }
    },
    {
      "type": "Feature",
      "geometry": {
        "type": "Polygon",
        "coordinates": [
          [
            [
              -93.475476,
              41.8
            ],
            [
              -93.476801,
              41.802399
            ],
            [
              -93.48,
              41.803393
            ],
            [
              -93.483199,
              41.802399
            ],
            [
              -93.484524,
              41.8
            ],
            [
              -93.483199,
              41.797601
            ],
            [
              -93.48,
              41.796607
            ],
            [
              -93.476801,
              41.797601
            ],
            [
              -93.475476,
              41.8
            ]
          ]
        ]
      },
      "properties": {
        "field_id": "F046",
        "field_name": "Woodland",
        "commodity_2023": "Alfalfa",
        "drainage_class": "Somewhat Poor",
        "organic_matter_pct": 3.2,
        "pH": 6.7,
        "CEC_meq_100g": 10.9,
        "topsoil_depth_cm": 17,
        "field_acres": 87,
        "latitude": 41.8,
        "longitude": -93.48,
        "yield_2023_bu_ac": 8.9,
        "yield_2024_bu_ac": 9.3,
        "yield_2025_bu_ac": 9.0
      }
    },
    {
      "type": "Feature",
      "geometry": {
        "type": "Polygon",
        "coordinates": [
          [
            [
              -93.72515,
              41.86
            ],
            [
              -93.72657,
              41.862572
            ],
            [
              -93.73,
              41.863638
            ],
            [
              -93.73343,
              41.862572
            ],
            [
              -93.73485,
              41.86
            ],
            [
              -93.73343,
              41.857428
            ],
            [
              -93.73,
              41.856362
            ],
            [
              -93.72657,
              41.857428
            ],
            [
              -93.72515,
              41.86
            ]
          ]
        ]
      },
      "properties": {
        "field_id": "F047",
        "field_name": "Stone Creek",
        "commodity_2023": "Wheat",
        "drainage_class": "Poor",
        "organic_matter_pct": 2.0,
        "pH": 7.1,
        "CEC_meq_100g": 10.0,
        "topsoil_depth_cm": 13,
        "field_acres": 100,
        "latitude": 41.86,
        "longitude": -93.73,
        "yield_2023_bu_ac": 43.4,
        "yield_2024_bu_ac": 45.4,
        "yield_2025_bu_ac": 45.3
      }
    },
    {
      "type": "Feature",
      "geometry": {
        "type": "Polygon",
        "coordinates": [
          [
            [
              -93.503751,
              41.85
            ],
            [
              -93.505581,
              41.853314
            ],
            [
              -93.51,
              41.854687
            ],
            [
              -93.514419,
              41.853314
            ],
            [
              -93.516249,
              41.85
            ],
            [
              -93.514419,
              41.846686
            ],
            [
              -93.51,
              41.845313
            ],
            [
              -93.505581,
              41.846686
            ],
            [
              -93.503751,
              41.85
            ]
          ]
        ]
      },
      "properties": {
        "field_id": "F048",
        "field_name": "Sand Ridge",
        "commodity_2023": "Wheat",
        "drainage_class": "Poor",
        "organic_matter_pct": 1.5,
        "pH": 6.5,
        "CEC_meq_100g": 8.0,
        "topsoil_depth_cm": 10,
        "field_acres": 166,
        "latitude": 41.85,
        "longitude": -93.51,
        "yield_2023_bu_ac": 46.1,
        "yield_2024_bu_ac": 41.2,
        "yield_2025_bu_ac": 44.2
      }
    },
    {
      "type": "Feature",
      "geometry": {
        "type": "Polygon",
        "coordinates": [
          [
            [
              -93.634867,
              42.02
            ],
            [
              -93.63637,
              42.022722
            ],
            [
              -93.64,
              42.02385
            ],
            [
              -93.64363,
              42.022722
            ],
            [
              -93.645133,
              42.02
            ],
            [
              -93.64363,
              42.017278
            ],
            [
              -93.64,
              42.01615
            ],
            [
              -93.63637,
              42.017278
            ],
            [
              -93.634867,
              42.02
            ]
          ]
        ]
      },
      "properties": {
        "field_id": "F049",
        "field_name": "Rocky Hill",
        "commodity_2023": "Soybeans",
        "drainage_class": "Well",
        "organic_matter_pct": 4.2,
        "pH": 7.3,
        "CEC_meq_100g": 20.8,
        "topsoil_depth_cm": 38,
        "field_acres": 112,
        "latitude": 42.02,
        "longitude": -93.64,
        "yield_2023_bu_ac": 73.6,
        "yield_2024_bu_ac": 73.0,
        "yield_2025_bu_ac": 72.9
      }
    },
    {
      "type": "Feature",
      "geometry": {
        "type": "Polygon",
        "coordinates": [
          [
            [
              -93.685716,
              42.02
            ],
            [
              -93.686971,
              42.022272
            ],
            [
              -93.69,
              42.023213
            ],
            [
              -93.693029,
              42.022272
            ],
            [
              -93.694284,
              42.02
            ],
            [
              -93.693029,
              42.017728
            ],
            [
              -93.69,
              42.016787
            ],
            [
              -93.686971,
              42.017728
            ],
            [
              -93.685716,
              42.02
            ]
          ]
        ]
      },
      "properties": {
        "field_id": "F050",
        "field_name": "Quiet Acres",
        "commodity_2023": "Corn",
        "drainage_class": "Poor",
        "organic_matter_pct": 2.4,
        "pH": 6.7,
        "CEC_meq_100g": 7.9,
        "topsoil_depth_cm": 17,
        "field_acres": 78,
        "latitude": 42.02,
        "longitude": -93.69,
        "yield_2023_bu_ac": 204.2,
        "yield_2024_bu_ac": 196.8,
        "yield_2025_bu_ac": 210.6
      }
    },
    {
      "type": "Feature",
      "geometry": {
        "type": "Polygon",
        "coordinates": [
          [
            [
              -93.663884,
              41.98
            ],
            [
              -93.665675,
              41.983243
            ],
            [
              -93.67,
              41.984587
            ],
            [
              -93.674325,
              41.983243
            ],
            [
              -93.676116,
              41.98
            ],
            [
              -93.674325,
              41.976757
            ],
            [
              -93.67,
              41.975413
            ],
            [
              -93.665675,
              41.976757
            ],
            [
              -93.663884,
              41.98
            ]
          ]
        ]
      },
      "properties": {
        "field_id": "F051",
        "field_name": "Hidden Valley",
        "commodity_2023": "Wheat",
        "drainage_class": "Poor",
        "organic_matter_pct": 2.2,
        "pH": 7.0,
        "CEC_meq_100g": 9.7,
        "topsoil_depth_cm": 11,
        "field_acres": 159,
        "latitude": 41.98,
        "longitude": -93.67,
        "yield_2023_bu_ac": 48.1,
        "yield_2024_bu_ac": 50.9,
        "yield_2025_bu_ac": 52.6
      }
    },
    {
      "type": "Feature",
      "geometry": {
        "type": "Polygon",
        "coordinates": [
          [
            [
              -93.504323,
              41.97
            ],
            [
              -93.505986,
              41.973011
            ],
            [
              -93.51,
              41.974258
            ],
            [
              -93.514014,
              41.973011
            ],
            [
              -93.515677,
              41.97
            ],
            [
              -93.514014,
              41.966989
            ],
            [
              -93.51,
              41.965742
            ],
            [
              -93.505986,
              41.966989
            ],
            [
              -93.504323,
              41.97
            ]
          ]
        ]
      },
      "properties": {
        "field_id": "F052",
        "field_name": "Dew Point",
        "commodity_2023": "Alfalfa",
        "drainage_class": "Well",
        "organic_matter_pct": 4.8,
        "pH": 6.7,
        "CEC_meq_100g": 18.2,
        "topsoil_depth_cm": 38,
        "field_acres": 137,
        "latitude": 41.97,
        "longitude": -93.51,
        "yield_2023_bu_ac": 11.8,
        "yield_2024_bu_ac": 12.0,
        "yield_2025_bu_ac": 12.0
      }
    },
    {
      "type": "Feature",
      "geometry": {
        "type": "Polygon",
        "coordinates": [
          [
            [
              -93.493192,
              42.02
            ],
            [
              -93.495186,
              42.02361
            ],
            [
              -93.5,
              42.025106
            ],
            [
              -93.504814,
              42.02361
            ],
            [
              -93.506808,
              42.02
            ],
            [
              -93.504814,
              42.01639
            ],
            [
              -93.5,
              42.014894
            ],
            [
              -93.495186,
              42.01639
            ],
            [
              -93.493192,
              42.02
            ]
          ]
        ]
      },
      "properties": {
        "field_id": "F053",
        "field_name": "Morning Mist",
        "commodity_2023": "Alfalfa",
        "drainage_class": "Well",
        "organic_matter_pct": 3.8,
        "pH": 5.9,
        "CEC_meq_100g": 21.3,
        "topsoil_depth_cm": 37,
        "field_acres": 197,
        "latitude": 42.02,
        "longitude": -93.5,
        "yield_2023_bu_ac": 10.4,
        "yield_2024_bu_ac": 11.4,
        "yield_2025_bu_ac": 10.5
      }
    },
    {
      "type": "Feature",
      "geometry": {
        "type": "Polygon",
        "coordinates": [
          [
            [
              -93.503808,
              42.02
            ],
            [
              -93.505621,
              42.023284
            ],
            [
              -93.51,
              42.024644
            ],
            [
              -93.514379,
              42.023284
            ],
            [
              -93.516192,
              42.02
            ],
            [
              -93.514379,
              42.016716
            ],
            [
              -93.51,
              42.015356
            ],
            [
              -93.505621,
              42.016716
            ],
            [
              -93.503808,
              42.02
            ]
          ]
        ]
      },
      "properties": {
        "field_id": "F054",
        "field_name": "Evening Shade",
        "commodity_2023": "Wheat",
        "drainage_class": "Somewhat Poor",
        "organic_matter_pct": 2.9,
        "pH": 7.0,
        "CEC_meq_100g": 12.5,
        "topsoil_depth_cm": 18,
        "field_acres": 163,
        "latitude": 42.02,
        "longitude": -93.51,
        "yield_2023_bu_ac": 43.7,
        "yield_2024_bu_ac": 46.1,
        "yield_2025_bu_ac": 48.9
      }
    },
    {
      "type": "Feature",
      "geometry": {
        "type": "Polygon",
        "coordinates": [
          [
            [
              -93.623658,
              41.77
            ],
            [
              -93.625515,
              41.773364
            ],
            [
              -93.63,
              41.774757
            ],
            [
              -93.634485,
              41.773364
            ],
            [
              -93.636342,
              41.77
            ],
            [
              -93.634485,
              41.766636
            ],
            [
              -93.63,
              41.765243
            ],
            [
              -93.625515,
              41.766636
            ],
            [
              -93.623658,
              41.77
            ]
          ]
        ]
      },
      "properties": {
        "field_id": "F055",
        "field_name": "Sunrise Field",
        "commodity_2023": "Corn",
        "drainage_class": "Somewhat Poor",
        "organic_matter_pct": 2.3,
        "pH": 5.5,
        "CEC_meq_100g": 13.9,
        "topsoil_depth_cm": 17,
        "field_acres": 171,
        "latitude": 41.77,
        "longitude": -93.63,
        "yield_2023_bu_ac": 209.9,
        "yield_2024_bu_ac": 191.5,
        "yield_2025_bu_ac": 192.5
      }
    },
    {
      "type": "Feature",
      "geometry": {
        "type": "Polygon",
        "coordinates": [
          [
            [
              -93.452455,
              41.86
            ],
            [
              -93.454665,
              41.864001
            ],
            [
              -93.46,
              41.865659
            ],
            [
              -93.465335,
              41.864001
            ],
            [
              -93.467545,
              41.86
            ],
            [
              -93.465335,
              41.855999
            ],
            [
              -93.46,
              41.854341
            ],
            [
              -93.454665,
              41.855999
            ],
            [
              -93.452455,
              41.86
            ]
          ]
        ]
      },
      "properties": {
        "field_id": "F056",
        "field_name": "Sunset Meadow",
        "commodity_2023": "Wheat",
        "drainage_class": "Well",
        "organic_matter_pct": 5.2,
        "pH": 7.2,
        "CEC_meq_100g": 22.8,
        "topsoil_depth_cm": 34,
        "field_acres": 242,
        "latitude": 41.86,
        "longitude": -93.46,
        "yield_2023_bu_ac": 66.3,
        "yield_2024_bu_ac": 71.5,
        "yield_2025_bu_ac": 67.9
      }
    },
    {
      "type": "Feature",
      "geometry": {
        "type": "Polygon",
        "coordinates": [
          [
            [
              -93.69447,
              41.91
            ],
            [
              -93.69609,
              41.912933
            ],
            [
              -93.7,
              41.914148
            ],
            [
              -93.70391,
              41.912933
            ],
            [
              -93.70553,
              41.91
            ],
            [
              -93.70391,
              41.907067
            ],
            [
              -93.7,
              41.905852
            ],
            [
              -93.69609,
              41.907067
            ],
            [
              -93.69447,
              41.91
            ]
          ]
        ]
      },
      "properties": {
        "field_id": "F057",
        "field_name": "Twilight Pasture",
        "commodity_2023": "Corn",
        "drainage_class": "Well",
        "organic_matter_pct": 4.4,
        "pH": 6.8,
        "CEC_meq_100g": 25.3,
        "topsoil_depth_cm": 33,
        "field_acres": 130,
        "latitude": 41.91,
        "longitude": -93.7,
        "yield_2023_bu_ac": 237.8,
        "yield_2024_bu_ac": 240.8,
        "yield_2025_bu_ac": 232.9
      }
    },
    {
      "type": "Feature",
      "geometry": {
        "type": "Polygon",
        "coordinates": [
          [
            [
              -93.505199,
              41.84
            ],
            [
              -93.506605,
              41.842546
            ],
            [
              -93.51,
              41.843601
            ],
            [
              -93.513395,
              41.842546
            ],
            [
              -93.514801,
              41.84
            ],
            [
              -93.513395,
              41.837454
            ],
            [
              -93.51,
              41.836399
            ],
            [
              -93.506605,
              41.837454
            ],
            [
              -93.505199,
              41.84
            ]
          ]
        ]
      },
      "properties": {
        "field_id": "F058",
        "field_name": "Dawn Creek",
        "commodity_2023": "Soybeans",
        "drainage_class": "Moderately Well",
        "organic_matter_pct": 3.0,
        "pH": 6.0,
        "CEC_meq_100g": 16.1,
        "topsoil_depth_cm": 27,
        "field_acres": 98,
        "latitude": 41.84,
        "longitude": -93.51,
        "yield_2023_bu_ac": 61.7,
        "yield_2024_bu_ac": 69.8,
        "yield_2025_bu_ac": 64.8
      }
    },
    {
      "type": "Feature",
      "geometry": {
        "type": "Polygon",
        "coordinates": [
          [
            [
              -93.465248,
              42.05
            ],
            [
              -93.46664,
              42.05252
            ],
            [
              -93.47,
              42.053564
            ],
            [
              -93.47336,
              42.05252
            ],
            [
              -93.474752,
              42.05
            ],
            [
              -93.47336,
              42.04748
            ],
            [
              -93.47,
              42.046436
            ],
            [
              -93.46664,
              42.04748
            ],
            [
              -93.465248,
              42.05
            ]
          ]
        ]
      },
      "properties": {
        "field_id": "F059",
        "field_name": "Dusk Valley",
        "commodity_2023": "Wheat",
        "drainage_class": "Poor",
        "organic_matter_pct": 2.4,
        "pH": 7.2,
        "CEC_meq_100g": 11.6,
        "topsoil_depth_cm": 14,
        "field_acres": 96,
        "latitude": 42.05,
        "longitude": -93.47,
        "yield_2023_bu_ac": 43.5,
        "yield_2024_bu_ac": 49.0,
        "yield_2025_bu_ac": 53.1
      }
    },
    {
      "type": "Feature",
      "geometry": {
        "type": "Polygon",
        "coordinates": [
          [
            [
              -93.49606,
              41.85
            ],
            [
              -93.497214,
              41.85209
            ],
            [
              -93.5,
              41.852955
            ],
            [
              -93.502786,
              41.85209
            ],
            [
              -93.50394,
              41.85
            ],
            [
              -93.502786,
              41.84791
            ],
            [
              -93.5,
              41.847045
            ],
            [
              -93.497214,
              41.84791
            ],
            [
              -93.49606,
              41.85
            ]
          ]
        ]
      },
      "properties": {
        "field_id": "F060",
        "field_name": "Blue Sky",
        "commodity_2023": "Soybeans",
        "drainage_class": "Moderately Well",
        "organic_matter_pct": 3.9,
        "pH": 7.4,
        "CEC_meq_100g": 14.2,
        "topsoil_depth_cm": 27,
        "field_acres": 66,
        "latitude": 41.85,
        "longitude": -93.5,
        "yield_2023_bu_ac": 68.5,
        "yield_2024_bu_ac": 65.7,
        "yield_2025_bu_ac": 67.6
      }
    },
    {
      "type": "Feature",
      "geometry": {
        "type": "Polygon",
        "coordinates": [
          [
            [
              -93.675054,
              41.93
            ],
            [
              -93.676502,
              41.932623
            ],
            [
              -93.68,
              41.93371
            ],
            [
              -93.683498,
              41.932623
            ],
            [
              -93.684946,
              41.93
            ],
            [
              -93.683498,
              41.927377
            ],
            [
              -93.68,
              41.92629
            ],
            [
              -93.676502,
              41.927377
            ],
            [
              -93.675054,
              41.93
            ]
          ]
        ]
      },
      "properties": {
        "field_id": "F061",
        "field_name": "Green Leaf",
        "commodity_2023": "Corn",
        "drainage_class": "Poor",
        "organic_matter_pct": 2.1,
        "pH": 7.1,
        "CEC_meq_100g": 9.0,
        "topsoil_depth_cm": 17,
        "field_acres": 104,
        "latitude": 41.93,
        "longitude": -93.68,
        "yield_2023_bu_ac": 187.8,
        "yield_2024_bu_ac": 203.6,
        "yield_2025_bu_ac": 173.9
      }
    },
    {
      "type": "Feature",
      "geometry": {
        "type": "Polygon",
        "coordinates": [
          [
            [
              -93.522709,
              41.91
            ],
            [
              -93.524844,
              41.913867
            ],
            [
              -93.53,
              41.915469
            ],
            [
              -93.535156,
              41.913867
            ],
            [
              -93.537291,
              41.91
            ],
            [
              -93.535156,
              41.906133
            ],
            [
              -93.53,
              41.904531
            ],
            [
              -93.524844,
              41.906133
            ],
            [
              -93.522709,
              41.91
            ]
          ]
        ]
      },
      "properties": {
        "field_id": "F062",
        "field_name": "Golden Sun",
        "commodity_2023": "Corn",
        "drainage_class": "Moderately Well",
        "organic_matter_pct": 3.9,
        "pH": 6.5,
        "CEC_meq_100g": 18.8,
        "topsoil_depth_cm": 20,
        "field_acres": 226,
        "latitude": 41.91,
        "longitude": -93.53,
        "yield_2023_bu_ac": 210.0,
        "yield_2024_bu_ac": 217.4,
        "yield_2025_bu_ac": 215.3
      }
    },
    {
      "type": "Feature",
      "geometry": {
        "type": "Polygon",
        "coordinates": [
          [
            [
              -93.473107,
              41.93
            ],
            [
              -93.475126,
              41.933656
            ],
            [
              -93.48,
              41.93517
            ],
            [
              -93.484874,
              41.933656
            ],
            [
              -93.486893,
              41.93
            ],
            [
              -93.484874,
              41.926344
            ],
            [
              -93.48,
              41.92483
            ],
            [
              -93.475126,
              41.926344
            ],
            [
              -93.473107,
              41.93
            ]
          ]
        ]
      },
      "properties": {
        "field_id": "F063",
        "field_name": "Silver Moon",
        "commodity_2023": "Alfalfa",
        "drainage_class": "Well",
        "organic_matter_pct": 4.7,
        "pH": 5.7,
        "CEC_meq_100g": 20.2,
        "topsoil_depth_cm": 28,
        "field_acres": 202,
        "latitude": 41.93,
        "longitude": -93.48,
        "yield_2023_bu_ac": 11.2,
        "yield_2024_bu_ac": 9.9,
        "yield_2025_bu_ac": 10.5
      }
    },
    {
      "type": "Feature",
      "geometry": {
        "type": "Polygon",
        "coordinates": [
          [
            [
              -93.463658,
              42.02
            ],
            [
              -93.465515,
              42.023364
            ],
            [
              -93.47,
              42.024757
            ],
            [
              -93.474485,
              42.023364
            ],
            [
              -93.476342,
              42.02
            ],
            [
              -93.474485,
              42.016636
            ],
            [
              -93.47,
              42.015243
            ],
            [
              -93.465515,
              42.016636
            ],
            [
              -93.463658,
              42.02
            ]
          ]
        ]
      },
      "properties": {
        "field_id": "F064",
        "field_name": "Red Barn",
        "commodity_2023": "Corn",
        "drainage_class": "Moderately Well",
        "organic_matter_pct": 3.4,
        "pH": 7.4,
        "CEC_meq_100g": 17.1,
        "topsoil_depth_cm": 29,
        "field_acres": 171,
        "latitude": 42.02,
        "longitude": -93.47,
        "yield_2023_bu_ac": 223.5,
        "yield_2024_bu_ac": 215.6,
        "yield_2025_bu_ac": 223.2
      }
    },
    {
      "type": "Feature",
      "geometry": {
        "type": "Polygon",
        "coordinates": [
          [
            [
              -93.473107,
              41.79
            ],
            [
              -93.475126,
              41.793656
            ],
            [
              -93.48,
              41.79517
            ],
            [
              -93.484874,
              41.793656
            ],
            [
              -93.486893,
              41.79
            ],
            [
              -93.484874,
              41.786344
            ],
            [
              -93.48,
              41.78483
            ],
            [
              -93.475126,
              41.786344
            ],
            [
              -93.473107,
              41.79
            ]
          ]
        ]
      },
      "properties": {
        "field_id": "F065",
        "field_name": "White Fence",
        "commodity_2023": "Soybeans",
        "drainage_class": "Moderately Well",
        "organic_matter_pct": 2.7,
        "pH": 6.7,
        "CEC_meq_100g": 18.9,
        "topsoil_depth_cm": 28,
        "field_acres": 202,
        "latitude": 41.79,
        "longitude": -93.48,
        "yield_2023_bu_ac": 67.1,
        "yield_2024_bu_ac": 59.0,
        "yield_2025_bu_ac": 61.9
      }
    },
    {
      "type": "Feature",
      "geometry": {
        "type": "Polygon",
        "coordinates": [
          [
            [
              -93.48489,
              41.77
            ],
            [
              -93.486387,
              41.77271
            ],
            [
              -93.49,
              41.773833
            ],
            [
              -93.493613,
              41.77271
            ],
            [
              -93.49511,
              41.77
            ],
            [
              -93.493613,
              41.76729
            ],
            [
              -93.49,
              41.766167
            ],
            [
              -93.486387,
              41.76729
            ],
            [
              -93.48489,
              41.77
            ]
          ]
        ]
      },
      "properties": {
        "field_id": "F066",
        "field_name": "Old Mill",
        "commodity_2023": "Corn",
        "drainage_class": "Moderately Well",
        "organic_matter_pct": 2.6,
        "pH": 6.6,
        "CEC_meq_100g": 16.5,
        "topsoil_depth_cm": 24,
        "field_acres": 111,
        "latitude": 41.77,
        "longitude": -93.49,
        "yield_2023_bu_ac": 215.1,
        "yield_2024_bu_ac": 222.1,
        "yield_2025_bu_ac": 207.8
      }
    },
    {
      "type": "Feature",
      "geometry": {
        "type": "Polygon",
        "coordinates": [
          [
            [
              -93.552888,
              41.95
            ],
            [
              -93.554971,
              41.953772
            ],
            [
              -93.56,
              41.955334
            ],
            [
              -93.565029,
              41.953772
            ],
            [
              -93.567112,
              41.95
            ],
            [
              -93.565029,
              41.946228
            ],
            [
              -93.56,
              41.944666
            ],
            [
              -93.554971,
              41.946228
            ],
            [
              -93.552888,
              41.95
            ]
          ]
        ]
      },
      "properties": {
        "field_id": "F067",
        "field_name": "Country Road",
        "commodity_2023": "Soybeans",
        "drainage_class": "Moderately Well",
        "organic_matter_pct": 3.8,
        "pH": 7.2,
        "CEC_meq_100g": 18.4,
        "topsoil_depth_cm": 31,
        "field_acres": 215,
        "latitude": 41.95,
        "longitude": -93.56,
        "yield_2023_bu_ac": 65.2,
        "yield_2024_bu_ac": 72.2,
        "yield_2025_bu_ac": 73.0
      }
    },
    {
      "type": "Feature",
      "geometry": {
        "type": "Polygon",
        "coordinates": [
          [
            [
              -93.45606,
              41.94
            ],
            [
              -93.457214,
              41.94209
            ],
            [
              -93.46,
              41.942955
            ],
            [
              -93.462786,
              41.94209
            ],
            [
              -93.46394,
              41.94
            ],
            [
              -93.462786,
              41.93791
            ],
            [
              -93.46,
              41.937045
            ],
            [
              -93.457214,
              41.93791
            ],
            [
              -93.45606,
              41.94
            ]
          ]
        ]
      },
      "properties": {
        "field_id": "F068",
        "field_name": "Farm House",
        "commodity_2023": "Corn",
        "drainage_class": "Very Poor",
        "organic_matter_pct": 5.1,
        "pH": 7.2,
        "CEC_meq_100g": 16.4,
        "topsoil_depth_cm": 36,
        "field_acres": 66,
        "latitude": 41.94,
        "longitude": -93.46,
        "yield_2023_bu_ac": 234.7,
        "yield_2024_bu_ac": 242.5,
        "yield_2025_bu_ac": 231.5
      }
    },
    {
      "type": "Feature",
      "geometry": {
        "type": "Polygon",
        "coordinates": [
          [
            [
              -93.65606,
              41.77
            ],
            [
              -93.657214,
              41.77209
            ],
            [
              -93.66,
              41.772955
            ],
            [
              -93.662786,
              41.77209
            ],
            [
              -93.66394,
              41.77
            ],
            [
              -93.662786,
              41.76791
            ],
            [
              -93.66,
              41.767045
            ],
            [
              -93.657214,
              41.76791
            ],
            [
              -93.65606,
              41.77
            ]
          ]
        ]
      },
      "properties": {
        "field_id": "F069",
        "field_name": "Pond Side",
        "commodity_2023": "Corn",
        "drainage_class": "Well",
        "organic_matter_pct": 3.7,
        "pH": 7.4,
        "CEC_meq_100g": 24.1,
        "topsoil_depth_cm": 39,
        "field_acres": 66,
        "latitude": 41.77,
        "longitude": -93.66,
        "yield_2023_bu_ac": 240.3,
        "yield_2024_bu_ac": 238.5,
        "yield_2025_bu_ac": 231.4
      }
    },
    {
      "type": "Feature",
      "geometry": {
        "type": "Polygon",
        "coordinates": [
          [
            [
              -93.494983,
              41.86
            ],
            [
              -93.496452,
              41.862661
            ],
            [
              -93.5,
              41.863763
            ],
            [
              -93.503548,
              41.862661
            ],
            [
              -93.505017,
              41.86
            ],
            [
              -93.503548,
              41.857339
            ],
            [
              -93.5,
              41.856237
            ],
            [
              -93.496452,
              41.857339
            ],
            [
              -93.494983,
              41.86
            ]
          ]
        ]
      },
      "properties": {
        "field_id": "F070",
        "field_name": "Woods Edge",
        "commodity_2023": "Soybeans",
        "drainage_class": "Moderately Well",
        "organic_matter_pct": 2.6,
        "pH": 6.7,
        "CEC_meq_100g": 19.2,
        "topsoil_depth_cm": 23,
        "field_acres": 107,
        "latitude": 41.86,
        "longitude": -93.5,
        "yield_2023_bu_ac": 54.4,
        "yield_2024_bu_ac": 56.0,
        "yield_2025_bu_ac": 59.1
      }
    },
    {
      "type": "Feature",
      "geometry": {
        "type": "Polygon",
        "coordinates": [
          [
            [
              -93.735942,
              42.04
            ],
            [
              -93.737131,
              42.042152
            ],
            [
              -93.74,
              42.043043
            ],
            [
              -93.742869,
              42.042152
            ],
            [
              -93.744058,
              42.04
            ],
            [
              -93.742869,
              42.037848
            ],
            [
              -93.74,
              42.036957
            ],
            [
              -93.737131,
              42.037848
            ],
            [
              -93.735942,
              42.04
            ]
          ]
        ]
      },
      "properties": {
        "field_id": "F071",
        "field_name": "Garden Spot",
        "commodity_2023": "Alfalfa",
        "drainage_class": "Somewhat Poor",
        "organic_matter_pct": 2.7,
        "pH": 7.0,
        "CEC_meq_100g": 11.0,
        "topsoil_depth_cm": 19,
        "field_acres": 70,
        "latitude": 42.04,
        "longitude": -93.74,
        "yield_2023_bu_ac": 10.1,
        "yield_2024_bu_ac": 10.0,
        "yield_2025_bu_ac": 10.2
      }
    },
    {
      "type": "Feature",
      "geometry": {
        "type": "Polygon",
        "coordinates": [
          [
            [
              -93.683244,
              42.04
            ],
            [
              -93.685223,
              42.043583
            ],
            [
              -93.69,
              42.045067
            ],
            [
              -93.694777,
              42.043583
            ],
            [
              -93.696756,
              42.04
            ],
            [
              -93.694777,
              42.036417
            ],
            [
              -93.69,
              42.034933
            ],
            [
              -93.685223,
              42.036417
            ],
            [
              -93.683244,
              42.04
            ]
          ]
        ]
      },
      "properties": {
        "field_id": "F072",
        "field_name": "Harvest Moon",
        "commodity_2023": "Wheat",
        "drainage_class": "Somewhat Poor",
        "organic_matter_pct": 3.5,
        "pH": 6.8,
        "CEC_meq_100g": 12.5,
        "topsoil_depth_cm": 18,
        "field_acres": 194,
        "latitude": 42.04,
        "longitude": -93.69,
        "yield_2023_bu_ac": 52.2,
        "yield_2024_bu_ac": 52.8,
        "yield_2025_bu_ac": 55.8
      }
    },
    {
      "type": "Feature",
      "geometry": {
        "type": "Polygon",
        "coordinates": [
          [
            [
              -93.572725,
              41.82
            ],
            [
              -93.574856,
              41.823858
            ],
            [
              -93.58,
              41.825456
            ],
            [
              -93.585144,
              41.823858
            ],
            [
              -93.587275,
              41.82
            ],
            [
              -93.585144,
              41.816142
            ],
            [
              -93.58,
              41.814544
            ],
            [
              -93.574856,
              41.816142
            ],
            [
              -93.572725,
              41.82
            ]
          ]
        ]
      },
      "properties": {
        "field_id": "F073",
        "field_name": "Spring Rain",
        "commodity_2023": "Soybeans",
        "drainage_class": "Well",
        "organic_matter_pct": 4.8,
        "pH": 6.4,
        "CEC_meq_100g": 19.0,
        "topsoil_depth_cm": 30,
        "field_acres": 225,
        "latitude": 41.82,
        "longitude": -93.58,
        "yield_2023_bu_ac": 75.7,
        "yield_2024_bu_ac": 71.4,
        "yield_2025_bu_ac": 76.6
      }
    },
    {
      "type": "Feature",
      "geometry": {
        "type": "Polygon",
        "coordinates": [
          [
            [
              -93.732676,
              41.98
            ],
            [
              -93.734821,
              41.983884
            ],
            [
              -93.74,
              41.985493
            ],
            [
              -93.745179,
              41.983884
            ],
            [
              -93.747324,
              41.98
            ],
            [
              -93.745179,
              41.976116
            ],
            [
              -93.74,
              41.974507
            ],
            [
              -93.734821,
              41.976116
            ],
            [
              -93.732676,
              41.98
            ]
          ]
        ]
      },
      "properties": {
        "field_id": "F074",
        "field_name": "Winter Snow",
        "commodity_2023": "Corn",
        "drainage_class": "Moderately Well",
        "organic_matter_pct": 3.1,
        "pH": 6.7,
        "CEC_meq_100g": 19.9,
        "topsoil_depth_cm": 21,
        "field_acres": 228,
        "latitude": 41.98,
        "longitude": -93.74,
        "yield_2023_bu_ac": 199.1,
        "yield_2024_bu_ac": 203.2,
        "yield_2025_bu_ac": 225.6
      }
    },
    {
      "type": "Feature",
      "geometry": {
        "type": "Polygon",
        "coordinates": [
          [
            [
              -93.642888,
              41.86
            ],
            [
              -93.644971,
              41.863772
            ],
            [
              -93.65,
              41.865334
            ],
            [
              -93.655029,
              41.863772
            ],
            [
              -93.657112,
              41.86
            ],
            [
              -93.655029,
              41.856228
            ],
            [
              -93.65,
              41.854666
            ],
            [
              -93.644971,
              41.856228
            ],
            [
              -93.642888,
              41.86
            ]
          ]
        ]
      },
      "properties": {
        "field_id": "F075",
        "field_name": "Summer Heat",
        "commodity_2023": "Alfalfa",
        "drainage_class": "Very Poor",
        "organic_matter_pct": 4.2,
        "pH": 6.5,
        "CEC_meq_100g": 17.3,
        "topsoil_depth_cm": 36,
        "field_acres": 215,
        "latitude": 41.86,
        "longitude": -93.65,
        "yield_2023_bu_ac": 11.0,
        "yield_2024_bu_ac": 11.3,
        "yield_2025_bu_ac": 11.5
      }
    },
    {
      "type": "Feature",
      "geometry": {
        "type": "Polygon",
        "coordinates": [
          [
            [
              -93.643565,
              41.99
            ],
            [
              -93.64545,
              41.993412
            ],
            [
              -93.65,
              41.994826
            ],
            [
              -93.65455,
              41.993412
            ],
            [
              -93.656435,
              41.99
            ],
            [
              -93.65455,
              41.986588
            ],
            [
              -93.65,
              41.985174
            ],
            [
              -93.64545,
              41.986588
            ],
            [
              -93.643565,
              41.99
            ]
          ]
        ]
      },
      "properties": {
        "field_id": "F076",
        "field_name": "Fall Leaves",
        "commodity_2023": "Soybeans",
        "drainage_class": "Very Poor",
        "organic_matter_pct": 4.7,
        "pH": 5.6,
        "CEC_meq_100g": 25.5,
        "topsoil_depth_cm": 43,
        "field_acres": 176,
        "latitude": 41.99,
        "longitude": -93.65,
        "yield_2023_bu_ac": 74.8,
        "yield_2024_bu_ac": 82.9,
        "yield_2025_bu_ac": 79.5
      }
    },
    {
      "type": "Feature",
      "geometry": {
        "type": "Polygon",
        "coordinates": [
          [
            [
              -93.643403,
              42.04
            ],
            [
              -93.645335,
              42.043499
            ],
            [
              -93.65,
              42.044948
            ],
            [
              -93.654665,
              42.043499
            ],
            [
              -93.656597,
              42.04
            ],
            [
              -93.654665,
              42.036501
            ],
            [
              -93.65,
              42.035052
            ],
            [
              -93.645335,
              42.036501
            ],
            [
              -93.643403,
              42.04
            ]
          ]
        ]
      },
      "properties": {
        "field_id": "F077",
        "field_name": "North Ridge",
        "commodity_2023": "Soybeans",
        "drainage_class": "Well",
        "organic_matter_pct": 4.5,
        "pH": 6.0,
        "CEC_meq_100g": 18.3,
        "topsoil_depth_cm": 29,
        "field_acres": 185,
        "latitude": 42.04,
        "longitude": -93.65,
        "yield_2023_bu_ac": 78.7,
        "yield_2024_bu_ac": 74.3,
        "yield_2025_bu_ac": 70.4
      }
    },
    {
      "type": "Feature",
      "geometry": {
        "type": "Polygon",
        "coordinates": [
          [
            [
              -93.522517,
              42.01
            ],
            [
              -93.524709,
              42.013968
            ],
            [
              -93.53,
              42.015612
            ],
            [
              -93.535291,
              42.013968
            ],
            [
              -93.537483,
              42.01
            ],
            [
              -93.535291,
              42.006032
            ],
            [
              -93.53,
              42.004388
            ],
            [
              -93.524709,
              42.006032
            ],
            [
              -93.522517,
              42.01
            ]
          ]
        ]
      },
      "properties": {
        "field_id": "F078",
        "field_name": "South Slope",
        "commodity_2023": "Alfalfa",
        "drainage_class": "Moderately Well",
        "organic_matter_pct": 3.6,
        "pH": 6.3,
        "CEC_meq_100g": 15.4,
        "topsoil_depth_cm": 22,
        "field_acres": 238,
        "latitude": 42.01,
        "longitude": -93.53,
        "yield_2023_bu_ac": 10.6,
        "yield_2024_bu_ac": 10.1,
        "yield_2025_bu_ac": 10.4
      }
    },
    {
      "type": "Feature",
      "geometry": {
        "type": "Polygon",
        "coordinates": [
          [
            [
              -93.653602,
              42.05
            ],
            [
              -93.655476,
              42.053393
            ],
            [
              -93.66,
              42.054798
            ],
            [
              -93.664524,
              42.053393
            ],
            [
              -93.666398,
              42.05
            ],
            [
              -93.664524,
              42.046607
            ],
            [
              -93.66,
              42.045202
            ],
            [
              -93.655476,
              42.046607
            ],
            [
              -93.653602,
              42.05
            ]
          ]
        ]
      },
      "properties": {
        "field_id": "F079",
        "field_name": "East Valley",
        "commodity_2023": "Soybeans",
        "drainage_class": "Well",
        "organic_matter_pct": 3.6,
        "pH": 6.7,
        "CEC_meq_100g": 24.9,
        "topsoil_depth_cm": 32,
        "field_acres": 174,
        "latitude": 42.05,
        "longitude": -93.66,
        "yield_2023_bu_ac": 67.5,
        "yield_2024_bu_ac": 71.6,
        "yield_2025_bu_ac": 71.7
      }
    },
    {
      "type": "Feature",
      "geometry": {
        "type": "Polygon",
        "coordinates": [
          [
            [
              -93.693639,
              41.93
            ],
            [
              -93.695502,
              41.933373
            ],
            [
              -93.7,
              41.934771
            ],
            [
              -93.704498,
              41.933373
            ],
            [
              -93.706361,
              41.93
            ],
            [
              -93.704498,
              41.926627
            ],
            [
              -93.7,
              41.925229
            ],
            [
              -93.695502,
              41.926627
            ],
            [
              -93.693639,
              41.93
            ]
          ]
        ]
      },
      "properties": {
        "field_id": "F080",
        "field_name": "West Hill",
        "commodity_2023": "Wheat",
        "drainage_class": "Poor",
        "organic_matter_pct": 2.2,
        "pH": 7.2,
        "CEC_meq_100g": 9.4,
        "topsoil_depth_cm": 11,
        "field_acres": 172,
        "latitude": 41.93,
        "longitude": -93.7,
        "yield_2023_bu_ac": 43.4,
        "yield_2024_bu_ac": 44.3,
        "yield_2025_bu_ac": 48.9
      }
    },
    {
      "type": "Feature",
      "geometry": {
        "type": "Polygon",
        "coordinates": [
          [
            [
              -93.672806,
              41.88
            ],
            [
              -93.674913,
              41.883815
            ],
            [
              -93.68,
              41.885396
            ],
            [
              -93.685087,
              41.883815
            ],
            [
              -93.687194,
              41.88
            ],
            [
              -93.685087,
              41.876185
            ],
            [
              -93.68,
              41.874604
            ],
            [
              -93.674913,
              41.876185
            ],
            [
              -93.672806,
              41.88
            ]
          ]
        ]
      },
      "properties": {
        "field_id": "F081",
        "field_name": "Center Field",
        "commodity_2023": "Corn",
        "drainage_class": "Somewhat Poor",
        "organic_matter_pct": 3.2,
        "pH": 5.8,
        "CEC_meq_100g": 10.8,
        "topsoil_depth_cm": 25,
        "field_acres": 220,
        "latitude": 41.88,
        "longitude": -93.68,
        "yield_2023_bu_ac": 226.8,
        "yield_2024_bu_ac": 205.9,
        "yield_2025_bu_ac": 209.1
      }
    },
    {
      "type": "Feature",
      "geometry": {
        "type": "Polygon",
        "coordinates": [
          [
            [
              -93.465716,
              41.91
            ],
            [
              -93.466971,
              41.912272
            ],
            [
              -93.47,
              41.913213
            ],
            [
              -93.473029,
              41.912272
            ],
            [
              -93.474284,
              41.91
            ],
            [
              -93.473029,
              41.907728
            ],
            [
              -93.47,
              41.906787
            ],
            [
              -93.466971,
              41.907728
            ],
            [
              -93.465716,
              41.91
            ]
          ]
        ]
      },
      "properties": {
        "field_id": "F082",
        "field_name": "Middle Pasture",
        "commodity_2023": "Alfalfa",
        "drainage_class": "Very Poor",
        "organic_matter_pct": 4.8,
        "pH": 7.2,
        "CEC_meq_100g": 22.3,
        "topsoil_depth_cm": 46,
        "field_acres": 78,
        "latitude": 41.91,
        "longitude": -93.47,
        "yield_2023_bu_ac": 12.0,
        "yield_2024_bu_ac": 11.2,
        "yield_2025_bu_ac": 11.1
      }
    },
    {
      "type": "Feature",
      "geometry": {
        "type": "Polygon",
        "coordinates": [
          [
            [
              -93.59279,
              41.9
            ],
            [
              -93.594902,
              41.903824
            ],
            [
              -93.6,
              41.905408
            ],
            [
              -93.605098,
              41.903824
            ],
            [
              -93.60721,
              41.9
            ],
            [
              -93.605098,
              41.896176
            ],
            [
              -93.6,
              41.894592
            ],
            [
              -93.594902,
              41.896176
            ],
            [
              -93.59279,
              41.9
            ]
          ]
        ]
      },
      "properties": {
        "field_id": "F083",
        "field_name": "Upper Meadow",
        "commodity_2023": "Wheat",
        "drainage_class": "Somewhat Poor",
        "organic_matter_pct": 2.8,
        "pH": 5.5,
        "CEC_meq_100g": 10.2,
        "topsoil_depth_cm": 23,
        "field_acres": 221,
        "latitude": 41.9,
        "longitude": -93.6,
        "yield_2023_bu_ac": 54.8,
        "yield_2024_bu_ac": 50.8,
        "yield_2025_bu_ac": 50.8
      }
    },
    {
      "type": "Feature",
      "geometry": {
        "type": "Polygon",
        "coordinates": [
          [
            [
              -93.633022,
              42.04
            ],
            [
              -93.635066,
              42.043701
            ],
            [
              -93.64,
              42.045234
            ],
            [
              -93.644934,
              42.043701
            ],
            [
              -93.646978,
              42.04
            ],
            [
              -93.644934,
              42.036299
            ],
            [
              -93.64,
              42.034766
            ],
            [
              -93.635066,
              42.036299
            ],
            [
              -93.633022,
              42.04
            ]
          ]
        ]
      },
      "properties": {
        "field_id": "F084",
        "field_name": "Lower Creek",
        "commodity_2023": "Alfalfa",
        "drainage_class": "Well",
        "organic_matter_pct": 3.9,
        "pH": 6.0,
        "CEC_meq_100g": 23.4,
        "topsoil_depth_cm": 35,
        "field_acres": 207,
        "latitude": 42.04,
        "longitude": -93.64,
        "yield_2023_bu_ac": 10.7,
        "yield_2024_bu_ac": 10.9,
        "yield_2025_bu_ac": 11.4
      }
    },
    {
      "type": "Feature",
      "geometry": {
        "type": "Polygon",
        "coordinates": [
          [
            [
              -93.484302,
              41.85
            ],
            [
              -93.485971,
              41.853022
            ],
            [
              -93.49,
              41.854273
            ],
            [
              -93.494029,
              41.853022
            ],
            [
              -93.495698,
              41.85
            ],
            [
              -93.494029,
              41.846978
            ],
            [
              -93.49,
              41.845727
            ],
            [
              -93.485971,
              41.846978
            ],
            [
              -93.484302,
              41.85
            ]
          ]
        ]
      },
      "properties": {
        "field_id": "F085",
        "field_name": "Upper Ridge",
        "commodity_2023": "Alfalfa",
        "drainage_class": "Well",
        "organic_matter_pct": 3.7,
        "pH": 6.8,
        "CEC_meq_100g": 24.4,
        "topsoil_depth_cm": 41,
        "field_acres": 138,
        "latitude": 41.85,
        "longitude": -93.49,
        "yield_2023_bu_ac": 11.7,
        "yield_2024_bu_ac": 11.5,
        "yield_2025_bu_ac": 11.0
      }
    },
    {
      "type": "Feature",
      "geometry": {
        "type": "Polygon",
        "coordinates": [
          [
            [
              -93.644821,
              41.94
            ],
            [
              -93.646338,
              41.942746
            ],
            [
              -93.65,
              41.943884
            ],
            [
              -93.653662,
              41.942746
            ],
            [
              -93.655179,
              41.94
            ],
            [
              -93.653662,
              41.937254
            ],
            [
              -93.65,
              41.936116
            ],
            [
              -93.646338,
              41.937254
            ],
            [
              -93.644821,
              41.94
            ]
          ]
        ]
      },
      "properties": {
        "field_id": "F086",
        "field_name": "Lower Valley",
        "commodity_2023": "Corn",
        "drainage_class": "Poor",
        "organic_matter_pct": 2.0,
        "pH": 7.1,
        "CEC_meq_100g": 11.6,
        "topsoil_depth_cm": 11,
        "field_acres": 114,
        "latitude": 41.94,
        "longitude": -93.65,
        "yield_2023_bu_ac": 188.4,
        "yield_2024_bu_ac": 189.3,
        "yield_2025_bu_ac": 198.3
      }
    },
    {
      "type": "Feature",
      "geometry": {
        "type": "Polygon",
        "coordinates": [
          [
            [
              -93.582377,
              42.01
            ],
            [
              -93.58461,
              42.014043
            ],
            [
              -93.59,
              42.015717
            ],
            [
              -93.59539,
              42.014043
            ],
            [
              -93.597623,
              42.01
            ],
            [
              -93.59539,
              42.005957
            ],
            [
              -93.59,
              42.004283
            ],
            [
              -93.58461,
              42.005957
            ],
            [
              -93.582377,
              42.01
            ]
          ]
        ]
      },
      "properties": {
        "field_id": "F087",
        "field_name": "Highland",
        "commodity_2023": "Alfalfa",
        "drainage_class": "Moderately Well",
        "organic_matter_pct": 3.4,
        "pH": 6.8,
        "CEC_meq_100g": 17.3,
        "topsoil_depth_cm": 30,
        "field_acres": 247,
        "latitude": 42.01,
        "longitude": -93.59,
        "yield_2023_bu_ac": 11.0,
        "yield_2024_bu_ac": 10.8,
        "yield_2025_bu_ac": 9.4
      }
    },
    {
      "type": "Feature",
      "geometry": {
        "type": "Polygon",
        "coordinates": [
          [
            [
              -93.475828,
              41.94
            ],
            [
              -93.47705,
              41.942213
            ],
            [
              -93.48,
              41.943129
            ],
            [
              -93.48295,
              41.942213
            ],
            [
              -93.484172,
              41.94
            ],
            [
              -93.48295,
              41.937787
            ],
            [
              -93.48,
              41.936871
            ],
            [
              -93.47705,
              41.937787
            ],
            [
              -93.475828,
              41.94
            ]
          ]
        ]
      },
      "properties": {
        "field_id": "F088",
        "field_name": "Lowland",
        "commodity_2023": "Corn",
        "drainage_class": "Somewhat Poor",
        "organic_matter_pct": 2.9,
        "pH": 6.9,
        "CEC_meq_100g": 13.2,
        "topsoil_depth_cm": 21,
        "field_acres": 74,
        "latitude": 41.94,
        "longitude": -93.48,
        "yield_2023_bu_ac": 213.8,
        "yield_2024_bu_ac": 205.5,
        "yield_2025_bu_ac": 200.0
      }
    },
    {
      "type": "Feature",
      "geometry": {
        "type": "Polygon",
        "coordinates": [
          [
            [
              -93.58637,
              42.0
            ],
            [
              -93.587434,
              42.001925
            ],
            [
              -93.59,
              42.002722
            ],
            [
              -93.592566,
              42.001925
            ],
            [
              -93.59363,
              42.0
            ],
            [
              -93.592566,
              41.998075
            ],
            [
              -93.59,
              41.997278
            ],
            [
              -93.587434,
              41.998075
            ],
            [
              -93.58637,
              42.0
            ]
          ]
        ]
      },
      "properties": {
        "field_id": "F089",
        "field_name": "Prime Acres",
        "commodity_2023": "Corn",
        "drainage_class": "Somewhat Poor",
        "organic_matter_pct": 2.2,
        "pH": 5.7,
        "CEC_meq_100g": 12.9,
        "topsoil_depth_cm": 18,
        "field_acres": 56,
        "latitude": 42.0,
        "longitude": -93.59,
        "yield_2023_bu_ac": 204.1,
        "yield_2024_bu_ac": 189.1,
        "yield_2025_bu_ac": 199.4
      }
    },
    {
      "type": "Feature",
      "geometry": {
        "type": "Polygon",
        "coordinates": [
          [
            [
              -93.676306,
              42.02
            ],
            [
              -93.677388,
              42.021959
            ],
            [
              -93.68,
              42.02277
            ],
            [
              -93.682612,
              42.021959
            ],
            [
              -93.683694,
              42.02
            ],
            [
              -93.682612,
              42.018041
            ],
            [
              -93.68,
              42.01723
            ],
            [
              -93.677388,
              42.018041
            ],
            [
              -93.676306,
              42.02
            ]
          ]
        ]
      },
      "properties": {
        "field_id": "F090",
        "field_name": "Heritage Farm",
        "commodity_2023": "Wheat",
        "drainage_class": "Somewhat Poor",
        "organic_matter_pct": 3.2,
        "pH": 6.6,
        "CEC_meq_100g": 11.1,
        "topsoil_depth_cm": 21,
        "field_acres": 58,
        "latitude": 42.02,
        "longitude": -93.68,
        "yield_2023_bu_ac": 48.6,
        "yield_2024_bu_ac": 43.8,
        "yield_2025_bu_ac": 45.7
      }
    },
    {
      "type": "Feature",
      "geometry": {
        "type": "Polygon",
        "coordinates": [
          [
            [
              -93.695199,
              41.88
            ],
            [
              -93.696605,
              41.882546
            ],
            [
              -93.7,
              41.883601
            ],
            [
              -93.703395,
              41.882546
            ],
            [
              -93.704801,
              41.88
            ],
            [
              -93.703395,
              41.877454
            ],
            [
              -93.7,
              41.876399
            ],
            [
              -93.696605,
              41.877454
            ],
            [
              -93.695199,
              41.88
            ]
          ]
        ]
      },
      "properties": {
        "field_id": "F091",
        "field_name": "Family Fields",
        "commodity_2023": "Soybeans",
        "drainage_class": "Well",
        "organic_matter_pct": 4.2,
        "pH": 6.8,
        "CEC_meq_100g": 19.9,
        "topsoil_depth_cm": 30,
        "field_acres": 98,
        "latitude": 41.88,
        "longitude": -93.7,
        "yield_2023_bu_ac": 76.5,
        "yield_2024_bu_ac": 77.8,
        "yield_2025_bu_ac": 71.3
      }
    },
    {
      "type": "Feature",
      "geometry": {
        "type": "Polygon",
        "coordinates": [
          [
            [
              -93.613602,
              41.95
            ],
            [
              -93.615476,
              41.953393
            ],
            [
              -93.62,
              41.954798
            ],
            [
              -93.624524,
              41.953393
            ],
            [
              -93.626398,
              41.95
            ],
            [
              -93.624524,
              41.946607
            ],
            [
              -93.62,
              41.945202
            ],
            [
              -93.615476,
              41.946607
            ],
            [
              -93.613602,
              41.95
            ]
          ]
        ]
      },
      "properties": {
        "field_id": "F092",
        "field_name": "Legacy Pasture",
        "commodity_2023": "Corn",
        "drainage_class": "Poor",
        "organic_matter_pct": 1.6,
        "pH": 6.7,
        "CEC_meq_100g": 8.4,
        "topsoil_depth_cm": 18,
        "field_acres": 174,
        "latitude": 41.95,
        "longitude": -93.62,
        "yield_2023_bu_ac": 194.4,
        "yield_2024_bu_ac": 193.7,
        "yield_2025_bu_ac": 202.6
      }
    },
    {
      "type": "Feature",
      "geometry": {
        "type": "Polygon",
        "coordinates": [
          [
            [
              -93.725199,
              41.86
            ],
            [
              -93.726605,
              41.862546
            ],
            [
              -93.73,
              41.863601
            ],
            [
              -93.733395,
              41.862546
            ],
            [
              -93.734801,
              41.86
            ],
            [
              -93.733395,
              41.857454
            ],
            [
              -93.73,
              41.856399
            ],
            [
              -93.726605,
              41.857454
            ],
            [
              -93.725199,
              41.86
            ]
          ]
        ]
      },
      "properties": {
        "field_id": "F093",
        "field_name": "Founders Field",
        "commodity_2023": "Alfalfa",
        "drainage_class": "Well",
        "organic_matter_pct": 4.7,
        "pH": 7.3,
        "CEC_meq_100g": 20.7,
        "topsoil_depth_cm": 31,
        "field_acres": 98,
        "latitude": 41.86,
        "longitude": -93.73,
        "yield_2023_bu_ac": 11.6,
        "yield_2024_bu_ac": 11.2,
        "yield_2025_bu_ac": 10.0
      }
    },
    {
      "type": "Feature",
      "geometry": {
        "type": "Polygon",
        "coordinates": [
          [
            [
              -93.643158,
              41.88
            ],
            [
              -93.645162,
              41.883629
            ],
            [
              -93.65,
              41.885132
            ],
            [
              -93.654838,
              41.883629
            ],
            [
              -93.656842,
              41.88
            ],
            [
              -93.654838,
              41.876371
            ],
            [
              -93.65,
              41.874868
            ],
            [
              -93.645162,
              41.876371
            ],
            [
              -93.643158,
              41.88
            ]
          ]
        ]
      },
      "properties": {
        "field_id": "F094",
        "field_name": "Pioneer Plot",
        "commodity_2023": "Alfalfa",
        "drainage_class": "Moderately Well",
        "organic_matter_pct": 3.8,
        "pH": 5.6,
        "CEC_meq_100g": 17.9,
        "topsoil_depth_cm": 22,
        "field_acres": 199,
        "latitude": 41.88,
        "longitude": -93.65,
        "yield_2023_bu_ac": 10.1,
        "yield_2024_bu_ac": 10.9,
        "yield_2025_bu_ac": 9.4
      }
    },
    {
      "type": "Feature",
      "geometry": {
        "type": "Polygon",
        "coordinates": [
          [
            [
              -93.696436,
              41.87
            ],
            [
              -93.69748,
              41.87189
            ],
            [
              -93.7,
              41.872673
            ],
            [
              -93.70252,
              41.87189
            ],
            [
              -93.703564,
              41.87
            ],
            [
              -93.70252,
              41.86811
            ],
            [
              -93.7,
              41.867327
            ],
            [
              -93.69748,
              41.86811
            ],
            [
              -93.696436,
              41.87
            ]
          ]
        ]
      },
      "properties": {
        "field_id": "F095",
        "field_name": "Settlement Field",
        "commodity_2023": "Wheat",
        "drainage_class": "Well",
        "organic_matter_pct": 3.8,
        "pH": 6.8,
        "CEC_meq_100g": 21.3,
        "topsoil_depth_cm": 39,
        "field_acres": 54,
        "latitude": 41.87,
        "longitude": -93.7,
        "yield_2023_bu_ac": 68.9,
        "yield_2024_bu_ac": 69.2,
        "yield_2025_bu_ac": 64.0
      }
    },
    {
      "type": "Feature",
      "geometry": {
        "type": "Polygon",
        "coordinates": [
          [
            [
              -93.642455,
              41.86
            ],
            [
              -93.644665,
              41.864001
            ],
            [
              -93.65,
              41.865659
            ],
            [
              -93.655335,
              41.864001
            ],
            [
              -93.657545,
              41.86
            ],
            [
              -93.655335,
              41.855999
            ],
            [
              -93.65,
              41.854341
            ],
            [
              -93.644665,
              41.855999
            ],
            [
              -93.642455,
              41.86
            ]
          ]
        ]
      },
      "properties": {
        "field_id": "F096",
        "field_name": "Homestead Meadow",
        "commodity_2023": "Soybeans",
        "drainage_class": "Moderately Well",
        "organic_matter_pct": 3.4,
        "pH": 6.9,
        "CEC_meq_100g": 14.5,
        "topsoil_depth_cm": 31,
        "field_acres": 242,
        "latitude": 41.86,
        "longitude": -93.65,
        "yield_2023_bu_ac": 65.8,
        "yield_2024_bu_ac": 66.8,
        "yield_2025_bu_ac": 67.3
      }
    },
    {
      "type": "Feature",
      "geometry": {
        "type": "Polygon",
        "coordinates": [
          [
            [
              -93.524776,
              41.91
            ],
            [
              -93.526306,
              41.91277
            ],
            [
              -93.53,
              41.913918
            ],
            [
              -93.533694,
              41.91277
            ],
            [
              -93.535224,
              41.91
            ],
            [
              -93.533694,
              41.90723
            ],
            [
              -93.53,
              41.906082
            ],
            [
              -93.526306,
              41.90723
            ],
            [
              -93.524776,
              41.91
            ]
          ]
        ]
      },
      "properties": {
        "field_id": "F097",
        "field_name": "Colonial Creek",
        "commodity_2023": "Alfalfa",
        "drainage_class": "Well",
        "organic_matter_pct": 3.8,
        "pH": 7.4,
        "CEC_meq_100g": 24.3,
        "topsoil_depth_cm": 31,
        "field_acres": 116,
        "latitude": 41.91,
        "longitude": -93.53,
        "yield_2023_bu_ac": 11.0,
        "yield_2024_bu_ac": 10.1,
        "yield_2025_bu_ac": 9.6
      }
    },
    {
      "type": "Feature",
      "geometry": {
        "type": "Polygon",
        "coordinates": [
          [
            [
              -93.693493,
              41.98
            ],
            [
              -93.695399,
              41.983451
            ],
            [
              -93.7,
              41.98488
            ],
            [
              -93.704601,
              41.983451
            ],
            [
              -93.706507,
              41.98
            ],
            [
              -93.704601,
              41.976549
            ],
            [
              -93.7,
              41.97512
            ],
            [
              -93.695399,
              41.976549
            ],
            [
              -93.693493,
              41.98
            ]
          ]
        ]
      },
      "properties": {
        "field_id": "F098",
        "field_name": "Historic Farm",
        "commodity_2023": "Corn",
        "drainage_class": "Very Poor",
        "organic_matter_pct": 3.4,
        "pH": 5.8,
        "CEC_meq_100g": 17.5,
        "topsoil_depth_cm": 44,
        "field_acres": 180,
        "latitude": 41.98,
        "longitude": -93.7,
        "yield_2023_bu_ac": 245.4,
        "yield_2024_bu_ac": 241.6,
        "yield_2025_bu_ac": 236.8
      }
    },
    {
      "type": "Feature",
      "geometry": {
        "type": "Polygon",
        "coordinates": [
          [
            [
              -93.696436,
              41.95
            ],
            [
              -93.69748,
              41.95189
            ],
            [
              -93.7,
              41.952673
            ],
            [
              -93.70252,
              41.95189
            ],
            [
              -93.703564,
              41.95
            ],
            [
              -93.70252,
              41.94811
            ],
            [
              -93.7,
              41.947327
            ],
            [
              -93.69748,
              41.94811
            ],
            [
              -93.696436,
              41.95
            ]
          ]
        ]
      },
      "properties": {
        "field_id": "F099",
        "field_name": "Liberty Field",
        "commodity_2023": "Soybeans",
        "drainage_class": "Poor",
        "organic_matter_pct": 1.2,
        "pH": 5.7,
        "CEC_meq_100g": 7.8,
        "topsoil_depth_cm": 13,
        "field_acres": 54,
        "latitude": 41.95,
        "longitude": -93.7,
        "yield_2023_bu_ac": 49.2,
        "yield_2024_bu_ac": 45.9,
        "yield_2025_bu_ac": 41.9
      }
    },
    {
      "type": "Feature",
      "geometry": {
        "type": "Polygon",
        "coordinates": [
          [
            [
              -93.67406,
              41.94
            ],
            [
              -93.6758,
              41.94315
            ],
            [
              -93.68,
              41.944455
            ],
            [
              -93.6842,
              41.94315
            ],
            [
              -93.68594,
              41.94
            ],
            [
              -93.6842,
              41.93685
            ],
            [
              -93.68,
              41.935545
            ],
            [
              -93.6758,
              41.93685
            ],
            [
              -93.67406,
              41.94
            ]
          ]
        ]
      },
      "properties": {
        "field_id": "F100",
        "field_name": "Freedom Pasture",
        "commodity_2023": "Wheat",
        "drainage_class": "Well",
        "organic_matter_pct": 4.7,
        "pH": 6.1,
        "CEC_meq_100g": 20.4,
        "topsoil_depth_cm": 32,
        "field_acres": 150,
        "latitude": 41.94,
        "longitude": -93.68,
        "yield_2023_bu_ac": 68.4,
        "yield_2024_bu_ac": 65.4,
        "yield_2025_bu_ac": 68.5
      }
    },
    {
      "type": "Feature",
      "geometry": {
        "type": "Polygon",
        "coordinates": [
          [
            [
              -93.672905,
              41.85
            ],
            [
              -93.674983,
              41.853763
            ],
            [
              -93.68,
              41.855321
            ],
            [
              -93.685017,
              41.853763
            ],
            [
              -93.687095,
              41.85
            ],
            [
              -93.685017,
              41.846237
            ],
            [
              -93.68,
              41.844679
            ],
            [
              -93.674983,
              41.846237
            ],
            [
              -93.672905,
              41.85
            ]
          ]
        ]
      },
      "properties": {
        "field_id": "F101",
        "field_name": "Prairie Wind",
        "commodity_2023": "Wheat",
        "drainage_class": "Well",
        "organic_matter_pct": 4.4,
        "pH": 6.9,
        "CEC_meq_100g": 23.5,
        "topsoil_depth_cm": 37,
        "field_acres": 214,
        "latitude": 41.85,
        "longitude": -93.68,
        "yield_2023_bu_ac": 65.7,
        "yield_2024_bu_ac": 69.1,
        "yield_2025_bu_ac": 63.6
      }
    },
    {
      "type": "Feature",
      "geometry": {
        "type": "Polygon",
        "coordinates": [
          [
            [
              -93.553942,
              41.84
            ],
            [
              -93.555716,
              41.843213
            ],
            [
              -93.56,
              41.844543
            ],
            [
              -93.564284,
              41.843213
            ],
            [
              -93.566058,
              41.84
            ],
            [
              -93.564284,
              41.836787
            ],
            [
              -93.56,
              41.835457
            ],
            [
              -93.555716,
              41.836787
            ],
            [
              -93.553942,
              41.84
            ]
          ]
        ]
      },
      "properties": {
        "field_id": "F102",
        "field_name": "Golden Harvest",
        "commodity_2023": "Wheat",
        "drainage_class": "Poor",
        "organic_matter_pct": 2.1,
        "pH": 6.9,
        "CEC_meq_100g": 9.6,
        "topsoil_depth_cm": 13,
        "field_acres": 156,
        "latitude": 41.84,
        "longitude": -93.56,
        "yield_2023_bu_ac": 49.3,
        "yield_2024_bu_ac": 41.8,
        "yield_2025_bu_ac": 43.3
      }
    },
    {
      "type": "Feature",
      "geometry": {
        "type": "Polygon",
        "coordinates": [
          [
            [
              -93.712549,
              42.03
            ],
            [
              -93.714731,
              42.033952
            ],
            [
              -93.72,
              42.035588
            ],
            [
              -93.725269,
              42.033952
            ],
            [
              -93.727451,
              42.03
            ],
            [
              -93.725269,
              42.026048
            ],
            [
              -93.72,
              42.024412
            ],
            [
              -93.714731,
              42.026048
            ],
            [
              -93.712549,
              42.03
            ]
          ]
        ]
      },
      "properties": {
        "field_id": "F103",
        "field_name": "Sunny Slope",
        "commodity_2023": "Wheat",
        "drainage_class": "Somewhat Poor",
        "organic_matter_pct": 2.5,
        "pH": 6.6,
        "CEC_meq_100g": 12.6,
        "topsoil_depth_cm": 22,
        "field_acres": 236,
        "latitude": 42.03,
        "longitude": -93.72,
        "yield_2023_bu_ac": 56.8,
        "yield_2024_bu_ac": 52.1,
        "yield_2025_bu_ac": 53.1
      }
    },
    {
      "type": "Feature",
      "geometry": {
        "type": "Polygon",
        "coordinates": [
          [
            [
              -93.55637,
              41.93
            ],
            [
              -93.557434,
              41.931925
            ],
            [
              -93.56,
              41.932722
            ],
            [
              -93.562566,
              41.931925
            ],
            [
              -93.56363,
              41.93
            ],
            [
              -93.562566,
              41.928075
            ],
            [
              -93.56,
              41.927278
            ],
            [
              -93.557434,
              41.928075
            ],
            [
              -93.55637,
              41.93
            ]
          ]
        ]
      },
      "properties": {
        "field_id": "F104",
        "field_name": "Rolling Hills",
        "commodity_2023": "Soybeans",
        "drainage_class": "Moderately Well",
        "organic_matter_pct": 3.7,
        "pH": 6.9,
        "CEC_meq_100g": 15.7,
        "topsoil_depth_cm": 31,
        "field_acres": 56,
        "latitude": 41.93,
        "longitude": -93.56,
        "yield_2023_bu_ac": 64.7,
        "yield_2024_bu_ac": 66.1,
        "yield_2025_bu_ac": 71.9
      }
    },
    {
      "type": "Feature",
      "geometry": {
        "type": "Polygon",
        "coordinates": [
          [
            [
              -93.592921,
              41.78
            ],
            [
              -93.594995,
              41.783754
            ],
            [
              -93.6,
              41.785309
            ],
            [
              -93.605005,
              41.783754
            ],
            [
              -93.607079,
              41.78
            ],
            [
              -93.605005,
              41.776246
            ],
            [
              -93.6,
              41.774691
            ],
            [
              -93.594995,
              41.776246
            ],
            [
              -93.592921,
              41.78
            ]
          ]
        ]
      },
      "properties": {
        "field_id": "F105",
        "field_name": "Meadow Brook",
        "commodity_2023": "Wheat",
        "drainage_class": "Poor",
        "organic_matter_pct": 1.9,
        "pH": 6.5,
        "CEC_meq_100g": 7.6,
        "topsoil_depth_cm": 13,
        "field_acres": 213,
        "latitude": 41.78,
        "longitude": -93.6,
        "yield_2023_bu_ac": 41.5,
        "yield_2024_bu_ac": 39.9,
        "yield_2025_bu_ac": 45.3
      }
    },
    {
      "type": "Feature",
      "geometry": {
        "type": "Polygon",
        "coordinates": [
          [
            [
              -93.51247,
              41.84
            ],
            [
              -93.514676,
              41.843993
            ],
            [
              -93.52,
              41.845647
            ],
            [
              -93.525324,
              41.843993
            ],
            [
              -93.52753,
              41.84
            ],
            [
              -93.525324,
              41.836007
            ],
            [
              -93.52,
              41.834353
            ],
            [
              -93.514676,
              41.836007
            ],
            [
              -93.51247,
              41.84
            ]
          ]
        ]
      },
      "properties": {
        "field_id": "F106",
        "field_name": "Old Farmstead",
        "commodity_2023": "Soybeans",
        "drainage_class": "Well",
        "organic_matter_pct": 4.3,
        "pH": 6.2,
        "CEC_meq_100g": 19.9,
        "topsoil_depth_cm": 34,
        "field_acres": 241,
        "latitude": 41.84,
        "longitude": -93.52,
        "yield_2023_bu_ac": 77.7,
        "yield_2024_bu_ac": 69.2,
        "yield_2025_bu_ac": 74.5
      }
    },
    {
      "type": "Feature",
      "geometry": {
        "type": "Polygon",
        "coordinates": [
          [
            [
              -93.582377,
              41.89
            ],
            [
              -93.58461,
              41.894043
            ],
            [
              -93.59,
              41.895717
            ],
            [
              -93.59539,
              41.894043
            ],
            [
              -93.597623,
              41.89
            ],
            [
              -93.59539,
              41.885957
            ],
            [
              -93.59,
              41.884283
            ],
            [
              -93.58461,
              41.885957
            ],
            [
              -93.582377,
              41.89
            ]
          ]
        ]
      },
      "properties": {
        "field_id": "F107",
        "field_name": "River Valley",
        "commodity_2023": "Soybeans",
        "drainage_class": "Poor",
        "organic_matter_pct": 1.6,
        "pH": 6.9,
        "CEC_meq_100g": 11.0,
        "topsoil_depth_cm": 11,
        "field_acres": 247,
        "latitude": 41.89,
        "longitude": -93.59,
        "yield_2023_bu_ac": 49.1,
        "yield_2024_bu_ac": 55.2,
        "yield_2025_bu_ac": 52.6
      }
    },
    {
      "type": "Feature",
      "geometry": {
        "type": "Polygon",
        "coordinates": [
          [
            [
              -93.442565,
              41.8
            ],
            [
              -93.444743,
              41.803943
            ],
            [
              -93.45,
              41.805576
            ],
            [
              -93.455257,
              41.803943
            ],
            [
              -93.457435,
              41.8
            ],
            [
              -93.455257,
              41.796057
            ],
            [
              -93.45,
              41.794424
            ],
            [
              -93.444743,
              41.796057
            ],
            [
              -93.442565,
              41.8
            ]
          ]
        ]
      },
      "properties": {
        "field_id": "F108",
        "field_name": "Creek Side",
        "commodity_2023": "Soybeans",
        "drainage_class": "Poor",
        "organic_matter_pct": 1.6,
        "pH": 6.5,
        "CEC_meq_100g": 10.1,
        "topsoil_depth_cm": 13,
        "field_acres": 235,
        "latitude": 41.8,
        "longitude": -93.45,
        "yield_2023_bu_ac": 51.4,
        "yield_2024_bu_ac": 42.4,
        "yield_2025_bu_ac": 45.8
      }
    },
    {
      "type": "Feature",
      "geometry": {
        "type": "Polygon",
        "coordinates": [
          [
            [
              -93.636469,
              41.83
            ],
            [
              -93.637503,
              41.831873
            ],
            [
              -93.64,
              41.832648
            ],
            [
              -93.642497,
              41.831873
            ],
            [
              -93.643531,
              41.83
            ],
            [
              -93.642497,
              41.828127
            ],
            [
              -93.64,
              41.827352
            ],
            [
              -93.637503,
              41.828127
            ],
            [
              -93.636469,
              41.83
            ]
          ]
        ]
      },
      "properties": {
        "field_id": "F109",
        "field_name": "Hilltop View",
        "commodity_2023": "Alfalfa",
        "drainage_class": "Well",
        "organic_matter_pct": 5.3,
        "pH": 6.4,
        "CEC_meq_100g": 19.6,
        "topsoil_depth_cm": 40,
        "field_acres": 53,
        "latitude": 41.83,
        "longitude": -93.64,
        "yield_2023_bu_ac": 12.2,
        "yield_2024_bu_ac": 11.2,
        "yield_2025_bu_ac": 11.3
      }
    },
    {
      "type": "Feature",
      "geometry": {
        "type": "Polygon",
        "coordinates": [
          [
            [
              -93.642839,
              41.99
            ],
            [
              -93.644936,
              41.993798
            ],
            [
              -93.65,
              41.995371
            ],
            [
              -93.655064,
              41.993798
            ],
            [
              -93.657161,
              41.99
            ],
            [
              -93.655064,
              41.986202
            ],
            [
              -93.65,
              41.984629
            ],
            [
              -93.644936,
              41.986202
            ],
            [
              -93.642839,
              41.99
            ]
          ]
        ]
      },
      "properties": {
        "field_id": "F110",
        "field_name": "Valley Floor",
        "commodity_2023": "Alfalfa",
        "drainage_class": "Somewhat Poor",
        "organic_matter_pct": 2.3,
        "pH": 7.0,
        "CEC_meq_100g": 12.9,
        "topsoil_depth_cm": 25,
        "field_acres": 218,
        "latitude": 41.99,
        "longitude": -93.65,
        "yield_2023_bu_ac": 8.5,
        "yield_2024_bu_ac": 8.7,
        "yield_2025_bu_ac": 9.1
      }
    },
    {
      "type": "Feature",
      "geometry": {
        "type": "Polygon",
        "coordinates": [
          [
            [
              -93.503262,
              41.81
            ],
            [
              -93.505235,
              41.813573
            ],
            [
              -93.51,
              41.815054
            ],
            [
              -93.514765,
              41.813573
            ],
            [
              -93.516738,
              41.81
            ],
            [
              -93.514765,
              41.806427
            ],
            [
              -93.51,
              41.804946
            ],
            [
              -93.505235,
              41.806427
            ],
            [
              -93.503262,
              41.81
            ]
          ]
        ]
      },
      "properties": {
        "field_id": "F111",
        "field_name": "North Pasture",
        "commodity_2023": "Soybeans",
        "drainage_class": "Poor",
        "organic_matter_pct": 2.3,
        "pH": 6.3,
        "CEC_meq_100g": 11.9,
        "topsoil_depth_cm": 18,
        "field_acres": 193,
        "latitude": 41.81,
        "longitude": -93.51,
        "yield_2023_bu_ac": 60.5,
        "yield_2024_bu_ac": 59.7,
        "yield_2025_bu_ac": 57.8
      }
    },
    {
      "type": "Feature",
      "geometry": {
        "type": "Polygon",
        "coordinates": [
          [
            [
              -93.584599,
              41.79
            ],
            [
              -93.586181,
              41.792864
            ],
            [
              -93.59,
              41.794051
            ],
            [
              -93.593819,
              41.792864
            ],
            [
              -93.595401,
              41.79
            ],
            [
              -93.593819,
              41.787136
            ],
            [
              -93.59,
              41.785949
            ],
            [
              -93.586181,
              41.787136
            ],
            [
              -93.584599,
              41.79
            ]
          ]
        ]
      },
      "properties": {
        "field_id": "F112",
        "field_name": "South Meadow",
        "commodity_2023": "Alfalfa",
        "drainage_class": "Well",
        "organic_matter_pct": 4.7,
        "pH": 6.7,
        "CEC_meq_100g": 19.6,
        "topsoil_depth_cm": 30,
        "field_acres": 124,
        "latitude": 41.79,
        "longitude": -93.59,
        "yield_2023_bu_ac": 9.9,
        "yield_2024_bu_ac": 11.0,
        "yield_2025_bu_ac": 11.3
      }
    },
    {
      "type": "Feature",
      "geometry": {
        "type": "Polygon",
        "coordinates": [
          [
            [
              -93.565662,
              41.99
            ],
            [
              -93.566932,
              41.992301
            ],
            [
              -93.57,
              41.993254
            ],
            [
              -93.573068,
              41.992301
            ],
            [
              -93.574338,
              41.99
            ],
            [
              -93.573068,
              41.987699
            ],
            [
              -93.57,
              41.986746
            ],
            [
              -93.566932,
              41.987699
            ],
            [
              -93.565662,
              41.99
            ]
          ]
        ]
      },
      "properties": {
        "field_id": "F113",
        "field_name": "East Ridge",
        "commodity_2023": "Alfalfa",
        "drainage_class": "Moderately Well",
        "organic_matter_pct": 2.7,
        "pH": 6.1,
        "CEC_meq_100g": 18.2,
        "topsoil_depth_cm": 25,
        "field_acres": 80,
        "latitude": 41.99,
        "longitude": -93.57,
        "yield_2023_bu_ac": 10.3,
        "yield_2024_bu_ac": 9.0,
        "yield_2025_bu_ac": 9.4
      }
    },
    {
      "type": "Feature",
      "geometry": {
        "type": "Polygon",
        "coordinates": [
          [
            [
              -93.734534,
              42.02
            ],
            [
              -93.736135,
              42.022899
            ],
            [
              -93.74,
              42.024099
            ],
            [
              -93.743865,
              42.022899
            ],
            [
              -93.745466,
              42.02
            ],
            [
              -93.743865,
              42.017101
            ],
            [
              -93.74,
              42.015901
            ],
            [
              -93.736135,
              42.017101
            ],
            [
              -93.734534,
              42.02
            ]
          ]
        ]
      },
      "properties": {
        "field_id": "F114",
        "field_name": "West Field",
        "commodity_2023": "Corn",
        "drainage_class": "Moderately Well",
        "organic_matter_pct": 2.8,
        "pH": 6.1,
        "CEC_meq_100g": 18.1,
        "topsoil_depth_cm": 22,
        "field_acres": 127,
        "latitude": 42.02,
        "longitude": -93.74,
        "yield_2023_bu_ac": 203.1,
        "yield_2024_bu_ac": 217.3,
        "yield_2025_bu_ac": 208.8
      }
    },
    {
      "type": "Feature",
      "geometry": {
        "type": "Polygon",
        "coordinates": [
          [
            [
              -93.563005,
              41.82
            ],
            [
              -93.565054,
              41.82371
            ],
            [
              -93.57,
              41.825246
            ],
            [
              -93.574946,
              41.82371
            ],
            [
              -93.576995,
              41.82
            ],
            [
              -93.574946,
              41.81629
            ],
            [
              -93.57,
              41.814754
            ],
            [
              -93.565054,
              41.81629
            ],
            [
              -93.563005,
              41.82
            ]
          ]
        ]
      },
      "properties": {
        "field_id": "F115",
        "field_name": "Center Pasture",
        "commodity_2023": "Alfalfa",
        "drainage_class": "Very Poor",
        "organic_matter_pct": 4.2,
        "pH": 6.5,
        "CEC_meq_100g": 25.9,
        "topsoil_depth_cm": 37,
        "field_acres": 208,
        "latitude": 41.82,
        "longitude": -93.57,
        "yield_2023_bu_ac": 10.8,
        "yield_2024_bu_ac": 10.3,
        "yield_2025_bu_ac": 11.9
      }
    },
    {
      "type": "Feature",
      "geometry": {
        "type": "Polygon",
        "coordinates": [
          [
            [
              -93.653827,
              41.82
            ],
            [
              -93.655635,
              41.823274
            ],
            [
              -93.66,
              41.82463
            ],
            [
              -93.664365,
              41.823274
            ],
            [
              -93.666173,
              41.82
            ],
            [
              -93.664365,
              41.816726
            ],
            [
              -93.66,
              41.81537
            ],
            [
              -93.655635,
              41.816726
            ],
            [
              -93.653827,
              41.82
            ]
          ]
        ]
      },
      "properties": {
        "field_id": "F116",
        "field_name": "Corner Plot",
        "commodity_2023": "Corn",
        "drainage_class": "Moderately Well",
        "organic_matter_pct": 3.9,
        "pH": 6.0,
        "CEC_meq_100g": 19.5,
        "topsoil_depth_cm": 20,
        "field_acres": 162,
        "latitude": 41.82,
        "longitude": -93.66,
        "yield_2023_bu_ac": 216.9,
        "yield_2024_bu_ac": 219.3,
        "yield_2025_bu_ac": 208.6
      }
    },
    {
      "type": "Feature",
      "geometry": {
        "type": "Polygon",
        "coordinates": [
          [
            [
              -93.455608,
              41.96
            ],
            [
              -93.456894,
              41.962329
            ],
            [
              -93.46,
              41.963294
            ],
            [
              -93.463106,
              41.962329
            ],
            [
              -93.464392,
              41.96
            ],
            [
              -93.463106,
              41.957671
            ],
            [
              -93.46,
              41.956706
            ],
            [
              -93.456894,
              41.957671
            ],
            [
              -93.455608,
              41.96
            ]
          ]
        ]
      },
      "properties": {
        "field_id": "F117",
        "field_name": "Back Forty",
        "commodity_2023": "Alfalfa",
        "drainage_class": "Poor",
        "organic_matter_pct": 1.8,
        "pH": 5.5,
        "CEC_meq_100g": 10.3,
        "topsoil_depth_cm": 18,
        "field_acres": 82,
        "latitude": 41.96,
        "longitude": -93.46,
        "yield_2023_bu_ac": 9.2,
        "yield_2024_bu_ac": 9.7,
        "yield_2025_bu_ac": 8.7
      }
    },
    {
      "type": "Feature",
      "geometry": {
        "type": "Polygon",
        "coordinates": [
          [
            [
              -93.483789,
              41.82
            ],
            [
              -93.485608,
              41.823294
            ],
            [
              -93.49,
              41.824658
            ],
            [
              -93.494392,
              41.823294
            ],
            [
              -93.496211,
              41.82
            ],
            [
              -93.494392,
              41.816706
            ],
            [
              -93.49,
              41.815342
            ],
            [
              -93.485608,
              41.816706
            ],
            [
              -93.483789,
              41.82
            ]
          ]
        ]
      },
      "properties": {
        "field_id": "F118",
        "field_name": "Front Acres",
        "commodity_2023": "Alfalfa",
        "drainage_class": "Moderately Well",
        "organic_matter_pct": 3.2,
        "pH": 7.2,
        "CEC_meq_100g": 14.4,
        "topsoil_depth_cm": 29,
        "field_acres": 164,
        "latitude": 41.82,
        "longitude": -93.49,
        "yield_2023_bu_ac": 9.8,
        "yield_2024_bu_ac": 10.5,
        "yield_2025_bu_ac": 10.3
      }
    },
    {
      "type": "Feature",
      "geometry": {
        "type": "Polygon",
        "coordinates": [
          [
            [
              -93.533107,
              41.78
            ],
            [
              -93.535126,
              41.783656
            ],
            [
              -93.54,
              41.78517
            ],
            [
              -93.544874,
              41.783656
            ],
            [
              -93.546893,
              41.78
            ],
            [
              -93.544874,
              41.776344
            ],
            [
              -93.54,
              41.77483
            ],
            [
              -93.535126,
              41.776344
            ],
            [
              -93.533107,
              41.78
            ]
          ]
        ]
      },
      "properties": {
        "field_id": "F119",
        "field_name": "Home Farm",
        "commodity_2023": "Corn",
        "drainage_class": "Moderately Well",
        "organic_matter_pct": 3.5,
        "pH": 7.4,
        "CEC_meq_100g": 15.8,
        "topsoil_depth_cm": 28,
        "field_acres": 202,
        "latitude": 41.78,
        "longitude": -93.54,
        "yield_2023_bu_ac": 215.0,
        "yield_2024_bu_ac": 229.5,
        "yield_2025_bu_ac": 204.6
      }
    },
    {
      "type": "Feature",
      "geometry": {
        "type": "Polygon",
        "coordinates": [
          [
            [
              -93.644665,
              42.02
            ],
            [
              -93.646227,
              42.022829
            ],
            [
              -93.65,
              42.024001
            ],
            [
              -93.653773,
              42.022829
            ],
            [
              -93.655335,
              42.02
            ],
            [
              -93.653773,
              42.017171
            ],
            [
              -93.65,
              42.015999
            ],
            [
              -93.646227,
              42.017171
            ],
            [
              -93.644665,
              42.02
            ]
          ]
        ]
      },
      "properties": {
        "field_id": "F120",
        "field_name": "Cross Creek",
        "commodity_2023": "Alfalfa",
        "drainage_class": "Very Poor",
        "organic_matter_pct": 4.3,
        "pH": 6.3,
        "CEC_meq_100g": 20.7,
        "topsoil_depth_cm": 39,
        "field_acres": 121,
        "latitude": 42.02,
        "longitude": -93.65,
        "yield_2023_bu_ac": 10.6,
        "yield_2024_bu_ac": 10.5,
        "yield_2025_bu_ac": 10.8
      }
    },
    {
      "type": "Feature",
      "geometry": {
        "type": "Polygon",
        "coordinates": [
          [
            [
              -93.722644,
              41.92
            ],
            [
              -93.724799,
              41.923901
            ],
            [
              -93.73,
              41.925517
            ],
            [
              -93.735201,
              41.923901
            ],
            [
              -93.737356,
              41.92
            ],
            [
              -93.735201,
              41.916099
            ],
            [
              -93.73,
              41.914483
            ],
            [
              -93.724799,
              41.916099
            ],
            [
              -93.722644,
              41.92
            ]
          ]
        ]
      },
      "properties": {
        "field_id": "F121",
        "field_name": "Deep Water",
        "commodity_2023": "Corn",
        "drainage_class": "Somewhat Poor",
        "organic_matter_pct": 3.2,
        "pH": 5.7,
        "CEC_meq_100g": 14.4,
        "topsoil_depth_cm": 20,
        "field_acres": 230,
        "latitude": 41.92,
        "longitude": -93.73,
        "yield_2023_bu_ac": 219.4,
        "yield_2024_bu_ac": 214.4,
        "yield_2025_bu_ac": 212.9
      }
    },
    {
      "type": "Feature",
      "geometry": {
        "type": "Polygon",
        "coordinates": [
          [
            [
              -93.60247,
              42.0
            ],
            [
              -93.604676,
              42.003993
            ],
            [
              -93.61,
              42.005647
            ],
            [
              -93.615324,
              42.003993
            ],
            [
              -93.61753,
              42.0
            ],
            [
              -93.615324,
              41.996007
            ],
            [
              -93.61,
              41.994353
            ],
            [
              -93.604676,
              41.996007
            ],
            [
              -93.60247,
              42.0
            ]
          ]
        ]
      },
      "properties": {
        "field_id": "F122",
        "field_name": "Sandy Loam",
        "commodity_2023": "Alfalfa",
        "drainage_class": "Well",
        "organic_matter_pct": 4.6,
        "pH": 5.7,
        "CEC_meq_100g": 20.7,
        "topsoil_depth_cm": 29,
        "field_acres": 241,
        "latitude": 42.0,
        "longitude": -93.61,
        "yield_2023_bu_ac": 11.3,
        "yield_2024_bu_ac": 10.0,
        "yield_2025_bu_ac": 10.1
      }
    },
    {
      "type": "Feature",
      "geometry": {
        "type": "Polygon",
        "coordinates": [
          [
            [
              -93.632533,
              41.83
            ],
            [
              -93.63472,
              41.83396
            ],
            [
              -93.64,
              41.8356
            ],
            [
              -93.64528,
              41.83396
            ],
            [
              -93.647467,
              41.83
            ],
            [
              -93.64528,
              41.82604
            ],
            [
              -93.64,
              41.8244
            ],
            [
              -93.63472,
              41.82604
            ],
            [
              -93.632533,
              41.83
            ]
          ]
        ]
      },
      "properties": {
        "field_id": "F123",
        "field_name": "Clay Bank",
        "commodity_2023": "Wheat",
        "drainage_class": "Moderately Well",
        "organic_matter_pct": 3.7,
        "pH": 5.6,
        "CEC_meq_100g": 18.1,
        "topsoil_depth_cm": 20,
        "field_acres": 237,
        "latitude": 41.83,
        "longitude": -93.64,
        "yield_2023_bu_ac": 56.7,
        "yield_2024_bu_ac": 63.1,
        "yield_2025_bu_ac": 59.2
      }
    },
    {
      "type": "Feature",
      "geometry": {
        "type": "Polygon",
        "coordinates": [
          [
            [
              -93.505884,
              41.89
            ],
            [
              -93.50709,
              41.892183
            ],
            [
              -93.51,
              41.893087
            ],
            [
              -93.51291,
              41.892183
            ],
            [
              -93.514116,
              41.89
            ],
            [
              -93.51291,
              41.887817
            ],
            [
              -93.51,
              41.886913
            ],
            [
              -93.50709,
              41.887817
            ],
            [
              -93.505884,
              41.89
            ]
          ]
        ]
      },
      "properties": {
        "field_id": "F124",
        "field_name": "Gravel Pit",
        "commodity_2023": "Wheat",
        "drainage_class": "Moderately Well",
        "organic_matter_pct": 2.9,
        "pH": 6.3,
        "CEC_meq_100g": 19.6,
        "topsoil_depth_cm": 25,
        "field_acres": 72,
        "latitude": 41.89,
        "longitude": -93.51,
        "yield_2023_bu_ac": 54.5,
        "yield_2024_bu_ac": 57.0,
        "yield_2025_bu_ac": 52.9
      }
    },
    {
      "type": "Feature",
      "geometry": {
        "type": "Polygon",
        "coordinates": [
          [
            [
              -93.622855,
              41.95
            ],
            [
              -93.624948,
              41.953789
            ],
            [
              -93.63,
              41.955359
            ],
            [
              -93.635052,
              41.953789
            ],
            [
              -93.637145,
              41.95
            ],
            [
              -93.635052,
              41.946211
            ],
            [
              -93.63,
              41.944641
            ],
            [
              -93.624948,
              41.946211
            ],
            [
              -93.622855,
              41.95
            ]
          ]
        ]
      },
      "properties": {
        "field_id": "F125",
        "field_name": "Timber Edge",
        "commodity_2023": "Corn",
        "drainage_class": "Well",
        "organic_matter_pct": 4.2,
        "pH": 6.1,
        "CEC_meq_100g": 20.4,
        "topsoil_depth_cm": 38,
        "field_acres": 217,
        "latitude": 41.95,
        "longitude": -93.63,
        "yield_2023_bu_ac": 225.1,
        "yield_2024_bu_ac": 230.5,
        "yield_2025_bu_ac": 230.7
      }
    },
    {
      "type": "Feature",
      "geometry": {
        "type": "Polygon",
        "coordinates": [
          [
            [
              -93.662741,
              42.01
            ],
            [
              -93.664867,
              42.01385
            ],
            [
              -93.67,
              42.015444
            ],
            [
              -93.675133,
              42.01385
            ],
            [
              -93.677259,
              42.01
            ],
            [
              -93.675133,
              42.00615
            ],
            [
              -93.67,
              42.004556
            ],
            [
              -93.664867,
              42.00615
            ],
            [
              -93.662741,
              42.01
            ]
          ]
        ]
      },
      "properties": {
        "field_id": "F126",
        "field_name": "Oak Hill",
        "commodity_2023": "Corn",
        "drainage_class": "Moderately Well",
        "organic_matter_pct": 2.5,
        "pH": 7.4,
        "CEC_meq_100g": 14.1,
        "topsoil_depth_cm": 23,
        "field_acres": 224,
        "latitude": 42.01,
        "longitude": -93.67,
        "yield_2023_bu_ac": 207.4,
        "yield_2024_bu_ac": 225.9,
        "yield_2025_bu_ac": 223.3
      }
    },
    {
      "type": "Feature",
      "geometry": {
        "type": "Polygon",
        "coordinates": [
          [
            [
              -93.545744,
              42.01
            ],
            [
              -93.546991,
              42.012257
            ],
            [
              -93.55,
              42.013192
            ],
            [
              -93.553009,
              42.012257
            ],
            [
              -93.554256,
              42.01
            ],
            [
              -93.553009,
              42.007743
            ],
            [
              -93.55,
              42.006808
            ],
            [
              -93.546991,
              42.007743
            ],
            [
              -93.545744,
              42.01
            ]
          ]
        ]
      },
      "properties": {
        "field_id": "F127",
        "field_name": "Maple Grove",
        "commodity_2023": "Alfalfa",
        "drainage_class": "Somewhat Poor",
        "organic_matter_pct": 3.0,
        "pH": 7.3,
        "CEC_meq_100g": 15.7,
        "topsoil_depth_cm": 23,
        "field_acres": 77,
        "latitude": 42.01,
        "longitude": -93.55,
        "yield_2023_bu_ac": 9.5,
        "yield_2024_bu_ac": 9.1,
        "yield_2025_bu_ac": 10.2
      }
    },
    {
      "type": "Feature",
      "geometry": {
        "type": "Polygon",
        "coordinates": [
          [
            [
              -93.712709,
              41.85
            ],
            [
              -93.714844,
              41.853867
            ],
            [
              -93.72,
              41.855469
            ],
            [
              -93.725156,
              41.853867
            ],
            [
              -93.727291,
              41.85
            ],
            [
              -93.725156,
              41.846133
            ],
            [
              -93.72,
              41.844531
            ],
            [
              -93.714844,
              41.846133
            ],
            [
              -93.712709,
              41.85
            ]
          ]
        ]
      },
      "properties": {
        "field_id": "F128",
        "field_name": "Cedar Lane",
        "commodity_2023": "Soybeans",
        "drainage_class": "Moderately Well",
        "organic_matter_pct": 2.9,
        "pH": 7.4,
        "CEC_meq_100g": 18.2,
        "topsoil_depth_cm": 27,
        "field_acres": 226,
        "latitude": 41.85,
        "longitude": -93.72,
        "yield_2023_bu_ac": 65.0,
        "yield_2024_bu_ac": 64.5,
        "yield_2025_bu_ac": 58.2
      }
    },
    {
      "type": "Feature",
      "geometry": {
        "type": "Polygon",
        "coordinates": [
          [
            [
              -93.623565,
              42.03
            ],
            [
              -93.62545,
              42.033412
            ],
            [
              -93.63,
              42.034826
            ],
            [
              -93.63455,
              42.033412
            ],
            [
              -93.636435,
              42.03
            ],
            [
              -93.63455,
              42.026588
            ],
            [
              -93.63,
              42.025174
            ],
            [
              -93.62545,
              42.026588
            ],
            [
              -93.623565,
              42.03
            ]
          ]
        ]
      },
      "properties": {
        "field_id": "F129",
        "field_name": "Pine Ridge",
        "commodity_2023": "Soybeans",
        "drainage_class": "Moderately Well",
        "organic_matter_pct": 3.9,
        "pH": 5.9,
        "CEC_meq_100g": 15.5,
        "topsoil_depth_cm": 22,
        "field_acres": 176,
        "latitude": 42.03,
        "longitude": -93.63,
        "yield_2023_bu_ac": 66.3,
        "yield_2024_bu_ac": 62.5,
        "yield_2025_bu_ac": 61.7
      }
    },
    {
      "type": "Feature",
      "geometry": {
        "type": "Polygon",
        "coordinates": [
          [
            [
              -93.655662,
              41.98
            ],
            [
              -93.656932,
              41.982301
            ],
            [
              -93.66,
              41.983254
            ],
            [
              -93.663068,
              41.982301
            ],
            [
              -93.664338,
              41.98
            ],
            [
              -93.663068,
              41.977699
            ],
            [
              -93.66,
              41.976746
            ],
            [
              -93.656932,
              41.977699
            ],
            [
              -93.655662,
              41.98
            ]
          ]
        ]
      },
      "properties": {
        "field_id": "F130",
        "field_name": "Birch Run",
        "commodity_2023": "Alfalfa",
        "drainage_class": "Poor",
        "organic_matter_pct": 2.4,
        "pH": 7.3,
        "CEC_meq_100g": 10.0,
        "topsoil_depth_cm": 10,
        "field_acres": 80,
        "latitude": 41.98,
        "longitude": -93.66,
        "yield_2023_bu_ac": 8.6,
        "yield_2024_bu_ac": 8.9,
        "yield_2025_bu_ac": 8.5
      }
    },
    {
      "type": "Feature",
      "geometry": {
        "type": "Polygon",
        "coordinates": [
          [
            [
              -93.634241,
              42.02
            ],
            [
              -93.635928,
              42.023054
            ],
            [
              -93.64,
              42.024319
            ],
            [
              -93.644072,
              42.023054
            ],
            [
              -93.645759,
              42.02
            ],
            [
              -93.644072,
              42.016946
            ],
            [
              -93.64,
              42.015681
            ],
            [
              -93.635928,
              42.016946
            ],
            [
              -93.634241,
              42.02
            ]
          ]
        ]
      },
      "properties": {
        "field_id": "F131",
        "field_name": "Willow Bend",
        "commodity_2023": "Soybeans",
        "drainage_class": "Well",
        "organic_matter_pct": 5.1,
        "pH": 6.5,
        "CEC_meq_100g": 18.8,
        "topsoil_depth_cm": 39,
        "field_acres": 141,
        "latitude": 42.02,
        "longitude": -93.64,
        "yield_2023_bu_ac": 76.2,
        "yield_2024_bu_ac": 80.4,
        "yield_2025_bu_ac": 82.1
      }
    },
    {
      "type": "Feature",
      "geometry": {
        "type": "Polygon",
        "coordinates": [
          [
            [
              -93.65247,
              41.92
            ],
            [
              -93.654676,
              41.923993
            ],
            [
              -93.66,
              41.925647
            ],
            [
              -93.665324,
              41.923993
            ],
            [
              -93.66753,
              41.92
            ],
            [
              -93.665324,
              41.916007
            ],
            [
              -93.66,
              41.914353
            ],
            [
              -93.654676,
              41.916007
            ],
            [
              -93.65247,
              41.92
            ]
          ]
        ]
      },
      "properties": {
        "field_id": "F132",
        "field_name": "Elm Creek",
        "commodity_2023": "Corn",
        "drainage_class": "Poor",
        "organic_matter_pct": 1.3,
        "pH": 6.8,
        "CEC_meq_100g": 11.5,
        "topsoil_depth_cm": 18,
        "field_acres": 241,
        "latitude": 41.92,
        "longitude": -93.66,
        "yield_2023_bu_ac": 178.6,
        "yield_2024_bu_ac": 199.8,
        "yield_2025_bu_ac": 180.3
      }
    },
    {
      "type": "Feature",
      "geometry": {
        "type": "Polygon",
        "coordinates": [
          [
            [
              -93.592549,
              41.83
            ],
            [
              -93.594731,
              41.833952
            ],
            [
              -93.6,
              41.835588
            ],
            [
              -93.605269,
              41.833952
            ],
            [
              -93.607451,
              41.83
            ],
            [
              -93.605269,
              41.826048
            ],
            [
              -93.6,
              41.824412
            ],
            [
              -93.594731,
              41.826048
            ],
            [
              -93.592549,
              41.83
            ]
          ]
        ]
      },
      "properties": {
        "field_id": "F133",
        "field_name": "Ash Grove",
        "commodity_2023": "Corn",
        "drainage_class": "Somewhat Poor",
        "organic_matter_pct": 3.2,
        "pH": 7.3,
        "CEC_meq_100g": 11.2,
        "topsoil_depth_cm": 20,
        "field_acres": 236,
        "latitude": 41.83,
        "longitude": -93.6,
        "yield_2023_bu_ac": 206.1,
        "yield_2024_bu_ac": 205.1,
        "yield_2025_bu_ac": 225.6
      }
    },
    {
      "type": "Feature",
      "geometry": {
        "type": "Polygon",
        "coordinates": [
          [
            [
              -93.734936,
              41.76
            ],
            [
              -93.736419,
              41.762685
            ],
            [
              -93.74,
              41.763798
            ],
            [
              -93.743581,
              41.762685
            ],
            [
              -93.745064,
              41.76
            ],
            [
              -93.743581,
              41.757315
            ],
            [
              -93.74,
              41.756202
            ],
            [
              -93.736419,
              41.757315
            ],
            [
              -93.734936,
              41.76
            ]
          ]
        ]
      },
      "properties": {
        "field_id": "F134",
        "field_name": "Spruce Point",
        "commodity_2023": "Wheat",
        "drainage_class": "Well",
        "organic_matter_pct": 4.7,
        "pH": 7.1,
        "CEC_meq_100g": 24.2,
        "topsoil_depth_cm": 34,
        "field_acres": 109,
        "latitude": 41.76,
        "longitude": -93.74,
        "yield_2023_bu_ac": 72.6,
        "yield_2024_bu_ac": 67.1,
        "yield_2025_bu_ac": 69.3
      }
    },
    {
      "type": "Feature",
      "geometry": {
        "type": "Polygon",
        "coordinates": [
          [
            [
              -93.602741,
              42.01
            ],
            [
              -93.604867,
              42.01385
            ],
            [
              -93.61,
              42.015444
            ],
            [
              -93.615133,
              42.01385
            ],
            [
              -93.617259,
              42.01
            ],
            [
              -93.615133,
              42.00615
            ],
            [
              -93.61,
              42.004556
            ],
            [
              -93.604867,
              42.00615
            ],
            [
              -93.602741,
              42.01
            ]
          ]
        ]
      },
      "properties": {
        "field_id": "F135",
        "field_name": "Fir Branch",
        "commodity_2023": "Wheat",
        "drainage_class": "Well",
        "organic_matter_pct": 5.0,
        "pH": 5.6,
        "CEC_meq_100g": 22.8,
        "topsoil_depth_cm": 34,
        "field_acres": 224,
        "latitude": 42.01,
        "longitude": -93.61,
        "yield_2023_bu_ac": 71.7,
        "yield_2024_bu_ac": 70.0,
        "yield_2025_bu_ac": 65.8
      }
    },
    {
      "type": "Feature",
      "geometry": {
        "type": "Polygon",
        "coordinates": [
          [
            [
              -93.615298,
              41.99
            ],
            [
              -93.616675,
              41.992494
            ],
            [
              -93.62,
              41.993527
            ],
            [
              -93.623325,
              41.992494
            ],
            [
              -93.624702,
              41.99
            ],
            [
              -93.623325,
              41.987506
            ],
            [
              -93.62,
              41.986473
            ],
            [
              -93.616675,
              41.987506
            ],
            [
              -93.615298,
              41.99
            ]
          ]
        ]
      },
      "properties": {
        "field_id": "F136",
        "field_name": "Juniper Field",
        "commodity_2023": "Alfalfa",
        "drainage_class": "Poor",
        "organic_matter_pct": 2.1,
        "pH": 5.8,
        "CEC_meq_100g": 8.2,
        "topsoil_depth_cm": 14,
        "field_acres": 94,
        "latitude": 41.99,
        "longitude": -93.62,
        "yield_2023_bu_ac": 8.8,
        "yield_2024_bu_ac": 9.6,
        "yield_2025_bu_ac": 9.5
      }
    },
    {
      "type": "Feature",
      "geometry": {
        "type": "Polygon",
        "coordinates": [
          [
            [
              -93.635399,
              41.86
            ],
            [
              -93.636746,
              41.86244
            ],
            [
              -93.64,
              41.863451
            ],
            [
              -93.643254,
              41.86244
            ],
            [
              -93.644601,
              41.86
            ],
            [
              -93.643254,
              41.85756
            ],
            [
              -93.64,
              41.856549
            ],
            [
              -93.636746,
              41.85756
            ],
            [
              -93.635399,
              41.86
            ]
          ]
        ]
      },
      "properties": {
        "field_id": "F137",
        "field_name": "Cypress Swamp",
        "commodity_2023": "Soybeans",
        "drainage_class": "Moderately Well",
        "organic_matter_pct": 3.3,
        "pH": 6.2,
        "CEC_meq_100g": 16.3,
        "topsoil_depth_cm": 31,
        "field_acres": 90,
        "latitude": 41.86,
        "longitude": -93.64,
        "yield_2023_bu_ac": 66.3,
        "yield_2024_bu_ac": 67.6,
        "yield_2025_bu_ac": 65.1
      }
    },
    {
      "type": "Feature",
      "geometry": {
        "type": "Polygon",
        "coordinates": [
          [
            [
              -93.623439,
              42.03
            ],
            [
              -93.625361,
              42.03348
            ],
            [
              -93.63,
              42.034921
            ],
            [
              -93.634639,
              42.03348
            ],
            [
              -93.636561,
              42.03
            ],
            [
              -93.634639,
              42.02652
            ],
            [
              -93.63,
              42.025079
            ],
            [
              -93.625361,
              42.02652
            ],
            [
              -93.623439,
              42.03
            ]
          ]
        ]
      },
      "properties": {
        "field_id": "F138",
        "field_name": "Redbud Patch",
        "commodity_2023": "Corn",
        "drainage_class": "Very Poor",
        "organic_matter_pct": 3.6,
        "pH": 7.5,
        "CEC_meq_100g": 23.8,
        "topsoil_depth_cm": 35,
        "field_acres": 183,
        "latitude": 42.03,
        "longitude": -93.63,
        "yield_2023_bu_ac": 235.7,
        "yield_2024_bu_ac": 237.1,
        "yield_2025_bu_ac": 217.7
      }
    },
    {
      "type": "Feature",
      "geometry": {
        "type": "Polygon",
        "coordinates": [
          [
            [
              -93.593262,
              42.04
            ],
            [
              -93.595235,
              42.043573
            ],
            [
              -93.6,
              42.045054
            ],
            [
              -93.604765,
              42.043573
            ],
            [
              -93.606738,
              42.04
            ],
            [
              -93.604765,
              42.036427
            ],
            [
              -93.6,
              42.034946
            ],
            [
              -93.595235,
              42.036427
            ],
            [
              -93.593262,
              42.04
            ]
          ]
        ]
      },
      "properties": {
        "field_id": "F139",
        "field_name": "Dogwood Corner",
        "commodity_2023": "Soybeans",
        "drainage_class": "Well",
        "organic_matter_pct": 4.9,
        "pH": 6.5,
        "CEC_meq_100g": 20.3,
        "topsoil_depth_cm": 29,
        "field_acres": 193,
        "latitude": 42.04,
        "longitude": -93.6,
        "yield_2023_bu_ac": 78.5,
        "yield_2024_bu_ac": 76.3,
        "yield_2025_bu_ac": 78.3
      }
    },
    {
      "type": "Feature",
      "geometry": {
        "type": "Polygon",
        "coordinates": [
          [
            [
              -93.662725,
              41.81
            ],
            [
              -93.664856,
              41.813858
            ],
            [
              -93.67,
              41.815456
            ],
            [
              -93.675144,
              41.813858
            ],
            [
              -93.677275,
              41.81
            ],
            [
              -93.675144,
              41.806142
            ],
            [
              -93.67,
              41.804544
            ],
            [
              -93.664856,
              41.806142
            ],
            [
              -93.662725,
              41.81
            ]
          ]
        ]
      },
      "properties": {
        "field_id": "F140",
        "field_name": "Magnolia Plot",
        "commodity_2023": "Soybeans",
        "drainage_class": "Well",
        "organic_matter_pct": 4.4,
        "pH": 7.2,
        "CEC_meq_100g": 24.8,
        "topsoil_depth_cm": 36,
        "field_acres": 225,
        "latitude": 41.81,
        "longitude": -93.67,
        "yield_2023_bu_ac": 80.5,
        "yield_2024_bu_ac": 72.7,
        "yield_2025_bu_ac": 76.5
      }
    },
    {
      "type": "Feature",
      "geometry": {
        "type": "Polygon",
        "coordinates": [
          [
            [
              -93.633279,
              41.79
            ],
            [
              -93.635248,
              41.793564
            ],
            [
              -93.64,
              41.79504
            ],
            [
              -93.644752,
              41.793564
            ],
            [
              -93.646721,
              41.79
            ],
            [
              -93.644752,
              41.786436
            ],
            [
              -93.64,
              41.78496
            ],
            [
              -93.635248,
              41.786436
            ],
            [
              -93.633279,
              41.79
            ]
          ]
        ]
      },
      "properties": {
        "field_id": "F141",
        "field_name": "Hickory Hollow",
        "commodity_2023": "Wheat",
        "drainage_class": "Well",
        "organic_matter_pct": 5.5,
        "pH": 7.3,
        "CEC_meq_100g": 19.8,
        "topsoil_depth_cm": 30,
        "field_acres": 192,
        "latitude": 41.79,
        "longitude": -93.64,
        "yield_2023_bu_ac": 66.3,
        "yield_2024_bu_ac": 70.2,
        "yield_2025_bu_ac": 70.5
      }
    },
    {
      "type": "Feature",
      "geometry": {
        "type": "Polygon",
        "coordinates": [
          [
            [
              -93.543981,
              41.78
            ],
            [
              -93.545744,
              41.783192
            ],
            [
              -93.55,
              41.784514
            ],
            [
              -93.554256,
              41.783192
            ],
            [
              -93.556019,
              41.78
            ],
            [
              -93.554256,
              41.776808
            ],
            [
              -93.55,
              41.775486
            ],
            [
              -93.545744,
              41.776808
            ],
            [
              -93.543981,
              41.78
            ]
          ]
        ]
      },
      "properties": {
        "field_id": "F142",
        "field_name": "Walnut Grove",
        "commodity_2023": "Corn",
        "drainage_class": "Well",
        "organic_matter_pct": 5.2,
        "pH": 5.6,
        "CEC_meq_100g": 23.6,
        "topsoil_depth_cm": 35,
        "field_acres": 154,
        "latitude": 41.78,
        "longitude": -93.55,
        "yield_2023_bu_ac": 239.5,
        "yield_2024_bu_ac": 253.5,
        "yield_2025_bu_ac": 258.3
      }
    },
    {
      "type": "Feature",
      "geometry": {
        "type": "Polygon",
        "coordinates": [
          [
            [
              -93.453005,
              42.0
            ],
            [
              -93.455054,
              42.00371
            ],
            [
              -93.46,
              42.005246
            ],
            [
              -93.464946,
              42.00371
            ],
            [
              -93.466995,
              42.0
            ],
            [
              -93.464946,
              41.99629
            ],
            [
              -93.46,
              41.994754
            ],
            [
              -93.455054,
              41.99629
            ],
            [
              -93.453005,
              42.0
            ]
          ]
        ]
      },
      "properties": {
        "field_id": "F143",
        "field_name": "Chestnut Hill",
        "commodity_2023": "Corn",
        "drainage_class": "Poor",
        "organic_matter_pct": 1.9,
        "pH": 7.3,
        "CEC_meq_100g": 11.2,
        "topsoil_depth_cm": 15,
        "field_acres": 208,
        "latitude": 42.0,
        "longitude": -93.46,
        "yield_2023_bu_ac": 176.9,
        "yield_2024_bu_ac": 189.9,
        "yield_2025_bu_ac": 186.8
      }
    },
    {
      "type": "Feature",
      "geometry": {
        "type": "Polygon",
        "coordinates": [
          [
            [
              -93.562424,
              42.01
            ],
            [
              -93.564643,
              42.014018
            ],
            [
              -93.57,
              42.015682
            ],
            [
              -93.575357,
              42.014018
            ],
            [
              -93.577576,
              42.01
            ],
            [
              -93.575357,
              42.005982
            ],
            [
              -93.57,
              42.004318
            ],
            [
              -93.564643,
              42.005982
            ],
            [
              -93.562424,
              42.01
            ]
          ]
        ]
      },
      "properties": {
        "field_id": "F144",
        "field_name": "Sycamore Ridge",
        "commodity_2023": "Corn",
        "drainage_class": "Well",
        "organic_matter_pct": 5.4,
        "pH": 6.8,
        "CEC_meq_100g": 25.3,
        "topsoil_depth_cm": 28,
        "field_acres": 244,
        "latitude": 42.01,
        "longitude": -93.57,
        "yield_2023_bu_ac": 246.5,
        "yield_2024_bu_ac": 244.4,
        "yield_2025_bu_ac": 257.0
      }
    },
    {
      "type": "Feature",
      "geometry": {
        "type": "Polygon",
        "coordinates": [
          [
            [
              -93.572988,
              42.04
            ],
            [
              -93.575042,
              42.043719
            ],
            [
              -93.58,
              42.045259
            ],
            [
              -93.584958,
              42.043719
            ],
            [
              -93.587012,
              42.04
            ],
            [
              -93.584958,
              42.036281
            ],
            [
              -93.58,
              42.034741
            ],
            [
              -93.575042,
              42.036281
            ],
            [
              -93.572988,
              42.04
            ]
          ]
        ]
      },
      "properties": {
        "field_id": "F145",
        "field_name": "Poplar Field",
        "commodity_2023": "Alfalfa",
        "drainage_class": "Somewhat Poor",
        "organic_matter_pct": 2.8,
        "pH": 7.5,
        "CEC_meq_100g": 14.7,
        "topsoil_depth_cm": 25,
        "field_acres": 209,
        "latitude": 42.04,
        "longitude": -93.58,
        "yield_2023_bu_ac": 10.6,
        "yield_2024_bu_ac": 10.3,
        "yield_2025_bu_ac": 10.4
      }
    },
    {
      "type": "Feature",
      "geometry": {
        "type": "Polygon",
        "coordinates": [
          [
            [
              -93.642581,
              41.9
            ],
            [
              -93.644754,
              41.903935
            ],
            [
              -93.65,
              41.905565
            ],
            [
              -93.655246,
              41.903935
            ],
            [
              -93.657419,
              41.9
            ],
            [
              -93.655246,
              41.896065
            ],
            [
              -93.65,
              41.894435
            ],
            [
              -93.644754,
              41.896065
            ],
            [
              -93.642581,
              41.9
            ]
          ]
        ]
      },
      "properties": {
        "field_id": "F146",
        "field_name": "Cotton Row",
        "commodity_2023": "Soybeans",
        "drainage_class": "Poor",
        "organic_matter_pct": 1.6,
        "pH": 5.7,
        "CEC_meq_100g": 10.4,
        "topsoil_depth_cm": 12,
        "field_acres": 234,
        "latitude": 41.9,
        "longitude": -93.65,
        "yield_2023_bu_ac": 47.0,
        "yield_2024_bu_ac": 52.0,
        "yield_2025_bu_ac": 48.5
      }
    },
    {
      "type": "Feature",
      "geometry": {
        "type": "Polygon",
        "coordinates": [
          [
            [
              -93.613547,
              41.96
            ],
            [
              -93.615437,
              41.963422
            ],
            [
              -93.62,
              41.96484
            ],
            [
              -93.624563,
              41.963422
            ],
            [
              -93.626453,
              41.96
            ],
            [
              -93.624563,
              41.956578
            ],
            [
              -93.62,
              41.95516
            ],
            [
              -93.615437,
              41.956578
            ],
            [
              -93.613547,
              41.96
            ]
          ]
        ]
      },
      "properties": {
        "field_id": "F147",
        "field_name": "Tobacco Barn",
        "commodity_2023": "Corn",
        "drainage_class": "Somewhat Poor",
        "organic_matter_pct": 2.6,
        "pH": 6.0,
        "CEC_meq_100g": 13.3,
        "topsoil_depth_cm": 21,
        "field_acres": 177,
        "latitude": 41.96,
        "longitude": -93.62,
        "yield_2023_bu_ac": 203.2,
        "yield_2024_bu_ac": 214.4,
        "yield_2025_bu_ac": 204.4
      }
    },
    {
      "type": "Feature",
      "geometry": {
        "type": "Polygon",
        "coordinates": [
          [
            [
              -93.624428,
              41.97
            ],
            [
              -93.62606,
              41.972955
            ],
            [
              -93.63,
              41.974179
            ],
            [
              -93.63394,
              41.972955
            ],
            [
              -93.635572,
              41.97
            ],
            [
              -93.63394,
              41.967045
            ],
            [
              -93.63,
              41.965821
            ],
            [
              -93.62606,
              41.967045
            ],
            [
              -93.624428,
              41.97
            ]
          ]
        ]
      },
      "properties": {
        "field_id": "F148",
        "field_name": "Corn Patch",
        "commodity_2023": "Corn",
        "drainage_class": "Poor",
        "organic_matter_pct": 1.6,
        "pH": 6.2,
        "CEC_meq_100g": 12.0,
        "topsoil_depth_cm": 10,
        "field_acres": 132,
        "latitude": 41.97,
        "longitude": -93.63,
        "yield_2023_bu_ac": 180.0,
        "yield_2024_bu_ac": 202.5,
        "yield_2025_bu_ac": 186.2
      }
    },
    {
      "type": "Feature",
      "geometry": {
        "type": "Polygon",
        "coordinates": [
          [
            [
              -93.673602,
              42.03
            ],
            [
              -93.675476,
              42.033393
            ],
            [
              -93.68,
              42.034798
            ],
            [
              -93.684524,
              42.033393
            ],
            [
              -93.686398,
              42.03
            ],
            [
              -93.684524,
              42.026607
            ],
            [
              -93.68,
              42.025202
            ],
            [
              -93.675476,
              42.026607
            ],
            [
              -93.673602,
              42.03
            ]
          ]
        ]
      },
      "properties": {
        "field_id": "F149",
        "field_name": "Soybean Field",
        "commodity_2023": "Alfalfa",
        "drainage_class": "Somewhat Poor",
        "organic_matter_pct": 3.0,
        "pH": 6.7,
        "CEC_meq_100g": 11.5,
        "topsoil_depth_cm": 24,
        "field_acres": 174,
        "latitude": 42.03,
        "longitude": -93.68,
        "yield_2023_bu_ac": 9.3,
        "yield_2024_bu_ac": 10.6,
        "yield_2025_bu_ac": 9.6
      }
    },
    {
      "type": "Feature",
      "geometry": {
        "type": "Polygon",
        "coordinates": [
          [
            [
              -93.623493,
              41.9
            ],
            [
              -93.625399,
              41.903451
            ],
            [
              -93.63,
              41.90488
            ],
            [
              -93.634601,
              41.903451
            ],
            [
              -93.636507,
              41.9
            ],
            [
              -93.634601,
              41.896549
            ],
            [
              -93.63,
              41.89512
            ],
            [
              -93.625399,
              41.896549
            ],
            [
              -93.623493,
              41.9
            ]
          ]
        ]
      },
      "properties": {
        "field_id": "F150",
        "field_name": "Wheat Acre",
        "commodity_2023": "Corn",
        "drainage_class": "Well",
        "organic_matter_pct": 5.1,
        "pH": 6.6,
        "CEC_meq_100g": 18.7,
        "topsoil_depth_cm": 31,
        "field_acres": 180,
        "latitude": 41.9,
        "longitude": -93.63,
        "yield_2023_bu_ac": 230.1,
        "yield_2024_bu_ac": 249.0,
        "yield_2025_bu_ac": 248.4
      }
    },
    {
      "type": "Feature",
      "geometry": {
        "type": "Polygon",
        "coordinates": [
          [
            [
              -93.513385,
              41.84
            ],
            [
              -93.515323,
              41.843508
            ],
            [
              -93.52,
              41.844961
            ],
            [
              -93.524677,
              41.843508
            ],
            [
              -93.526615,
              41.84
            ],
            [
              -93.524677,
              41.836492
            ],
            [
              -93.52,
              41.835039
            ],
            [
              -93.515323,
              41.836492
            ],
            [
              -93.513385,
              41.84
            ]
          ]
        ]
      },
      "properties": {
        "field_id": "F151",
        "field_name": "Alfalfa Stand",
        "commodity_2023": "Wheat",
        "drainage_class": "Well",
        "organic_matter_pct": 5.1,
        "pH": 5.5,
        "CEC_meq_100g": 23.2,
        "topsoil_depth_cm": 41,
        "field_acres": 186,
        "latitude": 41.84,
        "longitude": -93.52,
        "yield_2023_bu_ac": 72.8,
        "yield_2024_bu_ac": 70.8,
        "yield_2025_bu_ac": 76.7
      }
    },
    {
      "type": "Feature",
      "geometry": {
        "type": "Polygon",
        "coordinates": [
          [
            [
              -93.56422,
              42.02
            ],
            [
              -93.565913,
              42.023065
            ],
            [
              -93.57,
              42.024335
            ],
            [
              -93.574087,
              42.023065
            ],
            [
              -93.57578,
              42.02
            ],
            [
              -93.574087,
              42.016935
            ],
            [
              -93.57,
              42.015665
            ],
            [
              -93.565913,
              42.016935
            ],
            [
              -93.56422,
              42.02
            ]
          ]
        ]
      },
      "properties": {
        "field_id": "F152",
        "field_name": "Clover Field",
        "commodity_2023": "Soybeans",
        "drainage_class": "Moderately Well",
        "organic_matter_pct": 3.6,
        "pH": 6.7,
        "CEC_meq_100g": 19.4,
        "topsoil_depth_cm": 31,
        "field_acres": 142,
        "latitude": 42.02,
        "longitude": -93.57,
        "yield_2023_bu_ac": 65.7,
        "yield_2024_bu_ac": 62.5,
        "yield_2025_bu_ac": 70.8
      }
    },
    {
      "type": "Feature",
      "geometry": {
        "type": "Polygon",
        "coordinates": [
          [
            [
              -93.603056,
              41.96
            ],
            [
              -93.60509,
              41.963683
            ],
            [
              -93.61,
              41.965208
            ],
            [
              -93.61491,
              41.963683
            ],
            [
              -93.616944,
              41.96
            ],
            [
              -93.61491,
              41.956317
            ],
            [
              -93.61,
              41.954792
            ],
            [
              -93.60509,
              41.956317
            ],
            [
              -93.603056,
              41.96
            ]
          ]
        ]
      },
      "properties": {
        "field_id": "F153",
        "field_name": "Bluegrass Pasture",
        "commodity_2023": "Soybeans",
        "drainage_class": "Well",
        "organic_matter_pct": 5.2,
        "pH": 6.8,
        "CEC_meq_100g": 19.0,
        "topsoil_depth_cm": 32,
        "field_acres": 205,
        "latitude": 41.96,
        "longitude": -93.61,
        "yield_2023_bu_ac": 80.4,
        "yield_2024_bu_ac": 82.4,
        "yield_2025_bu_ac": 81.0
      }
    },
    {
      "type": "Feature",
      "geometry": {
        "type": "Polygon",
        "coordinates": [
          [
            [
              -93.743903,
              41.88
            ],
            [
              -93.745689,
              41.883233
            ],
            [
              -93.75,
              41.884572
            ],
            [
              -93.754311,
              41.883233
            ],
            [
              -93.756097,
              41.88
            ],
            [
              -93.754311,
              41.876767
            ],
            [
              -93.75,
              41.875428
            ],
            [
              -93.745689,
              41.876767
            ],
            [
              -93.743903,
              41.88
            ]
          ]
        ]
      },
      "properties": {
        "field_id": "F154",
        "field_name": "Fescue Meadow",
        "commodity_2023": "Soybeans",
        "drainage_class": "Poor",
        "organic_matter_pct": 1.6,
        "pH": 5.9,
        "CEC_meq_100g": 8.1,
        "topsoil_depth_cm": 10,
        "field_acres": 158,
        "latitude": 41.88,
        "longitude": -93.75,
        "yield_2023_bu_ac": 46.8,
        "yield_2024_bu_ac": 52.3,
        "yield_2025_bu_ac": 55.1
      }
    },
    {
      "type": "Feature",
      "geometry": {
        "type": "Polygon",
        "coordinates": [
          [
            [
              -93.613439,
              42.03
            ],
            [
              -93.615361,
              42.03348
            ],
            [
              -93.62,
              42.034921
            ],
            [
              -93.624639,
              42.03348
            ],
            [
              -93.626561,
              42.03
            ],
            [
              -93.624639,
              42.02652
            ],
            [
              -93.62,
              42.025079
            ],
            [
              -93.615361,
              42.02652
            ],
            [
              -93.613439,
              42.03
            ]
          ]
        ]
      },
      "properties": {
        "field_id": "F155",
        "field_name": "Timothy Lot",
        "commodity_2023": "Alfalfa",
        "drainage_class": "Very Poor",
        "organic_matter_pct": 3.4,
        "pH": 6.4,
        "CEC_meq_100g": 23.1,
        "topsoil_depth_cm": 45,
        "field_acres": 183,
        "latitude": 42.03,
        "longitude": -93.62,
        "yield_2023_bu_ac": 10.3,
        "yield_2024_bu_ac": 11.5,
        "yield_2025_bu_ac": 11.0
      }
    },
    {
      "type": "Feature",
      "geometry": {
        "type": "Polygon",
        "coordinates": [
          [
            [
              -93.645772,
              41.9
            ],
            [
              -93.64701,
              41.902242
            ],
            [
              -93.65,
              41.903171
            ],
            [
              -93.65299,
              41.902242
            ],
            [
              -93.654228,
              41.9
            ],
            [
              -93.65299,
              41.897758
            ],
            [
              -93.65,
              41.896829
            ],
            [
              -93.64701,
              41.897758
            ],
            [
              -93.645772,
              41.9
            ]
          ]
        ]
      },
      "properties": {
        "field_id": "F156",
        "field_name": "Brome Grass",
        "commodity_2023": "Soybeans",
        "drainage_class": "Somewhat Poor",
        "organic_matter_pct": 2.4,
        "pH": 6.2,
        "CEC_meq_100g": 12.1,
        "topsoil_depth_cm": 25,
        "field_acres": 76,
        "latitude": 41.9,
        "longitude": -93.65,
        "yield_2023_bu_ac": 56.6,
        "yield_2024_bu_ac": 60.8,
        "yield_2025_bu_ac": 53.3
      }
    },
    {
      "type": "Feature",
      "geometry": {
        "type": "Polygon",
        "coordinates": [
          [
            [
              -93.555424,
              41.84
            ],
            [
              -93.556765,
              41.842427
            ],
            [
              -93.56,
              41.843432
            ],
            [
              -93.563235,
              41.842427
            ],
            [
              -93.564576,
              41.84
            ],
            [
              -93.563235,
              41.837573
            ],
            [
              -93.56,
              41.836568
            ],
            [
              -93.556765,
              41.837573
            ],
            [
              -93.555424,
              41.84
            ]
          ]
        ]
      },
      "properties": {
        "field_id": "F157",
        "field_name": "Orchard Row",
        "commodity_2023": "Corn",
        "drainage_class": "Poor",
        "organic_matter_pct": 1.9,
        "pH": 7.2,
        "CEC_meq_100g": 10.6,
        "topsoil_depth_cm": 17,
        "field_acres": 89,
        "latitude": 41.84,
        "longitude": -93.56,
        "yield_2023_bu_ac": 191.8,
        "yield_2024_bu_ac": 203.0,
        "yield_2025_bu_ac": 211.4
      }
    },
    {
      "type": "Feature",
      "geometry": {
        "type": "Polygon",
        "coordinates": [
          [
            [
              -93.585744,
              42.0
            ],
            [
              -93.586991,
              42.002257
            ],
            [
              -93.59,
              42.003192
            ],
            [
              -93.593009,
              42.002257
            ],
            [
              -93.594256,
              42.0
            ],
            [
              -93.593009,
              41.997743
            ],
            [
              -93.59,
              41.996808
            ],
            [
              -93.586991,
              41.997743
            ],
            [
              -93.585744,
              42.0
            ]
          ]
        ]
      },
      "properties": {
        "field_id": "F158",
        "field_name": "Vineyard Hill",
        "commodity_2023": "Wheat",
        "drainage_class": "Poor",
        "organic_matter_pct": 1.8,
        "pH": 6.9,
        "CEC_meq_100g": 7.4,
        "topsoil_depth_cm": 13,
        "field_acres": 77,
        "latitude": 42.0,
        "longitude": -93.59,
        "yield_2023_bu_ac": 48.2,
        "yield_2024_bu_ac": 47.3,
        "yield_2025_bu_ac": 41.8
      }
    },
    {
      "type": "Feature",
      "geometry": {
        "type": "Polygon",
        "coordinates": [
          [
            [
              -93.553297,
              41.87
            ],
            [
              -93.55526,
              41.873555
            ],
            [
              -93.56,
              41.875027
            ],
            [
              -93.56474,
              41.873555
            ],
            [
              -93.566703,
              41.87
            ],
            [
              -93.56474,
              41.866445
            ],
            [
              -93.56,
              41.864973
            ],
            [
              -93.55526,
              41.866445
            ],
            [
              -93.553297,
              41.87
            ]
          ]
        ]
      },
      "properties": {
        "field_id": "F159",
        "field_name": "Berry Patch",
        "commodity_2023": "Wheat",
        "drainage_class": "Somewhat Poor",
        "organic_matter_pct": 2.7,
        "pH": 6.3,
        "CEC_meq_100g": 13.4,
        "topsoil_depth_cm": 22,
        "field_acres": 191,
        "latitude": 41.87,
        "longitude": -93.56,
        "yield_2023_bu_ac": 57.2,
        "yield_2024_bu_ac": 58.8,
        "yield_2025_bu_ac": 56.4
      }
    },
    {
      "type": "Feature",
      "geometry": {
        "type": "Polygon",
        "coordinates": [
          [
            [
              -93.463713,
              41.88
            ],
            [
              -93.465555,
              41.883334
            ],
            [
              -93.47,
              41.884715
            ],
            [
              -93.474445,
              41.883334
            ],
            [
              -93.476287,
              41.88
            ],
            [
              -93.474445,
              41.876666
            ],
            [
              -93.47,
              41.875285
            ],
            [
              -93.465555,
              41.876666
            ],
            [
              -93.463713,
              41.88
            ]
          ]
        ]
      },
      "properties": {
        "field_id": "F160",
        "field_name": "Vegetable Plot",
        "commodity_2023": "Alfalfa",
        "drainage_class": "Well",
        "organic_matter_pct": 4.2,
        "pH": 6.4,
        "CEC_meq_100g": 18.5,
        "topsoil_depth_cm": 35,
        "field_acres": 168,
        "latitude": 41.88,
        "longitude": -93.47,
        "yield_2023_bu_ac": 11.7,
        "yield_2024_bu_ac": 10.3,
        "yield_2025_bu_ac": 10.1
      }
    },
    {
      "type": "Feature",
      "geometry": {
        "type": "Polygon",
        "coordinates": [
          [
            [
              -93.633493,
              42.0
            ],
            [
              -93.635399,
              42.003451
            ],
            [
              -93.64,
              42.00488
            ],
            [
              -93.644601,
              42.003451
            ],
            [
              -93.646507,
              42.0
            ],
            [
              -93.644601,
              41.996549
            ],
            [
              -93.64,
              41.99512
            ],
            [
              -93.635399,
              41.996549
            ],
            [
              -93.633493,
              42.0
            ]
          ]
        ]
      },
      "properties": {
        "field_id": "F161",
        "field_name": "Garden Row",
        "commodity_2023": "Alfalfa",
        "drainage_class": "Moderately Well",
        "organic_matter_pct": 2.7,
        "pH": 5.6,
        "CEC_meq_100g": 15.9,
        "topsoil_depth_cm": 26,
        "field_acres": 180,
        "latitude": 42.0,
        "longitude": -93.64,
        "yield_2023_bu_ac": 8.8,
        "yield_2024_bu_ac": 9.1,
        "yield_2025_bu_ac": 8.8
      }
    },
    {
      "type": "Feature",
      "geometry": {
        "type": "Polygon",
        "coordinates": [
          [
            [
              -93.71416,
              41.76
            ],
            [
              -93.71587,
              41.763097
            ],
            [
              -93.72,
              41.76438
            ],
            [
              -93.72413,
              41.763097
            ],
            [
              -93.72584,
              41.76
            ],
            [
              -93.72413,
              41.756903
            ],
            [
              -93.72,
              41.75562
            ],
            [
              -93.71587,
              41.756903
            ],
            [
              -93.71416,
              41.76
            ]
          ]
        ]
      },
      "properties": {
        "field_id": "F162",
        "field_name": "Orchard Acre",
        "commodity_2023": "Corn",
        "drainage_class": "Poor",
        "organic_matter_pct": 1.7,
        "pH": 6.1,
        "CEC_meq_100g": 8.6,
        "topsoil_depth_cm": 11,
        "field_acres": 145,
        "latitude": 41.76,
        "longitude": -93.72,
        "yield_2023_bu_ac": 181.2,
        "yield_2024_bu_ac": 193.7,
        "yield_2025_bu_ac": 185.4
      }
    },
    {
      "type": "Feature",
      "geometry": {
        "type": "Polygon",
        "coordinates": [
          [
            [
              -93.573073,
              41.9
            ],
            [
              -93.575102,
              41.903674
            ],
            [
              -93.58,
              41.905196
            ],
            [
              -93.584898,
              41.903674
            ],
            [
              -93.586927,
              41.9
            ],
            [
              -93.584898,
              41.896326
            ],
            [
              -93.58,
              41.894804
            ],
            [
              -93.575102,
              41.896326
            ],
            [
              -93.573073,
              41.9
            ]
          ]
        ]
      },
      "properties": {
        "field_id": "F163",
        "field_name": "Fruit Grove",
        "commodity_2023": "Wheat",
        "drainage_class": "Somewhat Poor",
        "organic_matter_pct": 3.5,
        "pH": 6.9,
        "CEC_meq_100g": 15.2,
        "topsoil_depth_cm": 23,
        "field_acres": 204,
        "latitude": 41.9,
        "longitude": -93.58,
        "yield_2023_bu_ac": 58.2,
        "yield_2024_bu_ac": 51.8,
        "yield_2025_bu_ac": 57.4
      }
    },
    {
      "type": "Feature",
      "geometry": {
        "type": "Polygon",
        "coordinates": [
          [
            [
              -93.52406,
              42.02
            ],
            [
              -93.5258,
              42.02315
            ],
            [
              -93.53,
              42.024455
            ],
            [
              -93.5342,
              42.02315
            ],
            [
              -93.53594,
              42.02
            ],
            [
              -93.5342,
              42.01685
            ],
            [
              -93.53,
              42.015545
            ],
            [
              -93.5258,
              42.01685
            ],
            [
              -93.52406,
              42.02
            ]
          ]
        ]
      },
      "properties": {
        "field_id": "F164",
        "field_name": "Nut Orchard",
        "commodity_2023": "Alfalfa",
        "drainage_class": "Poor",
        "organic_matter_pct": 1.3,
        "pH": 6.7,
        "CEC_meq_100g": 11.1,
        "topsoil_depth_cm": 13,
        "field_acres": 150,
        "latitude": 42.02,
        "longitude": -93.53,
        "yield_2023_bu_ac": 7.4,
        "yield_2024_bu_ac": 8.4,
        "yield_2025_bu_ac": 8.8
      }
    },
    {
      "type": "Feature",
      "geometry": {
        "type": "Polygon",
        "coordinates": [
          [
            [
              -93.734599,
              41.86
            ],
            [
              -93.736181,
              41.862864
            ],
            [
              -93.74,
              41.864051
            ],
            [
              -93.743819,
              41.862864
            ],
            [
              -93.745401,
              41.86
            ],
            [
              -93.743819,
              41.857136
            ],
            [
              -93.74,
              41.855949
            ],
            [
              -93.736181,
              41.857136
            ],
            [
              -93.734599,
              41.86
            ]
          ]
        ]
      },
      "properties": {
        "field_id": "F165",
        "field_name": "Silage Field",
        "commodity_2023": "Corn",
        "drainage_class": "Somewhat Poor",
        "organic_matter_pct": 3.4,
        "pH": 6.6,
        "CEC_meq_100g": 16.0,
        "topsoil_depth_cm": 19,
        "field_acres": 124,
        "latitude": 41.86,
        "longitude": -93.74,
        "yield_2023_bu_ac": 209.9,
        "yield_2024_bu_ac": 194.0,
        "yield_2025_bu_ac": 209.2
      }
    },
    {
      "type": "Feature",
      "geometry": {
        "type": "Polygon",
        "coordinates": [
          [
            [
              -93.483314,
              42.04
            ],
            [
              -93.485273,
              42.043546
            ],
            [
              -93.49,
              42.045014
            ],
            [
              -93.494727,
              42.043546
            ],
            [
              -93.496686,
              42.04
            ],
            [
              -93.494727,
              42.036454
            ],
            [
              -93.49,
              42.034986
            ],
            [
              -93.485273,
              42.036454
            ],
            [
              -93.483314,
              42.04
            ]
          ]
        ]
      },
      "properties": {
        "field_id": "F166",
        "field_name": "Cover Crop",
        "commodity_2023": "Corn",
        "drainage_class": "Somewhat Poor",
        "organic_matter_pct": 2.6,
        "pH": 5.5,
        "CEC_meq_100g": 12.5,
        "topsoil_depth_cm": 18,
        "field_acres": 190,
        "latitude": 42.04,
        "longitude": -93.49,
        "yield_2023_bu_ac": 217.4,
        "yield_2024_bu_ac": 194.4,
        "yield_2025_bu_ac": 206.0
      }
    },
    {
      "type": "Feature",
      "geometry": {
        "type": "Polygon",
        "coordinates": [
          [
            [
              -93.655942,
              41.92
            ],
            [
              -93.657131,
              41.922152
            ],
            [
              -93.66,
              41.923043
            ],
            [
              -93.662869,
              41.922152
            ],
            [
              -93.664058,
              41.92
            ],
            [
              -93.662869,
              41.917848
            ],
            [
              -93.66,
              41.916957
            ],
            [
              -93.657131,
              41.917848
            ],
            [
              -93.655942,
              41.92
            ]
          ]
        ]
      },
      "properties": {
        "field_id": "F167",
        "field_name": "Green Manure",
        "commodity_2023": "Alfalfa",
        "drainage_class": "Moderately Well",
        "organic_matter_pct": 3.9,
        "pH": 6.5,
        "CEC_meq_100g": 14.1,
        "topsoil_depth_cm": 20,
        "field_acres": 70,
        "latitude": 41.92,
        "longitude": -93.66,
        "yield_2023_bu_ac": 9.8,
        "yield_2024_bu_ac": 10.7,
        "yield_2025_bu_ac": 10.5
      }
    },
    {
      "type": "Feature",
      "geometry": {
        "type": "Polygon",
        "coordinates": [
          [
            [
              -93.716306,
              41.96
            ],
            [
              -93.717388,
              41.961959
            ],
            [
              -93.72,
              41.96277
            ],
            [
              -93.722612,
              41.961959
            ],
            [
              -93.723694,
              41.96
            ],
            [
              -93.722612,
              41.958041
            ],
            [
              -93.72,
              41.95723
            ],
            [
              -93.717388,
              41.958041
            ],
            [
              -93.716306,
              41.96
            ]
          ]
        ]
      },
      "properties": {
        "field_id": "F168",
        "field_name": "Fallow Ground",
        "commodity_2023": "Soybeans",
        "drainage_class": "Poor",
        "organic_matter_pct": 1.5,
        "pH": 6.2,
        "CEC_meq_100g": 11.7,
        "topsoil_depth_cm": 16,
        "field_acres": 58,
        "latitude": 41.96,
        "longitude": -93.72,
        "yield_2023_bu_ac": 48.1,
        "yield_2024_bu_ac": 48.3,
        "yield_2025_bu_ac": 56.1
      }
    },
    {
      "type": "Feature",
      "geometry": {
        "type": "Polygon",
        "coordinates": [
          [
            [
              -93.542709,
              41.88
            ],
            [
              -93.544844,
              41.883867
            ],
            [
              -93.55,
              41.885469
            ],
            [
              -93.555156,
              41.883867
            ],
            [
              -93.557291,
              41.88
            ],
            [
              -93.555156,
              41.876133
            ],
            [
              -93.55,
              41.874531
            ],
            [
              -93.544844,
              41.876133
            ],
            [
              -93.542709,
              41.88
            ]
          ]
        ]
      },
      "properties": {
        "field_id": "F169",
        "field_name": "Set Aside",
        "commodity_2023": "Corn",
        "drainage_class": "Somewhat Poor",
        "organic_matter_pct": 2.2,
        "pH": 6.0,
        "CEC_meq_100g": 10.4,
        "topsoil_depth_cm": 17,
        "field_acres": 226,
        "latitude": 41.88,
        "longitude": -93.55,
        "yield_2023_bu_ac": 211.5,
        "yield_2024_bu_ac": 190.4,
        "yield_2025_bu_ac": 218.5
      }
    },
    {
      "type": "Feature",
      "geometry": {
        "type": "Polygon",
        "coordinates": [
          [
            [
              -93.523639,
              41.95
            ],
            [
              -93.525502,
              41.953373
            ],
            [
              -93.53,
              41.954771
            ],
            [
              -93.534498,
              41.953373
            ],
            [
              -93.536361,
              41.95
            ],
            [
              -93.534498,
              41.946627
            ],
            [
              -93.53,
              41.945229
            ],
            [
              -93.525502,
              41.946627
            ],
            [
              -93.523639,
              41.95
            ]
          ]
        ]
      },
      "properties": {
        "field_id": "F170",
        "field_name": "Conservation Area",
        "commodity_2023": "Alfalfa",
        "drainage_class": "Well",
        "organic_matter_pct": 5.1,
        "pH": 6.5,
        "CEC_meq_100g": 21.8,
        "topsoil_depth_cm": 29,
        "field_acres": 172,
        "latitude": 41.95,
        "longitude": -93.53,
        "yield_2023_bu_ac": 11.9,
        "yield_2024_bu_ac": 10.0,
        "yield_2025_bu_ac": 11.9
      }
    },
    {
      "type": "Feature",
      "geometry": {
        "type": "Polygon",
        "coordinates": [
          [
            [
              -93.572549,
              41.97
            ],
            [
              -93.574731,
              41.973952
            ],
            [
              -93.58,
              41.975588
            ],
            [
              -93.585269,
              41.973952
            ],
            [
              -93.587451,
              41.97
            ],
            [
              -93.585269,
              41.966048
            ],
            [
              -93.58,
              41.964412
            ],
            [
              -93.574731,
              41.966048
            ],
            [
              -93.572549,
              41.97
            ]
          ]
        ]
      },
      "properties": {
        "field_id": "F171",
        "field_name": "Wetland Buffer",
        "commodity_2023": "Alfalfa",
        "drainage_class": "Poor",
        "organic_matter_pct": 1.3,
        "pH": 7.0,
        "CEC_meq_100g": 7.8,
        "topsoil_depth_cm": 15,
        "field_acres": 236,
        "latitude": 41.97,
        "longitude": -93.58,
        "yield_2023_bu_ac": 8.8,
        "yield_2024_bu_ac": 8.9,
        "yield_2025_bu_ac": 9.1
      }
    },
    {
      "type": "Feature",
      "geometry": {
        "type": "Polygon",
        "coordinates": [
          [
            [
              -93.515348,
              42.0
            ],
            [
              -93.51671,
              42.002467
            ],
            [
              -93.52,
              42.003489
            ],
            [
              -93.52329,
              42.002467
            ],
            [
              -93.524652,
              42.0
            ],
            [
              -93.52329,
              41.997533
            ],
            [
              -93.52,
              41.996511
            ],
            [
              -93.51671,
              41.997533
            ],
            [
              -93.515348,
              42.0
            ]
          ]
        ]
      },
      "properties": {
        "field_id": "F172",
        "field_name": "Filter Strip",
        "commodity_2023": "Corn",
        "drainage_class": "Well",
        "organic_matter_pct": 4.6,
        "pH": 5.6,
        "CEC_meq_100g": 23.1,
        "topsoil_depth_cm": 35,
        "field_acres": 92,
        "latitude": 42.0,
        "longitude": -93.52,
        "yield_2023_bu_ac": 245.4,
        "yield_2024_bu_ac": 252.3,
        "yield_2025_bu_ac": 232.9
      }
    },
    {
      "type": "Feature",
      "geometry": {
        "type": "Polygon",
        "coordinates": [
          [
            [
              -93.674709,
              41.78
            ],
            [
              -93.676259,
              41.782806
            ],
            [
              -93.68,
              41.783968
            ],
            [
              -93.683741,
              41.782806
            ],
            [
              -93.685291,
              41.78
            ],
            [
              -93.683741,
              41.777194
            ],
            [
              -93.68,
              41.776032
            ],
            [
              -93.676259,
              41.777194
            ],
            [
              -93.674709,
              41.78
            ]
          ]
        ]
      },
      "properties": {
        "field_id": "F173",
        "field_name": "Grass Waterway",
        "commodity_2023": "Wheat",
        "drainage_class": "Well",
        "organic_matter_pct": 4.9,
        "pH": 5.7,
        "CEC_meq_100g": 22.2,
        "topsoil_depth_cm": 28,
        "field_acres": 119,
        "latitude": 41.78,
        "longitude": -93.68,
        "yield_2023_bu_ac": 69.7,
        "yield_2024_bu_ac": 68.1,
        "yield_2025_bu_ac": 66.2
      }
    },
    {
      "type": "Feature",
      "geometry": {
        "type": "Polygon",
        "coordinates": [
          [
            [
              -93.593942,
              41.86
            ],
            [
              -93.595716,
              41.863213
            ],
            [
              -93.6,
              41.864543
            ],
            [
              -93.604284,
              41.863213
            ],
            [
              -93.606058,
              41.86
            ],
            [
              -93.604284,
              41.856787
            ],
            [
              -93.6,
              41.855457
            ],
            [
              -93.595716,
              41.856787
            ],
            [
              -93.593942,
              41.86
            ]
          ]
        ]
      },
      "properties": {
        "field_id": "F174",
        "field_name": "Terrace Row",
        "commodity_2023": "Wheat",
        "drainage_class": "Poor",
        "organic_matter_pct": 2.3,
        "pH": 7.0,
        "CEC_meq_100g": 8.5,
        "topsoil_depth_cm": 15,
        "field_acres": 156,
        "latitude": 41.86,
        "longitude": -93.6,
        "yield_2023_bu_ac": 46.6,
        "yield_2024_bu_ac": 39.6,
        "yield_2025_bu_ac": 37.8
      }
    },
    {
      "type": "Feature",
      "geometry": {
        "type": "Polygon",
        "coordinates": [
          [
            [
              -93.744534,
              41.93
            ],
            [
              -93.746135,
              41.932899
            ],
            [
              -93.75,
              41.934099
            ],
            [
              -93.753865,
              41.932899
            ],
            [
              -93.755466,
              41.93
            ],
            [
              -93.753865,
              41.927101
            ],
            [
              -93.75,
              41.925901
            ],
            [
              -93.746135,
              41.927101
            ],
            [
              -93.744534,
              41.93
            ]
          ]
        ]
      },
      "properties": {
        "field_id": "F175",
        "field_name": "Contour Strip",
        "commodity_2023": "Corn",
        "drainage_class": "Moderately Well",
        "organic_matter_pct": 2.7,
        "pH": 7.0,
        "CEC_meq_100g": 16.9,
        "topsoil_depth_cm": 25,
        "field_acres": 127,
        "latitude": 41.93,
        "longitude": -93.75,
        "yield_2023_bu_ac": 219.9,
        "yield_2024_bu_ac": 201.9,
        "yield_2025_bu_ac": 203.2
      }
    },
    {
      "type": "Feature",
      "geometry": {
        "type": "Polygon",
        "coordinates": [
          [
            [
              -93.615223,
              41.79
            ],
            [
              -93.616622,
              41.792533
            ],
            [
              -93.62,
              41.793583
            ],
            [
              -93.623378,
              41.792533
            ],
            [
              -93.624777,
              41.79
            ],
            [
              -93.623378,
              41.787467
            ],
            [
              -93.62,
              41.786417
            ],
            [
              -93.616622,
              41.787467
            ],
            [
              -93.615223,
              41.79
            ]
          ]
        ]
      },
      "properties": {
        "field_id": "F176",
        "field_name": "Windbreak Lane",
        "commodity_2023": "Alfalfa",
        "drainage_class": "Somewhat Poor",
        "organic_matter_pct": 2.3,
        "pH": 7.1,
        "CEC_meq_100g": 15.6,
        "topsoil_depth_cm": 24,
        "field_acres": 97,
        "latitude": 41.79,
        "longitude": -93.62,
        "yield_2023_bu_ac": 8.4,
        "yield_2024_bu_ac": 9.8,
        "yield_2025_bu_ac": 9.2
      }
    },
    {
      "type": "Feature",
      "geometry": {
        "type": "Polygon",
        "coordinates": [
          [
            [
              -93.716306,
              41.78
            ],
            [
              -93.717388,
              41.781959
            ],
            [
              -93.72,
              41.78277
            ],
            [
              -93.722612,
              41.781959
            ],
            [
              -93.723694,
              41.78
            ],
            [
              -93.722612,
              41.778041
            ],
            [
              -93.72,
              41.77723
            ],
            [
              -93.717388,
              41.778041
            ],
            [
              -93.716306,
              41.78
            ]
          ]
        ]
      },
      "properties": {
        "field_id": "F177",
        "field_name": "Shelter Belt",
        "commodity_2023": "Soybeans",
        "drainage_class": "Well",
        "organic_matter_pct": 3.7,
        "pH": 7.0,
        "CEC_meq_100g": 20.3,
        "topsoil_depth_cm": 35,
        "field_acres": 58,
        "latitude": 41.78,
        "longitude": -93.72,
        "yield_2023_bu_ac": 70.9,
        "yield_2024_bu_ac": 68.7,
        "yield_2025_bu_ac": 76.5
      }
    },
    {
      "type": "Feature",
      "geometry": {
        "type": "Polygon",
        "coordinates": [
          [
            [
              -93.693039,
              41.95
            ],
            [
              -93.695078,
              41.953692
            ],
            [
              -93.7,
              41.955221
            ],
            [
              -93.704922,
              41.953692
            ],
            [
              -93.706961,
              41.95
            ],
            [
              -93.704922,
              41.946308
            ],
            [
              -93.7,
              41.944779
            ],
            [
              -93.695078,
              41.946308
            ],
            [
              -93.693039,
              41.95
            ]
          ]
        ]
      },
      "properties": {
        "field_id": "F178",
        "field_name": "Hedgerow Field",
        "commodity_2023": "Soybeans",
        "drainage_class": "Moderately Well",
        "organic_matter_pct": 3.6,
        "pH": 7.3,
        "CEC_meq_100g": 18.3,
        "topsoil_depth_cm": 29,
        "field_acres": 206,
        "latitude": 41.95,
        "longitude": -93.7,
        "yield_2023_bu_ac": 62.7,
        "yield_2024_bu_ac": 66.6,
        "yield_2025_bu_ac": 65.5
      }
    },
    {
      "type": "Feature",
      "geometry": {
        "type": "Polygon",
        "coordinates": [
          [
            [
              -93.465424,
              41.89
            ],
            [
              -93.466765,
              41.892427
            ],
            [
              -93.47,
              41.893432
            ],
            [
              -93.473235,
              41.892427
            ],
            [
              -93.474576,
              41.89
            ],
            [
              -93.473235,
              41.887573
            ],
            [
              -93.47,
              41.886568
            ],
            [
              -93.466765,
              41.887573
            ],
            [
              -93.465424,
              41.89
            ]
          ]
        ]
      },
      "properties": {
        "field_id": "F179",
        "field_name": "Pollinator Patch",
        "commodity_2023": "Soybeans",
        "drainage_class": "Moderately Well",
        "organic_matter_pct": 4.0,
        "pH": 6.8,
        "CEC_meq_100g": 18.3,
        "topsoil_depth_cm": 31,
        "field_acres": 89,
        "latitude": 41.89,
        "longitude": -93.47,
        "yield_2023_bu_ac": 65.8,
        "yield_2024_bu_ac": 65.5,
        "yield_2025_bu_ac": 73.4
      }
    },
    {
      "type": "Feature",
      "geometry": {
        "type": "Polygon",
        "coordinates": [
          [
            [
              -93.534776,
              41.76
            ],
            [
              -93.536306,
              41.76277
            ],
            [
              -93.54,
              41.763918
            ],
            [
              -93.543694,
              41.76277
            ],
            [
              -93.545224,
              41.76
            ],
            [
              -93.543694,
              41.75723
            ],
            [
              -93.54,
              41.756082
            ],
            [
              -93.536306,
              41.75723
            ],
            [
              -93.534776,
              41.76
            ]
          ]
        ]
      },
      "properties": {
        "field_id": "F180",
        "field_name": "Wildlife Food Plot",
        "commodity_2023": "Corn",
        "drainage_class": "Very Poor",
        "organic_matter_pct": 4.5,
        "pH": 7.4,
        "CEC_meq_100g": 18.6,
        "topsoil_depth_cm": 40,
        "field_acres": 116,
        "latitude": 41.76,
        "longitude": -93.54,
        "yield_2023_bu_ac": 254.3,
        "yield_2024_bu_ac": 230.5,
        "yield_2025_bu_ac": 239.7
      }
    },
    {
      "type": "Feature",
      "geometry": {
        "type": "Polygon",
        "coordinates": [
          [
            [
              -93.456469,
              41.77
            ],
            [
              -93.457503,
              41.771873
            ],
            [
              -93.46,
              41.772648
            ],
            [
              -93.462497,
              41.771873
            ],
            [
              -93.463531,
              41.77
            ],
            [
              -93.462497,
              41.768127
            ],
            [
              -93.46,
              41.767352
            ],
            [
              -93.457503,
              41.768127
            ],
            [
              -93.456469,
              41.77
            ]
          ]
        ]
      },
      "properties": {
        "field_id": "F181",
        "field_name": "Native Prairie",
        "commodity_2023": "Alfalfa",
        "drainage_class": "Moderately Well",
        "organic_matter_pct": 2.9,
        "pH": 7.4,
        "CEC_meq_100g": 14.3,
        "topsoil_depth_cm": 25,
        "field_acres": 53,
        "latitude": 41.77,
        "longitude": -93.46,
        "yield_2023_bu_ac": 10.3,
        "yield_2024_bu_ac": 10.1,
        "yield_2025_bu_ac": 9.7
      }
    },
    {
      "type": "Feature",
      "geometry": {
        "type": "Polygon",
        "coordinates": [
          [
            [
              -93.563923,
              42.0
            ],
            [
              -93.565703,
              42.003223
            ],
            [
              -93.57,
              42.004558
            ],
            [
              -93.574297,
              42.003223
            ],
            [
              -93.576077,
              42.0
            ],
            [
              -93.574297,
              41.996777
            ],
            [
              -93.57,
              41.995442
            ],
            [
              -93.565703,
              41.996777
            ],
            [
              -93.563923,
              42.0
            ]
          ]
        ]
      },
      "properties": {
        "field_id": "F182",
        "field_name": "Restored Wetland",
        "commodity_2023": "Corn",
        "drainage_class": "Poor",
        "organic_matter_pct": 2.4,
        "pH": 7.0,
        "CEC_meq_100g": 7.3,
        "topsoil_depth_cm": 11,
        "field_acres": 157,
        "latitude": 42.0,
        "longitude": -93.57,
        "yield_2023_bu_ac": 193.1,
        "yield_2024_bu_ac": 195.1,
        "yield_2025_bu_ac": 196.6
      }
    },
    {
      "type": "Feature",
      "geometry": {
        "type": "Polygon",
        "coordinates": [
          [
            [
              -93.493493,
              41.78
            ],
            [
              -93.495399,
              41.783451
            ],
            [
              -93.5,
              41.78488
            ],
            [
              -93.504601,
              41.783451
            ],
            [
              -93.506507,
              41.78
            ],
            [
              -93.504601,
              41.776549
            ],
            [
              -93.5,
              41.77512
            ],
            [
              -93.495399,
              41.776549
            ],
            [
              -93.493493,
              41.78
            ]
          ]
        ]
      },
      "properties": {
        "field_id": "F183",
        "field_name": "Woodland Edge",
        "commodity_2023": "Corn",
        "drainage_class": "Moderately Well",
        "organic_matter_pct": 3.7,
        "pH": 7.1,
        "CEC_meq_100g": 17.4,
        "topsoil_depth_cm": 24,
        "field_acres": 180,
        "latitude": 41.78,
        "longitude": -93.5,
        "yield_2023_bu_ac": 223.5,
        "yield_2024_bu_ac": 238.6,
        "yield_2025_bu_ac": 235.3
      }
    },
    {
      "type": "Feature",
      "geometry": {
        "type": "Polygon",
        "coordinates": [
          [
            [
              -93.544241,
              41.94
            ],
            [
              -93.545928,
              41.943054
            ],
            [
              -93.55,
              41.944319
            ],
            [
              -93.554072,
              41.943054
            ],
            [
              -93.555759,
              41.94
            ],
            [
              -93.554072,
              41.936946
            ],
            [
              -93.55,
              41.935681
            ],
            [
              -93.545928,
              41.936946
            ],
            [
              -93.544241,
              41.94
            ]
          ]
        ]
      },
      "properties": {
        "field_id": "F184",
        "field_name": "Riparian Zone",
        "commodity_2023": "Soybeans",
        "drainage_class": "Somewhat Poor",
        "organic_matter_pct": 3.3,
        "pH": 6.5,
        "CEC_meq_100g": 10.5,
        "topsoil_depth_cm": 18,
        "field_acres": 141,
        "latitude": 41.94,
        "longitude": -93.55,
        "yield_2023_bu_ac": 61.6,
        "yield_2024_bu_ac": 66.6,
        "yield_2025_bu_ac": 62.0
      }
    },
    {
      "type": "Feature",
      "geometry": {
        "type": "Polygon",
        "coordinates": [
          [
            [
              -93.74606,
              41.87
            ],
            [
              -93.747214,
              41.87209
            ],
            [
              -93.75,
              41.872955
            ],
            [
              -93.752786,
              41.87209
            ],
            [
              -93.75394,
              41.87
            ],
            [
              -93.752786,
              41.86791
            ],
            [
              -93.75,
              41.867045
            ],
            [
              -93.747214,
              41.86791
            ],
            [
              -93.74606,
              41.87
            ]
          ]
        ]
      },
      "properties": {
        "field_id": "F185",
        "field_name": "Steep Pasture",
        "commodity_2023": "Soybeans",
        "drainage_class": "Somewhat Poor",
        "organic_matter_pct": 3.0,
        "pH": 5.9,
        "CEC_meq_100g": 15.4,
        "topsoil_depth_cm": 21,
        "field_acres": 66,
        "latitude": 41.87,
        "longitude": -93.75,
        "yield_2023_bu_ac": 55.5,
        "yield_2024_bu_ac": 57.2,
        "yield_2025_bu_ac": 64.9
      }
    },
    {
      "type": "Feature",
      "geometry": {
        "type": "Polygon",
        "coordinates": [
          [
            [
              -93.574913,
              41.84
            ],
            [
              -93.576403,
              41.842698
            ],
            [
              -93.58,
              41.843815
            ],
            [
              -93.583597,
              41.842698
            ],
            [
              -93.585087,
              41.84
            ],
            [
              -93.583597,
              41.837302
            ],
            [
              -93.58,
              41.836185
            ],
            [
              -93.576403,
              41.837302
            ],
            [
              -93.574913,
              41.84
            ]
          ]
        ]
      },
      "properties": {
        "field_id": "F186",
        "field_name": "Gentle Slope",
        "commodity_2023": "Alfalfa",
        "drainage_class": "Moderately Well",
        "organic_matter_pct": 2.9,
        "pH": 7.5,
        "CEC_meq_100g": 16.9,
        "topsoil_depth_cm": 24,
        "field_acres": 110,
        "latitude": 41.84,
        "longitude": -93.58,
        "yield_2023_bu_ac": 8.9,
        "yield_2024_bu_ac": 9.2,
        "yield_2025_bu_ac": 9.1
      }
    },
    {
      "type": "Feature",
      "geometry": {
        "type": "Polygon",
        "coordinates": [
          [
            [
              -93.633713,
              42.03
            ],
            [
              -93.635555,
              42.033334
            ],
            [
              -93.64,
              42.034715
            ],
            [
              -93.644445,
              42.033334
            ],
            [
              -93.646287,
              42.03
            ],
            [
              -93.644445,
              42.026666
            ],
            [
              -93.64,
              42.025285
            ],
            [
              -93.635555,
              42.026666
            ],
            [
              -93.633713,
              42.03
            ]
          ]
        ]
      },
      "properties": {
        "field_id": "F187",
        "field_name": "Level Terrain",
        "commodity_2023": "Alfalfa",
        "drainage_class": "Poor",
        "organic_matter_pct": 1.5,
        "pH": 6.8,
        "CEC_meq_100g": 11.0,
        "topsoil_depth_cm": 17,
        "field_acres": 168,
        "latitude": 42.03,
        "longitude": -93.64,
        "yield_2023_bu_ac": 8.3,
        "yield_2024_bu_ac": 9.2,
        "yield_2025_bu_ac": 9.4
      }
    },
    {
      "type": "Feature",
      "geometry": {
        "type": "Polygon",
        "coordinates": [
          [
            [
              -93.582709,
              41.99
            ],
            [
              -93.584844,
              41.993867
            ],
            [
              -93.59,
              41.995469
            ],
            [
              -93.595156,
              41.993867
            ],
            [
              -93.597291,
              41.99
            ],
            [
              -93.595156,
              41.986133
            ],
            [
              -93.59,
              41.984531
            ],
            [
              -93.584844,
              41.986133
            ],
            [
              -93.582709,
              41.99
            ]
          ]
        ]
      },
      "properties": {
        "field_id": "F188",
        "field_name": "Rolling Upland",
        "commodity_2023": "Corn",
        "drainage_class": "Moderately Well",
        "organic_matter_pct": 3.1,
        "pH": 5.8,
        "CEC_meq_100g": 14.3,
        "topsoil_depth_cm": 20,
        "field_acres": 226,
        "latitude": 41.99,
        "longitude": -93.59,
        "yield_2023_bu_ac": 224.4,
        "yield_2024_bu_ac": 223.9,
        "yield_2025_bu_ac": 219.6
      }
    },
    {
      "type": "Feature",
      "geometry": {
        "type": "Polygon",
        "coordinates": [
          [
            [
              -93.685199,
              41.78
            ],
            [
              -93.686605,
              41.782546
            ],
            [
              -93.69,
              41.783601
            ],
            [
              -93.693395,
              41.782546
            ],
            [
              -93.694801,
              41.78
            ],
            [
              -93.693395,
              41.777454
            ],
            [
              -93.69,
              41.776399
            ],
            [
              -93.686605,
              41.777454
            ],
            [
              -93.685199,
              41.78
            ]
          ]
        ]
      },
      "properties": {
        "field_id": "F189",
        "field_name": "Bottom Floodplain",
        "commodity_2023": "Corn",
        "drainage_class": "Very Poor",
        "organic_matter_pct": 5.5,
        "pH": 7.5,
        "CEC_meq_100g": 23.2,
        "topsoil_depth_cm": 39,
        "field_acres": 98,
        "latitude": 41.78,
        "longitude": -93.69,
        "yield_2023_bu_ac": 238.0,
        "yield_2024_bu_ac": 250.8,
        "yield_2025_bu_ac": 250.9
      }
    },
    {
      "type": "Feature",
      "geometry": {
        "type": "Polygon",
        "coordinates": [
          [
            [
              -93.725502,
              41.79
            ],
            [
              -93.72682,
              41.792385
            ],
            [
              -93.73,
              41.793373
            ],
            [
              -93.73318,
              41.792385
            ],
            [
              -93.734498,
              41.79
            ],
            [
              -93.73318,
              41.787615
            ],
            [
              -93.73,
              41.786627
            ],
            [
              -93.72682,
              41.787615
            ],
            [
              -93.725502,
              41.79
            ]
          ]
        ]
      },
      "properties": {
        "field_id": "F190",
        "field_name": "Terrace Top",
        "commodity_2023": "Alfalfa",
        "drainage_class": "Well",
        "organic_matter_pct": 3.8,
        "pH": 6.2,
        "CEC_meq_100g": 21.5,
        "topsoil_depth_cm": 39,
        "field_acres": 86,
        "latitude": 41.79,
        "longitude": -93.73,
        "yield_2023_bu_ac": 10.4,
        "yield_2024_bu_ac": 10.5,
        "yield_2025_bu_ac": 10.7
      }
    },
    {
      "type": "Feature",
      "geometry": {
        "type": "Polygon",
        "coordinates": [
          [
            [
              -93.555502,
              41.94
            ],
            [
              -93.55682,
              41.942385
            ],
            [
              -93.56,
              41.943373
            ],
            [
              -93.56318,
              41.942385
            ],
            [
              -93.564498,
              41.94
            ],
            [
              -93.56318,
              41.937615
            ],
            [
              -93.56,
              41.936627
            ],
            [
              -93.55682,
              41.937615
            ],
            [
              -93.555502,
              41.94
            ]
          ]
        ]
      },
      "properties": {
        "field_id": "F191",
        "field_name": "Hill Shoulder",
        "commodity_2023": "Corn",
        "drainage_class": "Poor",
        "organic_matter_pct": 2.5,
        "pH": 6.1,
        "CEC_meq_100g": 8.9,
        "topsoil_depth_cm": 11,
        "field_acres": 86,
        "latitude": 41.94,
        "longitude": -93.56,
        "yield_2023_bu_ac": 202.3,
        "yield_2024_bu_ac": 187.8,
        "yield_2025_bu_ac": 203.1
      }
    },
    {
      "type": "Feature",
      "geometry": {
        "type": "Polygon",
        "coordinates": [
          [
            [
              -93.704643,
              41.97
            ],
            [
              -93.706212,
              41.972841
            ],
            [
              -93.71,
              41.974018
            ],
            [
              -93.713788,
              41.972841
            ],
            [
              -93.715357,
              41.97
            ],
            [
              -93.713788,
              41.967159
            ],
            [
              -93.71,
              41.965982
            ],
            [
              -93.706212,
              41.967159
            ],
            [
              -93.704643,
              41.97
            ]
          ]
        ]
      },
      "properties": {
        "field_id": "F192",
        "field_name": "Valley Bottom",
        "commodity_2023": "Wheat",
        "drainage_class": "Somewhat Poor",
        "organic_matter_pct": 2.6,
        "pH": 7.3,
        "CEC_meq_100g": 13.4,
        "topsoil_depth_cm": 19,
        "field_acres": 122,
        "latitude": 41.97,
        "longitude": -93.71,
        "yield_2023_bu_ac": 48.0,
        "yield_2024_bu_ac": 53.9,
        "yield_2025_bu_ac": 47.5
      }
    },
    {
      "type": "Feature",
      "geometry": {
        "type": "Polygon",
        "coordinates": [
          [
            [
              -93.544428,
              41.77
            ],
            [
              -93.54606,
              41.772955
            ],
            [
              -93.55,
              41.774179
            ],
            [
              -93.55394,
              41.772955
            ],
            [
              -93.555572,
              41.77
            ],
            [
              -93.55394,
              41.767045
            ],
            [
              -93.55,
              41.765821
            ],
            [
              -93.54606,
              41.767045
            ],
            [
              -93.544428,
              41.77
            ]
          ]
        ]
      },
      "properties": {
        "field_id": "F193",
        "field_name": "Plateau Field",
        "commodity_2023": "Wheat",
        "drainage_class": "Well",
        "organic_matter_pct": 4.7,
        "pH": 5.9,
        "CEC_meq_100g": 25.0,
        "topsoil_depth_cm": 38,
        "field_acres": 132,
        "latitude": 41.77,
        "longitude": -93.55,
        "yield_2023_bu_ac": 65.8,
        "yield_2024_bu_ac": 67.7,
        "yield_2025_bu_ac": 68.5
      }
    },
    {
      "type": "Feature",
      "geometry": {
        "type": "Polygon",
        "coordinates": [
          [
            [
              -93.485126,
              41.94
            ],
            [
              -93.486553,
              41.942585
            ],
            [
              -93.49,
              41.943656
            ],
            [
              -93.493447,
              41.942585
            ],
            [
              -93.494874,
              41.94
            ],
            [
              -93.493447,
              41.937415
            ],
            [
              -93.49,
              41.936344
            ],
            [
              -93.486553,
              41.937415
            ],
            [
              -93.485126,
              41.94
            ]
          ]
        ]
      },
      "properties": {
        "field_id": "F194",
        "field_name": "Escarpment Edge",
        "commodity_2023": "Alfalfa",
        "drainage_class": "Well",
        "organic_matter_pct": 4.3,
        "pH": 6.0,
        "CEC_meq_100g": 21.3,
        "topsoil_depth_cm": 30,
        "field_acres": 101,
        "latitude": 41.94,
        "longitude": -93.49,
        "yield_2023_bu_ac": 11.1,
        "yield_2024_bu_ac": 11.5,
        "yield_2025_bu_ac": 10.4
      }
    },
    {
      "type": "Feature",
      "geometry": {
        "type": "Polygon",
        "coordinates": [
          [
            [
              -93.62603,
              41.97
            ],
            [
              -93.627193,
              41.972105
            ],
            [
              -93.63,
              41.972978
            ],
            [
              -93.632807,
              41.972105
            ],
            [
              -93.63397,
              41.97
            ],
            [
              -93.632807,
              41.967895
            ],
            [
              -93.63,
              41.967022
            ],
            [
              -93.627193,
              41.967895
            ],
            [
              -93.62603,
              41.97
            ]
          ]
        ]
      },
      "properties": {
        "field_id": "F195",
        "field_name": "Draw Meadow",
        "commodity_2023": "Alfalfa",
        "drainage_class": "Poor",
        "organic_matter_pct": 2.1,
        "pH": 5.8,
        "CEC_meq_100g": 12.6,
        "topsoil_depth_cm": 13,
        "field_acres": 67,
        "latitude": 41.97,
        "longitude": -93.63,
        "yield_2023_bu_ac": 8.5,
        "yield_2024_bu_ac": 9.2,
        "yield_2025_bu_ac": 8.0
      }
    },
    {
      "type": "Feature",
      "geometry": {
        "type": "Polygon",
        "coordinates": [
          [
            [
              -93.512628,
              41.9
            ],
            [
              -93.514787,
              41.903909
            ],
            [
              -93.52,
              41.905529
            ],
            [
              -93.525213,
              41.903909
            ],
            [
              -93.527372,
              41.9
            ],
            [
              -93.525213,
              41.896091
            ],
            [
              -93.52,
              41.894471
            ],
            [
              -93.514787,
              41.896091
            ],
            [
              -93.512628,
              41.9
            ]
          ]
        ]
      },
      "properties": {
        "field_id": "F196",
        "field_name": "Seepage Area",
        "commodity_2023": "Wheat",
        "drainage_class": "Well",
        "organic_matter_pct": 3.8,
        "pH": 7.1,
        "CEC_meq_100g": 22.8,
        "topsoil_depth_cm": 40,
        "field_acres": 231,
        "latitude": 41.9,
        "longitude": -93.52,
        "yield_2023_bu_ac": 70.6,
        "yield_2024_bu_ac": 63.1,
        "yield_2025_bu_ac": 66.7
      }
    },
    {
      "type": "Feature",
      "geometry": {
        "type": "Polygon",
        "coordinates": [
          [
            [
              -93.44335,
              42.02
            ],
            [
              -93.445298,
              42.023527
            ],
            [
              -93.45,
              42.024988
            ],
            [
              -93.454702,
              42.023527
            ],
            [
              -93.45665,
              42.02
            ],
            [
              -93.454702,
              42.016473
            ],
            [
              -93.45,
              42.015012
            ],
            [
              -93.445298,
              42.016473
            ],
            [
              -93.44335,
              42.02
            ]
          ]
        ]
      },
      "properties": {
        "field_id": "F197",
        "field_name": "Spring Fed",
        "commodity_2023": "Alfalfa",
        "drainage_class": "Well",
        "organic_matter_pct": 4.0,
        "pH": 5.7,
        "CEC_meq_100g": 25.1,
        "topsoil_depth_cm": 30,
        "field_acres": 188,
        "latitude": 42.02,
        "longitude": -93.45,
        "yield_2023_bu_ac": 10.8,
        "yield_2024_bu_ac": 9.8,
        "yield_2025_bu_ac": 10.4
      }
    },
    {
      "type": "Feature",
      "geometry": {
        "type": "Polygon",
        "coordinates": [
          [
            [
              -93.473621,
              41.76
            ],
            [
              -93.475489,
              41.763383
            ],
            [
              -93.48,
              41.764785
            ],
            [
              -93.484511,
              41.763383
            ],
            [
              -93.486379,
              41.76
            ],
            [
              -93.484511,
              41.756617
            ],
            [
              -93.48,
              41.755215
            ],
            [
              -93.475489,
              41.756617
            ],
            [
              -93.473621,
              41.76
            ]
          ]
        ]
      },
      "properties": {
        "field_id": "F198",
        "field_name": "Rainwater Catch",
        "commodity_2023": "Soybeans",
        "drainage_class": "Moderately Well",
        "organic_matter_pct": 2.8,
        "pH": 5.6,
        "CEC_meq_100g": 14.9,
        "topsoil_depth_cm": 30,
        "field_acres": 173,
        "latitude": 41.76,
        "longitude": -93.48,
        "yield_2023_bu_ac": 67.1,
        "yield_2024_bu_ac": 58.4,
        "yield_2025_bu_ac": 60.9
      }
    },
    {
      "type": "Feature",
      "geometry": {
        "type": "Polygon",
        "coordinates": [
          [
            [
              -93.725248,
              41.96
            ],
            [
              -93.72664,
              41.96252
            ],
            [
              -93.73,
              41.963564
            ],
            [
              -93.73336,
              41.96252
            ],
            [
              -93.734752,
              41.96
            ],
            [
              -93.73336,
              41.95748
            ],
            [
              -93.73,
              41.956436
            ],
            [
              -93.72664,
              41.95748
            ],
            [
              -93.725248,
              41.96
            ]
          ]
        ]
      },
      "properties": {
        "field_id": "F199",
        "field_name": "Irrigation Plot",
        "commodity_2023": "Wheat",
        "drainage_class": "Well",
        "organic_matter_pct": 3.8,
        "pH": 7.1,
        "CEC_meq_100g": 24.4,
        "topsoil_depth_cm": 36,
        "field_acres": 96,
        "latitude": 41.96,
        "longitude": -93.73,
        "yield_2023_bu_ac": 60.6,
        "yield_2024_bu_ac": 67.9,
        "yield_2025_bu_ac": 69.9
      }
    },
    {
      "type": "Feature",
      "geometry": {
        "type": "Polygon",
        "coordinates": [
          [
            [
              -93.574621,
              41.83
            ],
            [
              -93.576196,
              41.832853
            ],
            [
              -93.58,
              41.834034
            ],
            [
              -93.583804,
              41.832853
            ],
            [
              -93.585379,
              41.83
            ],
            [
              -93.583804,
              41.827147
            ],
            [
              -93.58,
              41.825966
            ],
            [
              -93.576196,
              41.827147
            ],
            [
              -93.574621,
              41.83
            ]
          ]
        ]
      },
      "properties": {
        "field_id": "F200",
        "field_name": "Dry Land Acre",
        "commodity_2023": "Wheat",
        "drainage_class": "Poor",
        "organic_matter_pct": 1.4,
        "pH": 7.3,
        "CEC_meq_100g": 9.7,
        "topsoil_depth_cm": 13,
        "field_acres": 123,
        "latitude": 41.83,
        "longitude": -93.58,
        "yield_2023_bu_ac": 47.6,
        "yield_2024_bu_ac": 46.1,
        "yield_2025_bu_ac": 50.7
      }
    }
  ]
}