field_id,commodity,year,month,ndvi,red_reflectance,nir_reflectance,swir_reflectance,blue_reflectance,vegetation_health
F001,Wheat,2023,5,0.817,0.164,0.612,0.071,0.136,Excellent
F001,Wheat,2023,6,0.478,0.271,0.443,0.133,0.131,Fair
F001,Wheat,2023,7,0.319,0.318,0.348,0.146,0.137,Fair
F001,Wheat,2023,8,0.252,0.325,0.323,0.158,0.154,Poor
F002,Soybeans,2023,5,0.214,0.33,0.305,0.174,0.138,Poor
F002,Soybeans,2023,6,0.236,0.333,0.3,0.167,0.137,Poor
F002,Soybeans,2023,7,0.591,0.241,0.514,0.117,0.142,Good
F002,Soybeans,2023,8,0.594,0.229,0.495,0.103,0.15,Good
F003,Corn,2023,5,0.239,0.319,0.326,0.16,0.151,Poor
F003,Corn,2023,6,0.553,0.222,0.495,0.123,0.168,Good
F003,Corn,2023,7,0.9,0.134,0.667,0.057,0.138,Excellent
F003,Corn,2023,8,0.502,0.242,0.447,0.12,0.163,Good
F004,Alfalfa,2023,5,0.534,0.242,0.453,0.126,0.133,Good
F004,Alfalfa,2023,6,0.844,0.158,0.61,0.063,0.163,Excellent
F004,Alfalfa,2023,7,0.816,0.164,0.619,0.069,0.144,Excellent
F004,Alfalfa,2023,8,0.517,0.259,0.464,0.119,0.133,Good
F005,Corn,2023,5,0.145,0.366,0.278,0.186,0.149,Poor
F005,Corn,2023,6,0.474,0.266,0.448,0.13,0.161,Fair
F005,Corn,2023,7,0.862,0.142,0.628,0.061,0.134,Excellent
F005,Corn,2023,8,0.465,0.266,0.425,0.13,0.166,Fair
F006,Soybeans,2023,5,0.213,0.346,0.296,0.16,0.142,Poor
F006,Soybeans,2023,6,0.189,0.361,0.307,0.174,0.165,Poor
F006,Soybeans,2023,7,0.653,0.192,0.542,0.103,0.162,Good
F006,Soybeans,2023,8,0.662,0.194,0.515,0.095,0.147,Good
F007,Soybeans,2023,5,0.2,0.32,0.301,0.168,0.139,Poor
F007,Soybeans,2023,6,0.126,0.356,0.281,0.178,0.151,Poor
F007,Soybeans,2023,7,0.585,0.219,0.511,0.122,0.14,Good
F007,Soybeans,2023,8,0.564,0.223,0.473,0.106,0.154,Good
F008,Corn,2023,5,0.122,0.354,0.277,0.176,0.136,Poor
F008,Corn,2023,6,0.516,0.265,0.448,0.126,0.16,Good
F008,Corn,2023,7,0.841,0.157,0.615,0.077,0.155,Excellent
F008,Corn,2023,8,0.521,0.227,0.474,0.118,0.137,Good
F009,Soybeans,2023,5,0.244,0.334,0.303,0.164,0.139,Poor
F009,Soybeans,2023,6,0.25,0.312,0.333,0.16,0.167,Poor
F009,Soybeans,2023,7,0.599,0.214,0.484,0.119,0.165,Good
F009,Soybeans,2023,8,0.611,0.223,0.518,0.109,0.151,Good
F010,Wheat,2023,5,0.743,0.193,0.588,0.091,0.144,Excellent
F010,Wheat,2023,6,0.519,0.253,0.475,0.13,0.161,Good
F010,Wheat,2023,7,0.298,0.294,0.335,0.163,0.154,Poor
F010,Wheat,2023,8,0.235,0.314,0.324,0.155,0.136,Poor
F011,Alfalfa,2023,5,0.544,0.243,0.461,0.123,0.139,Good
F011,Alfalfa,2023,6,0.747,0.186,0.579,0.095,0.156,Excellent
F011,Alfalfa,2023,7,0.771,0.152,0.58,0.08,0.14,Excellent
F011,Alfalfa,2023,8,0.572,0.224,0.502,0.117,0.162,Good
F012,Alfalfa,2023,5,0.534,0.239,0.455,0.124,0.141,Good
F012,Alfalfa,2023,6,0.719,0.19,0.547,0.101,0.168,Excellent
F012,Alfalfa,2023,7,0.808,0.152,0.585,0.087,0.147,Excellent
F012,Alfalfa,2023,8,0.573,0.247,0.501,0.11,0.145,Good
F013,Corn,2023,5,0.106,0.355,0.255,0.193,0.158,Poor
F013,Corn,2023,6,0.481,0.24,0.445,0.138,0.136,Fair
F013,Corn,2023,7,0.826,0.167,0.623,0.08,0.158,Excellent
F013,Corn,2023,8,0.46,0.254,0.442,0.137,0.165,Fair
F014,Wheat,2023,5,0.7,0.19,0.562,0.098,0.158,Excellent
F014,Wheat,2023,6,0.479,0.272,0.433,0.126,0.134,Fair
F014,Wheat,2023,7,0.207,0.319,0.302,0.17,0.141,Poor
F014,Wheat,2023,8,0.208,0.319,0.286,0.175,0.144,Poor
F015,Soybeans,2023,5,0.226,0.343,0.302,0.169,0.133,Poor
F015,Soybeans,2023,6,0.179,0.348,0.291,0.176,0.159,Poor
F015,Soybeans,2023,7,0.672,0.199,0.529,0.105,0.141,Good
F015,Soybeans,2023,8,0.618,0.198,0.49,0.117,0.163,Good
F016,Alfalfa,2023,5,0.502,0.236,0.437,0.12,0.152,Good
F016,Alfalfa,2023,6,0.773,0.175,0.577,0.093,0.16,Excellent
F016,Alfalfa,2023,7,0.757,0.178,0.575,0.081,0.144,Excellent
F016,Alfalfa,2023,8,0.537,0.22,0.453,0.11,0.132,Good
F017,Corn,2023,5,0.148,0.355,0.258,0.178,0.149,Poor
F017,Corn,2023,6,0.445,0.264,0.418,0.136,0.155,Fair
F017,Corn,2023,7,0.782,0.16,0.596,0.083,0.164,Excellent
F017,Corn,2023,8,0.494,0.238,0.43,0.129,0.131,Fair
F018,Alfalfa,2023,5,0.594,0.225,0.493,0.114,0.148,Good
F018,Alfalfa,2023,6,0.795,0.179,0.593,0.09,0.166,Excellent
F018,Alfalfa,2023,7,0.76,0.155,0.564,0.076,0.134,Excellent
F018,Alfalfa,2023,8,0.568,0.212,0.477,0.122,0.131,Good
F019,Soybeans,2023,5,0.133,0.345,0.275,0.183,0.165,Poor
F019,Soybeans,2023,6,0.179,0.359,0.281,0.167,0.16,Poor
F019,Soybeans,2023,7,0.586,0.244,0.489,0.11,0.161,Good
F019,Soybeans,2023,8,0.539,0.255,0.484,0.118,0.16,Good
F020,Soybeans,2023,5,0.134,0.376,0.267,0.187,0.143,Poor
F020,Soybeans,2023,6,0.213,0.332,0.287,0.176,0.134,Poor
F020,Soybeans,2023,7,0.555,0.251,0.496,0.118,0.155,Good
F020,Soybeans,2023,8,0.568,0.221,0.477,0.118,0.16,Good
F021,Corn,2023,5,0.167,0.334,0.283,0.166,0.152,Poor
F021,Corn,2023,6,0.482,0.271,0.435,0.12,0.136,Fair
F021,Corn,2023,7,0.864,0.145,0.616,0.062,0.158,Excellent
F021,Corn,2023,8,0.445,0.279,0.431,0.125,0.133,Fair
F022,Alfalfa,2023,5,0.463,0.256,0.444,0.14,0.169,Fair
F022,Alfalfa,2023,6,0.741,0.173,0.554,0.094,0.152,Excellent
F022,Alfalfa,2023,7,0.708,0.204,0.538,0.094,0.13,Excellent
F022,Alfalfa,2023,8,0.472,0.241,0.421,0.122,0.156,Fair
F023,Soybeans,2023,5,0.186,0.363,0.288,0.168,0.165,Poor
F023,Soybeans,2023,6,0.15,0.373,0.256,0.187,0.132,Poor
F023,Soybeans,2023,7,0.617,0.216,0.528,0.099,0.152,Good
F023,Soybeans,2023,8,0.625,0.213,0.518,0.11,0.148,Good
F024,Soybeans,2023,5,0.178,0.363,0.271,0.169,0.168,Poor
F024,Soybeans,2023,6,0.209,0.336,0.309,0.164,0.138,Poor
F024,Soybeans,2023,7,0.566,0.224,0.486,0.107,0.169,Good
F024,Soybeans,2023,8,0.619,0.222,0.511,0.103,0.163,Good
F025,Alfalfa,2023,5,0.488,0.27,0.457,0.136,0.159,Fair
F025,Alfalfa,2023,6,0.773,0.165,0.604,0.091,0.132,Excellent
F025,Alfalfa,2023,7,0.714,0.181,0.57,0.103,0.136,Excellent
F025,Alfalfa,2023,8,0.531,0.236,0.484,0.127,0.164,Good
F026,Soybeans,2023,5,0.179,0.337,0.272,0.181,0.163,Poor
F026,Soybeans,2023,6,0.237,0.349,0.321,0.17,0.168,Poor
F026,Soybeans,2023,7,0.622,0.203,0.509,0.099,0.168,Good
F026,Soybeans,2023,8,0.598,0.21,0.506,0.113,0.144,Good
F027,Corn,2023,5,0.208,0.338,0.315,0.169,0.164,Poor
F027,Corn,2023,6,0.547,0.238,0.488,0.116,0.135,Good
F027,Corn,2023,7,0.844,0.157,0.627,0.077,0.139,Excellent
F027,Corn,2023,8,0.505,0.229,0.446,0.126,0.146,Good
F028,Corn,2023,5,0.214,0.33,0.308,0.174,0.146,Poor
F028,Corn,2023,6,0.536,0.254,0.486,0.113,0.167,Good
F028,Corn,2023,7,0.873,0.128,0.635,0.079,0.15,Excellent
F028,Corn,2023,8,0.506,0.253,0.443,0.116,0.135,Good
F029,Soybeans,2023,5,0.19,0.328,0.301,0.165,0.144,Poor
F029,Soybeans,2023,6,0.265,0.319,0.339,0.154,0.138,Poor
F029,Soybeans,2023,7,0.579,0.213,0.481,0.107,0.134,Good
F029,Soybeans,2023,8,0.587,0.222,0.482,0.109,0.15,Good
F030,Alfalfa,2023,5,0.479,0.268,0.445,0.12,0.165,Fair
F030,Alfalfa,2023,6,0.807,0.14,0.595,0.085,0.16,Excellent
F030,Alfalfa,2023,7,0.733,0.168,0.562,0.09,0.155,Excellent
F030,Alfalfa,2023,8,0.512,0.245,0.466,0.114,0.14,Good
F031,Alfalfa,2023,5,0.549,0.236,0.476,0.11,0.148,Good
F031,Alfalfa,2023,6,0.753,0.164,0.567,0.085,0.131,Excellent
F031,Alfalfa,2023,7,0.732,0.169,0.559,0.083,0.166,Excellent
F031,Alfalfa,2023,8,0.519,0.252,0.471,0.122,0.133,Good
F032,Wheat,2023,5,0.76,0.182,0.577,0.079,0.141,Excellent
F032,Wheat,2023,6,0.488,0.259,0.447,0.124,0.169,Fair
F032,Wheat,2023,7,0.262,0.311,0.315,0.154,0.14,Poor
F032,Wheat,2023,8,0.218,0.322,0.3,0.161,0.166,Poor
F033,Wheat,2023,5,0.806,0.154,0.623,0.071,0.146,Excellent
F033,Wheat,2023,6,0.601,0.234,0.513,0.105,0.137,Good
F033,Wheat,2023,7,0.321,0.321,0.363,0.153,0.141,Fair
F033,Wheat,2023,8,0.331,0.288,0.358,0.149,0.15,Fair
F034,Soybeans,2023,5,0.201,0.344,0.292,0.172,0.136,Poor
F034,Soybeans,2023,6,0.237,0.33,0.301,0.161,0.135,Poor
F034,Soybeans,2023,7,0.595,0.241,0.491,0.117,0.14,Good
F034,Soybeans,2023,8,0.657,0.213,0.532,0.101,0.146,Good
F035,Corn,2023,5,0.215,0.349,0.326,0.16,0.159,Poor
F035,Corn,2023,6,0.566,0.218,0.465,0.12,0.153,Good
F035,Corn,2023,7,0.9,0.116,0.662,0.059,0.137,Excellent
F035,Corn,2023,8,0.488,0.266,0.451,0.127,0.144,Fair
F036,Soybeans,2023,5,0.16,0.365,0.277,0.174,0.149,Poor
F036,Soybeans,2023,6,0.15,0.365,0.275,0.172,0.166,Poor
F036,Soybeans,2023,7,0.559,0.234,0.496,0.119,0.135,Good
F036,Soybeans,2023,8,0.614,0.221,0.501,0.101,0.162,Good
F037,Corn,2023,5,0.149,0.371,0.286,0.171,0.142,Poor
F037,Corn,2023,6,0.471,0.269,0.417,0.131,0.16,Fair
F037,Corn,2023,7,0.884,0.129,0.655,0.06,0.164,Excellent
F037,Corn,2023,8,0.459,0.258,0.441,0.124,0.139,Fair
F038,Wheat,2023,5,0.756,0.179,0.586,0.087,0.14,Excellent
F038,Wheat,2023,6,0.469,0.247,0.451,0.131,0.146,Fair
F038,Wheat,2023,7,0.231,0.349,0.301,0.167,0.15,Poor
F038,Wheat,2023,8,0.246,0.307,0.338,0.172,0.153,Poor
F039,Wheat,2023,5,0.757,0.181,0.564,0.088,0.154,Excellent
F039,Wheat,2023,6,0.457,0.272,0.446,0.14,0.148,Fair
F039,Wheat,2023,7,0.176,0.367,0.301,0.166,0.167,Poor
F039,Wheat,2023,8,0.251,0.325,0.329,0.16,0.132,Poor
F040,Wheat,2023,5,0.787,0.144,0.587,0.08,0.151,Excellent
F040,Wheat,2023,6,0.549,0.229,0.468,0.122,0.148,Good
F040,Wheat,2023,7,0.23,0.329,0.3,0.159,0.15,Poor
F040,Wheat,2023,8,0.249,0.342,0.319,0.164,0.155,Poor
F041,Soybeans,2023,5,0.265,0.308,0.351,0.153,0.147,Poor
F041,Soybeans,2023,6,0.207,0.358,0.304,0.171,0.133,Poor
F041,Soybeans,2023,7,0.674,0.186,0.553,0.093,0.138,Good
F041,Soybeans,2023,8,0.602,0.218,0.504,0.101,0.161,Good
F042,Soybeans,2023,5,0.191,0.34,0.292,0.173,0.136,Poor
F042,Soybeans,2023,6,0.157,0.367,0.296,0.174,0.141,Poor
F042,Soybeans,2023,7,0.603,0.215,0.483,0.103,0.159,Good
F042,Soybeans,2023,8,0.605,0.2,0.491,0.104,0.157,Good
F043,Corn,2023,5,0.165,0.362,0.27,0.178,0.14,Poor
F043,Corn,2023,6,0.515,0.235,0.466,0.13,0.163,Good
F043,Corn,2023,7,0.894,0.138,0.635,0.062,0.166,Excellent
F043,Corn,2023,8,0.506,0.232,0.441,0.115,0.137,Good
F044,Alfalfa,2023,5,0.525,0.258,0.475,0.118,0.14,Good
F044,Alfalfa,2023,6,0.761,0.175,0.571,0.088,0.146,Excellent
F044,Alfalfa,2023,7,0.778,0.164,0.581,0.092,0.161,Excellent
F044,Alfalfa,2023,8,0.497,0.266,0.448,0.133,0.162,Fair
F045,Wheat,2023,5,0.724,0.173,0.564,0.094,0.14,Excellent
F045,Wheat,2023,6,0.486,0.268,0.462,0.128,0.137,Fair
F045,Wheat,2023,7,0.249,0.306,0.341,0.155,0.153,Poor
F045,Wheat,2023,8,0.25,0.327,0.331,0.169,0.138,Poor
F046,Alfalfa,2023,5,0.539,0.254,0.485,0.121,0.154,Good
F046,Alfalfa,2023,6,0.832,0.137,0.633,0.074,0.145,Excellent
F046,Alfalfa,2023,7,0.817,0.137,0.595,0.082,0.133,Excellent
F046,Alfalfa,2023,8,0.586,0.214,0.489,0.108,0.144,Good
F047,Wheat,2023,5,0.702,0.192,0.55,0.098,0.167,Excellent
F047,Wheat,2023,6,0.496,0.24,0.429,0.121,0.154,Fair
F047,Wheat,2023,7,0.178,0.346,0.293,0.17,0.161,Poor
F047,Wheat,2023,8,0.183,0.328,0.301,0.172,0.158,Poor
F048,Wheat,2023,5,0.724,0.195,0.574,0.095,0.141,Excellent
F048,Wheat,2023,6,0.509,0.242,0.438,0.132,0.135,Good
F048,Wheat,2023,7,0.295,0.309,0.335,0.157,0.165,Poor
F048,Wheat,2023,8,0.273,0.33,0.343,0.163,0.164,Poor
F049,Soybeans,2023,5,0.24,0.317,0.339,0.173,0.132,Poor
F049,Soybeans,2023,6,0.262,0.339,0.318,0.162,0.167,Poor
F049,Soybeans,2023,7,0.594,0.23,0.489,0.119,0.169,Good
F049,Soybeans,2023,8,0.685,0.193,0.557,0.104,0.143,Good
F050,Corn,2023,5,0.1,0.374,0.239,0.177,0.133,Poor
F050,Corn,2023,6,0.503,0.243,0.46,0.116,0.143,Good
F050,Corn,2023,7,0.837,0.161,0.611,0.077,0.165,Excellent
F050,Corn,2023,8,0.495,0.241,0.428,0.133,0.131,Fair
F051,Wheat,2023,5,0.726,0.2,0.575,0.101,0.144,Excellent
F051,Wheat,2023,6,0.5,0.246,0.449,0.128,0.165,Fair
F051,Wheat,2023,7,0.272,0.329,0.333,0.158,0.16,Poor
F051,Wheat,2023,8,0.197,0.325,0.293,0.166,0.142,Poor
F052,Alfalfa,2023,5,0.53,0.222,0.485,0.119,0.145,Good
F052,Alfalfa,2023,6,0.834,0.139,0.635,0.081,0.134,Excellent
F052,Alfalfa,2023,7,0.808,0.173,0.622,0.078,0.155,Excellent
F052,Alfalfa,2023,8,0.543,0.257,0.461,0.127,0.156,Good
F053,Alfalfa,2023,5,0.546,0.225,0.46,0.112,0.137,Good
F053,Alfalfa,2023,6,0.813,0.15,0.589,0.087,0.165,Excellent
F053,Alfalfa,2023,7,0.828,0.171,0.601,0.074,0.16,Excellent
F053,Alfalfa,2023,8,0.565,0.217,0.495,0.11,0.139,Good
F054,Wheat,2023,5,0.772,0.172,0.569,0.092,0.141,Excellent
F054,Wheat,2023,6,0.475,0.273,0.456,0.136,0.162,Fair
F054,Wheat,2023,7,0.278,0.319,0.322,0.156,0.145,Poor
F054,Wheat,2023,8,0.238,0.337,0.319,0.156,0.139,Poor
F055,Corn,2023,5,0.1,0.384,0.25,0.185,0.154,Poor
F055,Corn,2023,6,0.497,0.245,0.456,0.127,0.141,Fair
F055,Corn,2023,7,0.852,0.156,0.632,0.079,0.165,Excellent
F055,Corn,2023,8,0.485,0.268,0.45,0.131,0.155,Fair
F056,Wheat,2023,5,0.685,0.21,0.558,0.088,0.163,Good
F056,Wheat,2023,6,0.432,0.264,0.426,0.128,0.163,Fair
F056,Wheat,2023,7,0.253,0.325,0.307,0.158,0.155,Poor
F056,Wheat,2023,8,0.268,0.325,0.324,0.163,0.152,Poor
F057,Corn,2023,5,0.1,0.38,0.252,0.194,0.144,Poor
F057,Corn,2023,6,0.487,0.271,0.427,0.136,0.158,Fair
F057,Corn,2023,7,0.78,0.158,0.598,0.074,0.153,Excellent
F057,Corn,2023,8,0.458,0.267,0.411,0.139,0.169,Fair
F058,Soybeans,2023,5,0.17,0.334,0.295,0.165,0.131,Poor
F058,Soybeans,2023,6,0.127,0.361,0.275,0.185,0.148,Poor
F058,Soybeans,2023,7,0.522,0.263,0.458,0.121,0.137,Good
F058,Soybeans,2023,8,0.575,0.235,0.476,0.105,0.157,Good
F059,Wheat,2023,5,0.732,0.198,0.552,0.089,0.168,Excellent
F059,Wheat,2023,6,0.497,0.257,0.444,0.121,0.169,Fair
F059,Wheat,2023,7,0.245,0.342,0.312,0.157,0.131,Poor
F059,Wheat,2023,8,0.27,0.314,0.349,0.159,0.169,Poor
F060,Soybeans,2023,5,0.262,0.333,0.342,0.168,0.16,Poor
F060,Soybeans,2023,6,0.237,0.314,0.3,0.173,0.155,Poor
F060,Soybeans,2023,7,0.654,0.203,0.512,0.094,0.157,Good
F060,Soybeans,2023,8,0.618,0.203,0.509,0.099,0.153,Good
F061,Corn,2023,5,0.207,0.33,0.302,0.159,0.133,Poor
F061,Corn,2023,6,0.516,0.244,0.462,0.118,0.158,Good
F061,Corn,2023,7,0.9,0.141,0.632,0.065,0.134,Excellent
F061,Corn,2023,8,0.501,0.269,0.436,0.125,0.155,Good
F062,Corn,2023,5,0.137,0.339,0.262,0.18,0.134,Poor
F062,Corn,2023,6,0.466,0.241,0.416,0.128,0.135,Fair
F062,Corn,2023,7,0.838,0.156,0.631,0.068,0.137,Excellent
F062,Corn,2023,8,0.442,0.273,0.429,0.124,0.167,Fair
F063,Alfalfa,2023,5,0.593,0.23,0.511,0.115,0.162,Good
F063,Alfalfa,2023,6,0.813,0.169,0.59,0.086,0.152,Excellent
F063,Alfalfa,2023,7,0.861,0.14,0.636,0.071,0.159,Excellent
F063,Alfalfa,2023,8,0.547,0.218,0.463,0.111,0.165,Good
F064,Corn,2023,5,0.242,0.321,0.308,0.17,0.156,Poor
F064,Corn,2023,6,0.544,0.239,0.481,0.113,0.17,Good
F064,Corn,2023,7,0.9,0.136,0.638,0.069,0.133,Excellent
F064,Corn,2023,8,0.497,0.241,0.447,0.133,0.159,Fair
F065,Soybeans,2023,5,0.154,0.348,0.272,0.187,0.132,Poor
F065,Soybeans,2023,6,0.198,0.344,0.296,0.175,0.149,Poor
F065,Soybeans,2023,7,0.598,0.237,0.496,0.106,0.154,Good
F065,Soybeans,2023,8,0.602,0.208,0.506,0.112,0.159,Good
F066,Corn,2023,5,0.191,0.359,0.283,0.166,0.169,Poor
F066,Corn,2023,6,0.488,0.268,0.443,0.122,0.165,Fair
F066,Corn,2023,7,0.864,0.141,0.626,0.072,0.137,Excellent
F066,Corn,2023,8,0.509,0.266,0.445,0.127,0.143,Good
F067,Soybeans,2023,5,0.142,0.376,0.269,0.173,0.133,Poor
F067,Soybeans,2023,6,0.146,0.357,0.267,0.185,0.147,Poor
F067,Soybeans,2023,7,0.554,0.238,0.485,0.11,0.137,Good
F067,Soybeans,2023,8,0.533,0.25,0.473,0.12,0.164,Good
F068,Corn,2023,5,0.133,0.375,0.255,0.172,0.141,Poor
F068,Corn,2023,6,0.43,0.272,0.433,0.126,0.135,Fair
F068,Corn,2023,7,0.82,0.171,0.603,0.077,0.132,Excellent
F068,Corn,2023,8,0.44,0.288,0.438,0.124,0.168,Fair
F069,Corn,2023,5,0.156,0.352,0.278,0.176,0.157,Poor
F069,Corn,2023,6,0.433,0.251,0.409,0.139,0.138,Fair
F069,Corn,2023,7,0.836,0.168,0.602,0.078,0.148,Excellent
F069,Corn,2023,8,0.506,0.235,0.46,0.131,0.168,Good
F070,Soybeans,2023,5,0.176,0.352,0.303,0.175,0.131,Poor
F070,Soybeans,2023,6,0.219,0.342,0.317,0.161,0.156,Poor
F070,Soybeans,2023,7,0.566,0.236,0.467,0.118,0.17,Good
F070,Soybeans,2023,8,0.531,0.26,0.462,0.128,0.161,Good
F071,Alfalfa,2023,5,0.576,0.242,0.484,0.11,0.157,Good
F071,Alfalfa,2023,6,0.823,0.164,0.623,0.075,0.163,Excellent
F071,Alfalfa,2023,7,0.754,0.176,0.557,0.083,0.145,Excellent
F071,Alfalfa,2023,8,0.542,0.245,0.466,0.118,0.14,Good
F072,Wheat,2023,5,0.754,0.157,0.581,0.09,0.155,Excellent
F072,Wheat,2023,6,0.528,0.237,0.478,0.121,0.149,Good
F072,Wheat,2023,7,0.234,0.323,0.312,0.163,0.153,Poor
F072,Wheat,2023,8,0.285,0.319,0.353,0.164,0.159,Poor
F073,Soybeans,2023,5,0.1,0.358,0.23,0.188,0.166,Poor
F073,Soybeans,2023,6,0.118,0.382,0.241,0.191,0.144,Poor
F073,Soybeans,2023,7,0.504,0.248,0.442,0.12,0.142,Good
F073,Soybeans,2023,8,0.574,0.229,0.479,0.116,0.159,Good
F074,Corn,2023,5,0.175,0.332,0.275,0.177,0.137,Poor
F074,Corn,2023,6,0.536,0.248,0.452,0.121,0.14,Good
F074,Corn,2023,7,0.9,0.129,0.662,0.066,0.132,Excellent
F074,Corn,2023,8,0.547,0.254,0.477,0.124,0.165,Good
F075,Alfalfa,2023,5,0.533,0.245,0.463,0.127,0.166,Good
F075,Alfalfa,2023,6,0.787,0.153,0.605,0.077,0.163,Excellent
F075,Alfalfa,2023,7,0.794,0.168,0.581,0.083,0.148,Excellent
F075,Alfalfa,2023,8,0.571,0.216,0.495,0.122,0.139,Good
F076,Soybeans,2023,5,0.205,0.344,0.307,0.17,0.139,Poor
F076,Soybeans,2023,6,0.242,0.331,0.321,0.174,0.135,Poor
F076,Soybeans,2023,7,0.672,0.195,0.533,0.104,0.158,Good
F076,Soybeans,2023,8,0.702,0.175,0.535,0.099,0.153,Excellent
F077,Soybeans,2023,5,0.199,0.324,0.315,0.164,0.143,Poor
F077,Soybeans,2023,6,0.214,0.33,0.29,0.168,0.133,Poor
F077,Soybeans,2023,7,0.671,0.188,0.537,0.107,0.156,Good
F077,Soybeans,2023,8,0.645,0.2,0.516,0.107,0.17,Good
F078,Alfalfa,2023,5,0.544,0.246,0.471,0.11,0.152,Good
F078,Alfalfa,2023,6,0.824,0.14,0.62,0.07,0.151,Excellent
F078,Alfalfa,2023,7,0.738,0.177,0.579,0.086,0.157,Excellent
F078,Alfalfa,2023,8,0.568,0.247,0.473,0.113,0.136,Good
F079,Soybeans,2023,5,0.213,0.338,0.32,0.168,0.155,Poor
F079,Soybeans,2023,6,0.13,0.371,0.25,0.187,0.161,Poor
F079,Soybeans,2023,7,0.592,0.204,0.488,0.107,0.144,Good
F079,Soybeans,2023,8,0.53,0.259,0.467,0.117,0.146,Good
F080,Wheat,2023,5,0.769,0.17,0.601,0.085,0.17,Excellent
F080,Wheat,2023,6,0.544,0.225,0.489,0.111,0.163,Good
F080,Wheat,2023,7,0.247,0.341,0.338,0.169,0.162,Poor
F080,Wheat,2023,8,0.24,0.311,0.316,0.158,0.158,Poor
F081,Corn,2023,5,0.21,0.343,0.318,0.161,0.164,Poor
F081,Corn,2023,6,0.555,0.233,0.482,0.122,0.137,Good
F081,Corn,2023,7,0.863,0.137,0.617,0.068,0.133,Excellent
F081,Corn,2023,8,0.465,0.246,0.451,0.131,0.169,Fair
F082,Alfalfa,2023,5,0.529,0.241,0.462,0.113,0.156,Good
F082,Alfalfa,2023,6,0.76,0.177,0.586,0.079,0.132,Excellent
F082,Alfalfa,2023,7,0.816,0.154,0.59,0.087,0.132,Excellent
F082,Alfalfa,2023,8,0.568,0.249,0.473,0.108,0.135,Good
F083,Wheat,2023,5,0.73,0.189,0.547,0.091,0.17,Excellent
F083,Wheat,2023,6,0.551,0.239,0.468,0.12,0.151,Good
F083,Wheat,2023,7,0.262,0.307,0.347,0.16,0.138,Poor
F083,Wheat,2023,8,0.256,0.32,0.341,0.166,0.161,Poor
F084,Alfalfa,2023,5,0.599,0.22,0.48,0.105,0.16,Good
F084,Alfalfa,2023,6,0.811,0.158,0.594,0.069,0.14,Excellent
F084,Alfalfa,2023,7,0.895,0.144,0.666,0.065,0.134,Excellent
F084,Alfalfa,2023,8,0.612,0.214,0.52,0.1,0.15,Good
F085,Alfalfa,2023,5,0.551,0.244,0.474,0.115,0.146,Good
F085,Alfalfa,2023,6,0.804,0.17,0.618,0.088,0.161,Excellent
F085,Alfalfa,2023,7,0.79,0.171,0.592,0.077,0.164,Excellent
F085,Alfalfa,2023,8,0.522,0.259,0.46,0.124,0.156,Good
F086,Corn,2023,5,0.129,0.366,0.247,0.181,0.136,Poor
F086,Corn,2023,6,0.49,0.254,0.452,0.117,0.133,Fair
F086,Corn,2023,7,0.837,0.132,0.602,0.065,0.168,Excellent
F086,Corn,2023,8,0.49,0.247,0.437,0.124,0.161,Fair
F087,Alfalfa,2023,5,0.507,0.235,0.437,0.127,0.161,Good
F087,Alfalfa,2023,6,0.755,0.154,0.561,0.096,0.142,Excellent
F087,Alfalfa,2023,7,0.805,0.163,0.598,0.073,0.135,Excellent
F087,Alfalfa,2023,8,0.55,0.246,0.481,0.118,0.132,Good
F088,Corn,2023,5,0.138,0.35,0.288,0.181,0.153,Poor
F088,Corn,2023,6,0.483,0.267,0.448,0.12,0.144,Fair
F088,Corn,2023,7,0.851,0.134,0.621,0.071,0.148,Excellent
F088,Corn,2023,8,0.47,0.277,0.425,0.122,0.138,Fair
F089,Corn,2023,5,0.139,0.35,0.282,0.186,0.164,Poor
F089,Corn,2023,6,0.517,0.235,0.468,0.122,0.164,Good
F089,Corn,2023,7,0.847,0.157,0.63,0.066,0.152,Excellent
F089,Corn,2023,8,0.523,0.261,0.443,0.115,0.135,Good
F090,Wheat,2023,5,0.775,0.156,0.588,0.091,0.159,Excellent
F090,Wheat,2023,6,0.498,0.254,0.449,0.121,0.153,Fair
F090,Wheat,2023,7,0.262,0.336,0.337,0.166,0.136,Poor
F090,Wheat,2023,8,0.24,0.309,0.31,0.169,0.17,Poor
F091,Soybeans,2023,5,0.228,0.344,0.302,0.167,0.159,Poor
F091,Soybeans,2023,6,0.249,0.313,0.319,0.168,0.152,Poor
F091,Soybeans,2023,7,0.588,0.234,0.475,0.117,0.138,Good
F091,Soybeans,2023,8,0.683,0.19,0.535,0.09,0.142,Good
F092,Corn,2023,5,0.169,0.344,0.282,0.179,0.165,Poor
F092,Corn,2023,6,0.478,0.252,0.436,0.132,0.13,Fair
F092,Corn,2023,7,0.831,0.145,0.627,0.067,0.154,Excellent
F092,Corn,2023,8,0.467,0.266,0.416,0.132,0.152,Fair
F093,Alfalfa,2023,5,0.539,0.245,0.482,0.115,0.163,Good
F093,Alfalfa,2023,6,0.768,0.153,0.567,0.081,0.161,Excellent
F093,Alfalfa,2023,7,0.789,0.175,0.595,0.08,0.136,Excellent
F093,Alfalfa,2023,8,0.511,0.244,0.439,0.118,0.154,Good
F094,Alfalfa,2023,5,0.564,0.248,0.488,0.114,0.155,Good
F094,Alfalfa,2023,6,0.782,0.15,0.588,0.089,0.145,Excellent
F094,Alfalfa,2023,7,0.761,0.175,0.568,0.083,0.143,Excellent
F094,Alfalfa,2023,8,0.466,0.241,0.446,0.126,0.151,Fair
F095,Wheat,2023,5,0.81,0.147,0.602,0.086,0.164,Excellent
F095,Wheat,2023,6,0.485,0.267,0.441,0.127,0.135,Fair
F095,Wheat,2023,7,0.224,0.342,0.312,0.165,0.159,Poor
F095,Wheat,2023,8,0.293,0.299,0.351,0.149,0.16,Poor
F096,Soybeans,2023,5,0.225,0.315,0.295,0.162,0.14,Poor
F096,Soybeans,2023,6,0.154,0.37,0.267,0.172,0.16,Poor
F096,Soybeans,2023,7,0.574,0.239,0.47,0.114,0.131,Good
F096,Soybeans,2023,8,0.535,0.256,0.453,0.12,0.146,Good
F097,Alfalfa,2023,5,0.597,0.202,0.505,0.12,0.152,Good
F097,Alfalfa,2023,6,0.84,0.13,0.617,0.069,0.159,Excellent
F097,Alfalfa,2023,7,0.845,0.137,0.629,0.067,0.153,Excellent
F097,Alfalfa,2023,8,0.553,0.253,0.481,0.114,0.135,Good
F098,Corn,2023,5,0.168,0.34,0.298,0.176,0.151,Poor
F098,Corn,2023,6,0.507,0.262,0.462,0.115,0.158,Good
F098,Corn,2023,7,0.9,0.113,0.648,0.065,0.137,Excellent
F098,Corn,2023,8,0.59,0.237,0.502,0.111,0.146,Good
F099,Soybeans,2023,5,0.196,0.324,0.299,0.177,0.148,Poor
F099,Soybeans,2023,6,0.147,0.367,0.261,0.173,0.137,Poor
F099,Soybeans,2023,7,0.575,0.238,0.488,0.108,0.165,Good
F099,Soybeans,2023,8,0.63,0.226,0.504,0.105,0.169,Good
F100,Wheat,2023,5,0.681,0.178,0.539,0.106,0.152,Good
F100,Wheat,2023,6,0.478,0.241,0.445,0.135,0.145,Fair
F100,Wheat,2023,7,0.256,0.342,0.316,0.162,0.141,Poor
F100,Wheat,2023,8,0.257,0.326,0.334,0.167,0.146,Poor
F101,Wheat,2023,5,0.705,0.175,0.56,0.1,0.143,Excellent
F101,Wheat,2023,6,0.488,0.27,0.435,0.137,0.136,Fair
F101,Wheat,2023,7,0.172,0.336,0.302,0.177,0.136,Poor
F101,Wheat,2023,8,0.196,0.346,0.281,0.178,0.162,Poor
F102,Wheat,2023,5,0.788,0.16,0.613,0.085,0.155,Excellent
F102,Wheat,2023,6,0.458,0.278,0.426,0.125,0.131,Fair
F102,Wheat,2023,7,0.247,0.327,0.333,0.171,0.133,Poor
F102,Wheat,2023,8,0.265,0.308,0.347,0.167,0.152,Poor
F103,Wheat,2023,5,0.728,0.181,0.577,0.09,0.144,Excellent
F103,Wheat,2023,6,0.496,0.264,0.441,0.119,0.158,Fair
F103,Wheat,2023,7,0.279,0.3,0.329,0.151,0.144,Poor
F103,Wheat,2023,8,0.241,0.338,0.327,0.166,0.144,Poor
F104,Soybeans,2023,5,0.167,0.369,0.289,0.167,0.157,Poor
F104,Soybeans,2023,6,0.152,0.362,0.259,0.171,0.164,Poor
F104,Soybeans,2023,7,0.543,0.251,0.462,0.121,0.158,Good
F104,Soybeans,2023,8,0.571,0.221,0.474,0.105,0.142,Good
F105,Wheat,2023,5,0.763,0.186,0.592,0.091,0.157,Excellent
F105,Wheat,2023,6,0.445,0.283,0.429,0.135,0.134,Fair
F105,Wheat,2023,7,0.213,0.334,0.321,0.169,0.145,Poor
F105,Wheat,2023,8,0.266,0.305,0.33,0.151,0.16,Poor
F106,Soybeans,2023,5,0.128,0.376,0.256,0.189,0.16,Poor
F106,Soybeans,2023,6,0.181,0.327,0.309,0.177,0.142,Poor
F106,Soybeans,2023,7,0.583,0.216,0.506,0.105,0.158,Good
F106,Soybeans,2023,8,0.554,0.218,0.467,0.107,0.149,Good
F107,Soybeans,2023,5,0.228,0.323,0.306,0.171,0.132,Poor
F107,Soybeans,2023,6,0.259,0.336,0.336,0.163,0.166,Poor
F107,Soybeans,2023,7,0.587,0.207,0.483,0.118,0.131,Good
F107,Soybeans,2023,8,0.627,0.232,0.528,0.106,0.133,Good
F108,Soybeans,2023,5,0.163,0.336,0.265,0.184,0.157,Poor
F108,Soybeans,2023,6,0.186,0.359,0.296,0.172,0.147,Poor
F108,Soybeans,2023,7,0.535,0.237,0.479,0.122,0.166,Good
F108,Soybeans,2023,8,0.548,0.24,0.479,0.12,0.158,Good
F109,Alfalfa,2023,5,0.558,0.217,0.474,0.116,0.156,Good
F109,Alfalfa,2023,6,0.842,0.151,0.631,0.074,0.155,Excellent
F109,Alfalfa,2023,7,0.754,0.164,0.571,0.086,0.132,Excellent
F109,Alfalfa,2023,8,0.521,0.235,0.479,0.118,0.149,Good
F110,Alfalfa,2023,5,0.593,0.213,0.485,0.111,0.13,Good
F110,Alfalfa,2023,6,0.773,0.157,0.568,0.076,0.144,Excellent
F110,Alfalfa,2023,7,0.853,0.147,0.627,0.068,0.167,Excellent
F110,Alfalfa,2023,8,0.572,0.212,0.491,0.106,0.144,Good
F111,Soybeans,2023,5,0.225,0.332,0.32,0.176,0.135,Poor
F111,Soybeans,2023,6,0.165,0.346,0.279,0.174,0.166,Poor
F111,Soybeans,2023,7,0.609,0.222,0.497,0.115,0.168,Good
F111,Soybeans,2023,8,0.619,0.194,0.515,0.098,0.14,Good
F112,Alfalfa,2023,5,0.58,0.234,0.474,0.111,0.148,Good
F112,Alfalfa,2023,6,0.796,0.146,0.595,0.086,0.133,Excellent
F112,Alfalfa,2023,7,0.767,0.164,0.601,0.088,0.157,Excellent
F112,Alfalfa,2023,8,0.556,0.237,0.458,0.119,0.167,Good
F113,Alfalfa,2023,5,0.578,0.236,0.474,0.121,0.133,Good
F113,Alfalfa,2023,6,0.784,0.15,0.573,0.081,0.142,Excellent
F113,Alfalfa,2023,7,0.779,0.169,0.571,0.076,0.152,Excellent
F113,Alfalfa,2023,8,0.525,0.252,0.469,0.128,0.158,Good
F114,Corn,2023,5,0.19,0.334,0.287,0.177,0.148,Poor
F114,Corn,2023,6,0.553,0.247,0.491,0.125,0.147,Good
F114,Corn,2023,7,0.855,0.147,0.622,0.074,0.158,Excellent
F114,Corn,2023,8,0.542,0.232,0.458,0.117,0.136,Good
F115,Alfalfa,2023,5,0.475,0.244,0.418,0.132,0.155,Fair
F115,Alfalfa,2023,6,0.714,0.169,0.554,0.089,0.157,Excellent
F115,Alfalfa,2023,7,0.741,0.172,0.559,0.099,0.148,Excellent
F115,Alfalfa,2023,8,0.509,0.233,0.454,0.114,0.15,Good
F116,Corn,2023,5,0.1,0.352,0.231,0.183,0.136,Poor
F116,Corn,2023,6,0.395,0.292,0.396,0.136,0.166,Fair
F116,Corn,2023,7,0.755,0.192,0.57,0.095,0.154,Excellent
F116,Corn,2023,8,0.476,0.277,0.429,0.138,0.146,Fair
F117,Alfalfa,2023,5,0.543,0.239,0.458,0.12,0.152,Good
F117,Alfalfa,2023,6,0.826,0.166,0.61,0.072,0.14,Excellent
F117,Alfalfa,2023,7,0.769,0.152,0.578,0.08,0.169,Excellent
F117,Alfalfa,2023,8,0.565,0.224,0.486,0.108,0.148,Good
F118,Alfalfa,2023,5,0.516,0.241,0.478,0.13,0.155,Good
F118,Alfalfa,2023,6,0.764,0.176,0.57,0.083,0.132,Excellent
F118,Alfalfa,2023,7,0.754,0.175,0.566,0.096,0.166,Excellent
F118,Alfalfa,2023,8,0.539,0.24,0.484,0.112,0.162,Good
F119,Corn,2023,5,0.201,0.331,0.316,0.179,0.136,Poor
F119,Corn,2023,6,0.518,0.264,0.458,0.13,0.154,Good
F119,Corn,2023,7,0.859,0.134,0.618,0.076,0.145,Excellent
F119,Corn,2023,8,0.523,0.243,0.464,0.129,0.169,Good
F120,Alfalfa,2023,5,0.598,0.231,0.502,0.119,0.138,Good
F120,Alfalfa,2023,6,0.766,0.184,0.581,0.092,0.166,Excellent
F120,Alfalfa,2023,7,0.761,0.187,0.579,0.086,0.155,Excellent
F120,Alfalfa,2023,8,0.608,0.198,0.503,0.113,0.159,Good
F121,Corn,2023,5,0.1,0.362,0.244,0.191,0.141,Poor
F121,Corn,2023,6,0.454,0.282,0.408,0.142,0.157,Fair
F121,Corn,2023,7,0.866,0.132,0.614,0.075,0.163,Excellent
F121,Corn,2023,8,0.507,0.233,0.464,0.129,0.156,Good
F122,Alfalfa,2023,5,0.561,0.236,0.464,0.116,0.133,Good
F122,Alfalfa,2023,6,0.757,0.169,0.561,0.083,0.134,Excellent
F122,Alfalfa,2023,7,0.798,0.179,0.582,0.089,0.151,Excellent
F122,Alfalfa,2023,8,0.507,0.231,0.453,0.13,0.158,Good
F123,Wheat,2023,5,0.743,0.173,0.563,0.083,0.141,Excellent
F123,Wheat,2023,6,0.566,0.247,0.479,0.123,0.143,Good
F123,Wheat,2023,7,0.283,0.304,0.347,0.167,0.154,Poor
F123,Wheat,2023,8,0.271,0.324,0.321,0.167,0.15,Poor
F124,Wheat,2023,5,0.762,0.176,0.564,0.089,0.14,Excellent
F124,Wheat,2023,6,0.525,0.255,0.475,0.122,0.151,Good
F124,Wheat,2023,7,0.218,0.346,0.3,0.167,0.141,Poor
F124,Wheat,2023,8,0.217,0.34,0.291,0.172,0.143,Poor
F125,Corn,2023,5,0.208,0.32,0.295,0.173,0.133,Poor
F125,Corn,2023,6,0.591,0.203,0.485,0.116,0.143,Good
F125,Corn,2023,7,0.867,0.134,0.624,0.077,0.143,Excellent
F125,Corn,2023,8,0.586,0.24,0.49,0.12,0.145,Good
F126,Corn,2023,5,0.1,0.377,0.25,0.183,0.155,Poor
F126,Corn,2023,6,0.489,0.234,0.431,0.131,0.157,Fair
F126,Corn,2023,7,0.865,0.151,0.65,0.074,0.142,Excellent
F126,Corn,2023,8,0.429,0.283,0.42,0.127,0.144,Fair
F127,Alfalfa,2023,5,0.509,0.245,0.453,0.118,0.145,Good
F127,Alfalfa,2023,6,0.736,0.161,0.579,0.088,0.163,Excellent
F127,Alfalfa,2023,7,0.784,0.153,0.598,0.082,0.165,Excellent
F127,Alfalfa,2023,8,0.481,0.263,0.445,0.124,0.135,Fair
F128,Soybeans,2023,5,0.202,0.332,0.307,0.168,0.159,Poor
F128,Soybeans,2023,6,0.148,0.371,0.266,0.175,0.132,Poor
F128,Soybeans,2023,7,0.539,0.239,0.46,0.126,0.131,Good
F128,Soybeans,2023,8,0.566,0.224,0.464,0.108,0.147,Good
F129,Soybeans,2023,5,0.208,0.339,0.308,0.159,0.149,Poor
F129,Soybeans,2023,6,0.264,0.321,0.339,0.157,0.161,Poor
F129,Soybeans,2023,7,0.645,0.207,0.542,0.096,0.131,Good
F129,Soybeans,2023,8,0.645,0.219,0.507,0.099,0.131,Good
F130,Alfalfa,2023,5,0.599,0.221,0.493,0.108,0.13,Good
F130,Alfalfa,2023,6,0.791,0.168,0.615,0.088,0.131,Excellent
F130,Alfalfa,2023,7,0.851,0.156,0.637,0.071,0.146,Excellent
F130,Alfalfa,2023,8,0.552,0.217,0.465,0.112,0.149,Good
F131,Soybeans,2023,5,0.189,0.326,0.313,0.181,0.161,Poor
F131,Soybeans,2023,6,0.24,0.33,0.339,0.155,0.145,Poor
F131,Soybeans,2023,7,0.564,0.219,0.468,0.118,0.161,Good
F131,Soybeans,2023,8,0.599,0.206,0.512,0.113,0.146,Good
F132,Corn,2023,5,0.111,0.36,0.272,0.179,0.149,Poor
F132,Corn,2023,6,0.524,0.251,0.445,0.114,0.13,Good
F132,Corn,2023,7,0.848,0.143,0.61,0.082,0.151,Excellent
F132,Corn,2023,8,0.459,0.262,0.437,0.123,0.141,Fair
F133,Corn,2023,5,0.106,0.37,0.25,0.175,0.137,Poor
F133,Corn,2023,6,0.455,0.252,0.409,0.139,0.169,Fair
F133,Corn,2023,7,0.839,0.162,0.609,0.083,0.138,Excellent
F133,Corn,2023,8,0.505,0.268,0.461,0.134,0.153,Good
F134,Wheat,2023,5,0.749,0.179,0.557,0.09,0.169,Excellent
F134,Wheat,2023,6,0.474,0.269,0.454,0.138,0.168,Fair
F134,Wheat,2023,7,0.258,0.342,0.339,0.155,0.149,Poor
F134,Wheat,2023,8,0.277,0.307,0.344,0.162,0.137,Poor
F135,Wheat,2023,5,0.785,0.164,0.573,0.072,0.144,Excellent
F135,Wheat,2023,6,0.551,0.224,0.481,0.112,0.143,Good
F135,Wheat,2023,7,0.293,0.321,0.33,0.155,0.131,Poor
F135,Wheat,2023,8,0.256,0.33,0.313,0.157,0.146,Poor
F136,Alfalfa,2023,5,0.559,0.214,0.49,0.114,0.146,Good
F136,Alfalfa,2023,6,0.775,0.184,0.606,0.085,0.144,Excellent
F136,Alfalfa,2023,7,0.779,0.156,0.592,0.08,0.156,Excellent
F136,Alfalfa,2023,8,0.484,0.242,0.459,0.119,0.15,Fair
F137,Soybeans,2023,5,0.176,0.328,0.275,0.181,0.141,Poor
F137,Soybeans,2023,6,0.268,0.323,0.331,0.161,0.151,Poor
F137,Soybeans,2023,7,0.648,0.197,0.518,0.111,0.168,Good
F137,Soybeans,2023,8,0.662,0.198,0.542,0.1,0.15,Good
F138,Corn,2023,5,0.206,0.326,0.296,0.176,0.138,Poor
F138,Corn,2023,6,0.504,0.232,0.47,0.125,0.146,Good
F138,Corn,2023,7,0.9,0.143,0.643,0.069,0.161,Excellent
F138,Corn,2023,8,0.562,0.217,0.496,0.116,0.141,Good
F139,Soybeans,2023,5,0.18,0.331,0.301,0.163,0.147,Poor
F139,Soybeans,2023,6,0.228,0.314,0.333,0.16,0.142,Poor
F139,Soybeans,2023,7,0.607,0.207,0.483,0.114,0.169,Good
F139,Soybeans,2023,8,0.599,0.227,0.509,0.117,0.147,Good
F140,Soybeans,2023,5,0.19,0.351,0.308,0.165,0.145,Poor
F140,Soybeans,2023,6,0.248,0.338,0.343,0.168,0.146,Poor
F140,Soybeans,2023,7,0.617,0.221,0.492,0.108,0.158,Good
F140,Soybeans,2023,8,0.574,0.239,0.491,0.123,0.132,Good
F141,Wheat,2023,5,0.769,0.161,0.593,0.09,0.134,Excellent
F141,Wheat,2023,6,0.51,0.247,0.45,0.132,0.163,Good
F141,Wheat,2023,7,0.279,0.325,0.338,0.167,0.158,Poor
F141,Wheat,2023,8,0.282,0.33,0.332,0.164,0.138,Poor
F142,Corn,2023,5,0.133,0.379,0.281,0.184,0.159,Poor
F142,Corn,2023,6,0.506,0.266,0.453,0.122,0.137,Good
F142,Corn,2023,7,0.878,0.146,0.634,0.059,0.164,Excellent
F142,Corn,2023,8,0.451,0.273,0.444,0.131,0.139,Fair
F143,Corn,2023,5,0.175,0.349,0.306,0.165,0.15,Poor
F143,Corn,2023,6,0.515,0.26,0.445,0.129,0.152,Good
F143,Corn,2023,7,0.833,0.136,0.631,0.068,0.142,Excellent
F143,Corn,2023,8,0.472,0.273,0.443,0.135,0.14,Fair
F144,Corn,2023,5,0.159,0.366,0.296,0.166,0.157,Poor
F144,Corn,2023,6,0.457,0.265,0.42,0.128,0.144,Fair
F144,Corn,2023,7,0.864,0.134,0.641,0.068,0.133,Excellent
F144,Corn,2023,8,0.531,0.232,0.463,0.124,0.143,Good
F145,Alfalfa,2023,5,0.59,0.241,0.501,0.115,0.155,Good
F145,Alfalfa,2023,6,0.813,0.153,0.616,0.07,0.141,Excellent
F145,Alfalfa,2023,7,0.821,0.151,0.63,0.068,0.151,Excellent
F145,Alfalfa,2023,8,0.571,0.248,0.47,0.112,0.16,Good
F146,Soybeans,2023,5,0.172,0.342,0.282,0.17,0.138,Poor
F146,Soybeans,2023,6,0.178,0.337,0.28,0.176,0.169,Poor
F146,Soybeans,2023,7,0.59,0.206,0.478,0.121,0.142,Good
F146,Soybeans,2023,8,0.539,0.242,0.474,0.122,0.141,Good
F147,Corn,2023,5,0.253,0.314,0.334,0.166,0.154,Poor
F147,Corn,2023,6,0.538,0.23,0.473,0.127,0.168,Good
F147,Corn,2023,7,0.867,0.126,0.651,0.075,0.165,Excellent
F147,Corn,2023,8,0.527,0.245,0.471,0.125,0.146,Good
F148,Corn,2023,5,0.216,0.325,0.306,0.177,0.146,Poor
F148,Corn,2023,6,0.592,0.21,0.503,0.121,0.134,Good
F148,Corn,2023,7,0.859,0.14,0.613,0.076,0.167,Excellent
F148,Corn,2023,8,0.551,0.225,0.473,0.122,0.13,Good
F149,Alfalfa,2023,5,0.56,0.238,0.47,0.12,0.134,Good
F149,Alfalfa,2023,6,0.758,0.188,0.589,0.077,0.14,Excellent
F149,Alfalfa,2023,7,0.76,0.163,0.57,0.077,0.148,Excellent
F149,Alfalfa,2023,8,0.572,0.233,0.493,0.106,0.168,Good
F150,Corn,2023,5,0.147,0.369,0.291,0.179,0.138,Poor
F150,Corn,2023,6,0.478,0.266,0.448,0.129,0.133,Fair
F150,Corn,2023,7,0.803,0.176,0.605,0.08,0.141,Excellent
F150,Corn,2023,8,0.453,0.28,0.433,0.138,0.148,Fair
F151,Wheat,2023,5,0.704,0.197,0.549,0.093,0.156,Excellent
F151,Wheat,2023,6,0.523,0.226,0.474,0.117,0.148,Good
F151,Wheat,2023,7,0.181,0.338,0.291,0.164,0.15,Poor
F151,Wheat,2023,8,0.272,0.303,0.346,0.157,0.156,Poor
F152,Soybeans,2023,5,0.206,0.325,0.286,0.163,0.157,Poor
F152,Soybeans,2023,6,0.278,0.329,0.346,0.15,0.142,Poor
F152,Soybeans,2023,7,0.621,0.204,0.511,0.108,0.144,Good
F152,Soybeans,2023,8,0.625,0.226,0.524,0.102,0.167,Good
F153,Soybeans,2023,5,0.145,0.351,0.273,0.187,0.165,Poor
F153,Soybeans,2023,6,0.123,0.359,0.264,0.182,0.138,Poor
F153,Soybeans,2023,7,0.599,0.227,0.513,0.117,0.16,Good
F153,Soybeans,2023,8,0.557,0.237,0.465,0.12,0.137,Good
F154,Soybeans,2023,5,0.151,0.339,0.262,0.167,0.159,Poor
F154,Soybeans,2023,6,0.201,0.34,0.287,0.161,0.131,Poor
F154,Soybeans,2023,7,0.545,0.252,0.462,0.115,0.134,Good
F154,Soybeans,2023,8,0.55,0.236,0.479,0.112,0.132,Good
F155,Alfalfa,2023,5,0.542,0.226,0.489,0.121,0.152,Good
F155,Alfalfa,2023,6,0.8,0.157,0.602,0.084,0.158,Excellent
F155,Alfalfa,2023,7,0.775,0.167,0.584,0.091,0.155,Excellent
F155,Alfalfa,2023,8,0.571,0.213,0.49,0.107,0.143,Good
F156,Soybeans,2023,5,0.255,0.312,0.323,0.17,0.138,Poor
F156,Soybeans,2023,6,0.236,0.326,0.299,0.17,0.133,Poor
F156,Soybeans,2023,7,0.633,0.212,0.522,0.109,0.14,Good
F156,Soybeans,2023,8,0.587,0.233,0.495,0.119,0.163,Good
F157,Corn,2023,5,0.106,0.361,0.265,0.183,0.137,Poor
F157,Corn,2023,6,0.493,0.267,0.445,0.118,0.146,Fair
F157,Corn,2023,7,0.838,0.165,0.607,0.066,0.165,Excellent
F157,Corn,2023,8,0.447,0.268,0.442,0.124,0.156,Fair
F158,Wheat,2023,5,0.793,0.174,0.594,0.091,0.152,Excellent
F158,Wheat,2023,6,0.538,0.227,0.463,0.117,0.133,Good
F158,Wheat,2023,7,0.293,0.311,0.355,0.159,0.158,Poor
F158,Wheat,2023,8,0.257,0.312,0.335,0.161,0.13,Poor
F159,Wheat,2023,5,0.743,0.179,0.554,0.094,0.153,Excellent
F159,Wheat,2023,6,0.494,0.262,0.459,0.126,0.136,Fair
F159,Wheat,2023,7,0.233,0.335,0.326,0.158,0.138,Poor
F159,Wheat,2023,8,0.255,0.334,0.344,0.167,0.154,Poor
F160,Alfalfa,2023,5,0.561,0.235,0.486,0.109,0.149,Good
F160,Alfalfa,2023,6,0.784,0.156,0.58,0.079,0.14,Excellent
F160,Alfalfa,2023,7,0.733,0.177,0.583,0.09,0.138,Excellent
F160,Alfalfa,2023,8,0.48,0.264,0.435,0.134,0.156,Fair
F161,Alfalfa,2023,5,0.501,0.257,0.441,0.134,0.155,Good
F161,Alfalfa,2023,6,0.746,0.167,0.561,0.092,0.139,Excellent
F161,Alfalfa,2023,7,0.773,0.159,0.593,0.09,0.161,Excellent
F161,Alfalfa,2023,8,0.55,0.223,0.458,0.122,0.145,Good
F162,Corn,2023,5,0.1,0.36,0.231,0.193,0.14,Poor
F162,Corn,2023,6,0.494,0.233,0.454,0.122,0.166,Fair
F162,Corn,2023,7,0.877,0.13,0.654,0.078,0.163,Excellent
F162,Corn,2023,8,0.523,0.233,0.464,0.113,0.134,Good
F163,Wheat,2023,5,0.683,0.205,0.554,0.105,0.17,Good
F163,Wheat,2023,6,0.424,0.254,0.409,0.129,0.131,Fair
F163,Wheat,2023,7,0.186,0.356,0.296,0.168,0.156,Poor
F163,Wheat,2023,8,0.173,0.329,0.297,0.176,0.16,Poor
F164,Alfalfa,2023,5,0.636,0.214,0.52,0.107,0.165,Good
F164,Alfalfa,2023,6,0.851,0.148,0.645,0.078,0.148,Excellent
F164,Alfalfa,2023,7,0.863,0.137,0.621,0.073,0.167,Excellent
F164,Alfalfa,2023,8,0.645,0.2,0.524,0.097,0.17,Good
F165,Corn,2023,5,0.112,0.379,0.264,0.185,0.132,Poor
F165,Corn,2023,6,0.442,0.274,0.428,0.131,0.168,Fair
F165,Corn,2023,7,0.763,0.171,0.589,0.089,0.156,Excellent
F165,Corn,2023,8,0.424,0.259,0.417,0.138,0.137,Fair
F166,Corn,2023,5,0.144,0.364,0.285,0.172,0.131,Poor
F166,Corn,2023,6,0.526,0.247,0.471,0.128,0.162,Good
F166,Corn,2023,7,0.894,0.133,0.647,0.064,0.136,Excellent
F166,Corn,2023,8,0.505,0.239,0.47,0.126,0.154,Good
F167,Alfalfa,2023,5,0.512,0.228,0.453,0.115,0.154,Good
F167,Alfalfa,2023,6,0.835,0.165,0.624,0.069,0.165,Excellent
F167,Alfalfa,2023,7,0.836,0.137,0.627,0.07,0.162,Excellent
F167,Alfalfa,2023,8,0.607,0.199,0.519,0.111,0.169,Good
F168,Soybeans,2023,5,0.246,0.309,0.317,0.154,0.169,Poor
F168,Soybeans,2023,6,0.243,0.341,0.339,0.155,0.145,Poor
F168,Soybeans,2023,7,0.569,0.218,0.473,0.114,0.141,Good
F168,Soybeans,2023,8,0.572,0.215,0.472,0.124,0.16,Good
F169,Corn,2023,5,0.1,0.361,0.262,0.182,0.142,Poor
F169,Corn,2023,6,0.424,0.258,0.402,0.134,0.157,Fair
F169,Corn,2023,7,0.757,0.161,0.591,0.079,0.144,Excellent
F169,Corn,2023,8,0.487,0.24,0.427,0.127,0.142,Fair
F170,Alfalfa,2023,5,0.571,0.214,0.489,0.115,0.136,Good
F170,Alfalfa,2023,6,0.793,0.153,0.596,0.073,0.148,Excellent
F170,Alfalfa,2023,7,0.761,0.185,0.563,0.084,0.148,Excellent
F170,Alfalfa,2023,8,0.563,0.234,0.488,0.121,0.164,Good
F171,Alfalfa,2023,5,0.572,0.242,0.505,0.122,0.145,Good
F171,Alfalfa,2023,6,0.777,0.166,0.598,0.083,0.149,Excellent
F171,Alfalfa,2023,7,0.842,0.142,0.635,0.072,0.143,Excellent
F171,Alfalfa,2023,8,0.563,0.241,0.467,0.109,0.168,Good
F172,Corn,2023,5,0.203,0.342,0.301,0.173,0.139,Poor
F172,Corn,2023,6,0.551,0.23,0.482,0.11,0.153,Good
F172,Corn,2023,7,0.864,0.132,0.621,0.064,0.163,Excellent
F172,Corn,2023,8,0.524,0.26,0.481,0.123,0.136,Good
F173,Wheat,2023,5,0.776,0.162,0.572,0.085,0.164,Excellent
F173,Wheat,2023,6,0.526,0.229,0.47,0.115,0.139,Good
F173,Wheat,2023,7,0.284,0.305,0.333,0.147,0.165,Poor
F173,Wheat,2023,8,0.276,0.322,0.348,0.152,0.148,Poor
F174,Wheat,2023,5,0.719,0.184,0.576,0.083,0.142,Excellent
F174,Wheat,2023,6,0.48,0.245,0.456,0.127,0.149,Fair
F174,Wheat,2023,7,0.286,0.3,0.342,0.156,0.154,Poor
F174,Wheat,2023,8,0.31,0.318,0.351,0.16,0.137,Fair
F175,Corn,2023,5,0.171,0.342,0.286,0.177,0.166,Poor
F175,Corn,2023,6,0.552,0.234,0.458,0.108,0.152,Good
F175,Corn,2023,7,0.895,0.145,0.634,0.056,0.148,Excellent
F175,Corn,2023,8,0.525,0.225,0.471,0.114,0.154,Good
F176,Alfalfa,2023,5,0.515,0.241,0.469,0.121,0.16,Good
F176,Alfalfa,2023,6,0.75,0.186,0.564,0.091,0.153,Excellent
F176,Alfalfa,2023,7,0.83,0.146,0.598,0.066,0.163,Excellent
F176,Alfalfa,2023,8,0.55,0.246,0.464,0.114,0.131,Good
F177,Soybeans,2023,5,0.155,0.371,0.268,0.179,0.157,Poor
F177,Soybeans,2023,6,0.12,0.378,0.278,0.19,0.16,Poor
F177,Soybeans,2023,7,0.516,0.237,0.476,0.113,0.159,Good
F177,Soybeans,2023,8,0.558,0.237,0.499,0.112,0.144,Good
F178,Soybeans,2023,5,0.243,0.318,0.315,0.17,0.167,Poor
F178,Soybeans,2023,6,0.217,0.33,0.326,0.159,0.134,Poor
F178,Soybeans,2023,7,0.615,0.219,0.494,0.117,0.148,Good
F178,Soybeans,2023,8,0.649,0.195,0.523,0.106,0.16,Good
F179,Soybeans,2023,5,0.181,0.362,0.303,0.178,0.132,Poor
F179,Soybeans,2023,6,0.124,0.351,0.269,0.18,0.146,Poor
F179,Soybeans,2023,7,0.612,0.232,0.522,0.105,0.158,Good
F179,Soybeans,2023,8,0.55,0.222,0.463,0.114,0.147,Good
F180,Corn,2023,5,0.1,0.379,0.251,0.181,0.15,Poor
F180,Corn,2023,6,0.428,0.275,0.411,0.129,0.135,Fair
F180,Corn,2023,7,0.803,0.175,0.595,0.084,0.156,Excellent
F180,Corn,2023,8,0.491,0.265,0.448,0.129,0.166,Fair
F181,Alfalfa,2023,5,0.515,0.226,0.471,0.129,0.134,Good
F181,Alfalfa,2023,6,0.78,0.164,0.575,0.093,0.139,Excellent
F181,Alfalfa,2023,7,0.729,0.185,0.574,0.081,0.156,Excellent
F181,Alfalfa,2023,8,0.536,0.223,0.455,0.121,0.142,Good
F182,Corn,2023,5,0.151,0.374,0.266,0.187,0.147,Poor
F182,Corn,2023,6,0.454,0.246,0.409,0.136,0.148,Fair
F182,Corn,2023,7,0.792,0.167,0.586,0.083,0.144,Excellent
F182,Corn,2023,8,0.502,0.262,0.45,0.122,0.145,Good
F183,Corn,2023,5,0.1,0.358,0.233,0.184,0.149,Poor
F183,Corn,2023,6,0.488,0.243,0.439,0.133,0.163,Fair
F183,Corn,2023,7,0.792,0.161,0.588,0.09,0.135,Excellent
F183,Corn,2023,8,0.497,0.258,0.45,0.116,0.149,Fair
F184,Soybeans,2023,5,0.181,0.352,0.309,0.174,0.159,Poor
F184,Soybeans,2023,6,0.171,0.345,0.27,0.177,0.168,Poor
F184,Soybeans,2023,7,0.631,0.194,0.51,0.106,0.146,Good
F184,Soybeans,2023,8,0.648,0.218,0.528,0.1,0.14,Good
F185,Soybeans,2023,5,0.221,0.33,0.317,0.17,0.133,Poor
F185,Soybeans,2023,6,0.225,0.32,0.299,0.173,0.132,Poor
F185,Soybeans,2023,7,0.627,0.199,0.529,0.107,0.139,Good
F185,Soybeans,2023,8,0.636,0.219,0.536,0.099,0.165,Good
F186,Alfalfa,2023,5,0.53,0.246,0.47,0.119,0.16,Good
F186,Alfalfa,2023,6,0.732,0.188,0.563,0.095,0.163,Excellent
F186,Alfalfa,2023,7,0.693,0.205,0.548,0.103,0.147,Good
F186,Alfalfa,2023,8,0.476,0.274,0.428,0.135,0.149,Fair
F187,Alfalfa,2023,5,0.537,0.242,0.461,0.11,0.141,Good
F187,Alfalfa,2023,6,0.747,0.195,0.592,0.086,0.159,Excellent
F187,Alfalfa,2023,7,0.781,0.173,0.602,0.092,0.146,Excellent
F187,Alfalfa,2023,8,0.584,0.215,0.512,0.103,0.154,Good
F188,Corn,2023,5,0.165,0.335,0.3,0.169,0.155,Poor
F188,Corn,2023,6,0.468,0.252,0.436,0.128,0.136,Fair
F188,Corn,2023,7,0.813,0.153,0.617,0.086,0.133,Excellent
F188,Corn,2023,8,0.485,0.238,0.423,0.13,0.154,Fair
F189,Corn,2023,5,0.141,0.339,0.284,0.188,0.135,Poor
F189,Corn,2023,6,0.491,0.267,0.462,0.125,0.132,Fair
F189,Corn,2023,7,0.822,0.156,0.607,0.067,0.153,Excellent
F189,Corn,2023,8,0.469,0.271,0.427,0.12,0.154,Fair
F190,Alfalfa,2023,5,0.583,0.227,0.482,0.117,0.141,Good
F190,Alfalfa,2023,6,0.816,0.15,0.61,0.069,0.147,Excellent
F190,Alfalfa,2023,7,0.809,0.17,0.593,0.073,0.163,Excellent
F190,Alfalfa,2023,8,0.579,0.21,0.487,0.11,0.165,Good
F191,Corn,2023,5,0.168,0.36,0.266,0.175,0.148,Poor
F191,Corn,2023,6,0.53,0.237,0.466,0.114,0.153,Good
F191,Corn,2023,7,0.9,0.14,0.636,0.058,0.141,Excellent
F191,Corn,2023,8,0.533,0.236,0.474,0.111,0.131,Good
F192,Wheat,2023,5,0.79,0.151,0.601,0.077,0.165,Excellent
F192,Wheat,2023,6,0.56,0.224,0.469,0.114,0.14,Good
F192,Wheat,2023,7,0.287,0.327,0.351,0.163,0.146,Poor
F192,Wheat,2023,8,0.236,0.339,0.312,0.168,0.141,Poor
F193,Wheat,2023,5,0.824,0.139,0.631,0.086,0.162,Excellent
F193,Wheat,2023,6,0.54,0.241,0.485,0.115,0.149,Good
F193,Wheat,2023,7,0.286,0.311,0.34,0.154,0.153,Poor
F193,Wheat,2023,8,0.31,0.295,0.372,0.157,0.163,Fair
F194,Alfalfa,2023,5,0.568,0.21,0.497,0.106,0.166,Good
F194,Alfalfa,2023,6,0.829,0.143,0.603,0.081,0.14,Excellent
F194,Alfalfa,2023,7,0.816,0.139,0.593,0.087,0.157,Excellent
F194,Alfalfa,2023,8,0.574,0.221,0.494,0.116,0.154,Good
F195,Alfalfa,2023,5,0.539,0.236,0.46,0.125,0.139,Good
F195,Alfalfa,2023,6,0.79,0.152,0.6,0.086,0.139,Excellent
F195,Alfalfa,2023,7,0.727,0.167,0.568,0.098,0.132,Excellent
F195,Alfalfa,2023,8,0.554,0.227,0.476,0.125,0.143,Good
F196,Wheat,2023,5,0.705,0.172,0.543,0.085,0.155,Excellent
F196,Wheat,2023,6,0.496,0.253,0.435,0.122,0.157,Fair
F196,Wheat,2023,7,0.3,0.292,0.366,0.157,0.153,Poor
F196,Wheat,2023,8,0.253,0.307,0.31,0.164,0.144,Poor
F197,Alfalfa,2023,5,0.505,0.234,0.461,0.12,0.151,Good
F197,Alfalfa,2023,6,0.774,0.184,0.599,0.087,0.157,Excellent
F197,Alfalfa,2023,7,0.799,0.152,0.579,0.076,0.139,Excellent
F197,Alfalfa,2023,8,0.53,0.246,0.469,0.111,0.159,Good
F198,Soybeans,2023,5,0.215,0.338,0.301,0.16,0.134,Poor
F198,Soybeans,2023,6,0.232,0.347,0.322,0.157,0.146,Poor
F198,Soybeans,2023,7,0.622,0.225,0.496,0.097,0.158,Good
F198,Soybeans,2023,8,0.585,0.215,0.473,0.113,0.164,Good
F199,Wheat,2023,5,0.719,0.185,0.543,0.093,0.145,Excellent
F199,Wheat,2023,6,0.473,0.254,0.426,0.121,0.143,Fair
F199,Wheat,2023,7,0.172,0.336,0.305,0.173,0.151,Poor
F199,Wheat,2023,8,0.25,0.345,0.328,0.169,0.143,Poor
F200,Wheat,2023,5,0.75,0.182,0.582,0.084,0.135,Excellent
F200,Wheat,2023,6,0.523,0.228,0.465,0.125,0.158,Good
F200,Wheat,2023,7,0.285,0.329,0.343,0.162,0.155,Poor
F200,Wheat,2023,8,0.229,0.312,0.306,0.165,0.155,Poor
F001,Wheat,2024,5,0.729,0.166,0.583,0.083,0.149,Excellent
F001,Wheat,2024,6,0.518,0.246,0.442,0.113,0.134,Good
F001,Wheat,2024,7,0.268,0.321,0.323,0.163,0.163,Poor
F001,Wheat,2024,8,0.213,0.336,0.314,0.163,0.142,Poor
F002,Soybeans,2024,5,0.238,0.341,0.323,0.169,0.145,Poor
F002,Soybeans,2024,6,0.213,0.335,0.294,0.172,0.152,Poor
F002,Soybeans,2024,7,0.585,0.241,0.473,0.109,0.132,Good
F002,Soybeans,2024,8,0.625,0.22,0.506,0.11,0.146,Good
F003,Corn,2024,5,0.147,0.352,0.291,0.173,0.135,Poor
F003,Corn,2024,6,0.51,0.266,0.45,0.115,0.144,Good
F003,Corn,2024,7,0.852,0.131,0.632,0.082,0.148,Excellent
F003,Corn,2024,8,0.487,0.25,0.428,0.135,0.147,Fair
F004,Alfalfa,2024,5,0.557,0.23,0.485,0.108,0.163,Good
F004,Alfalfa,2024,6,0.825,0.158,0.631,0.069,0.149,Excellent
F004,Alfalfa,2024,7,0.792,0.166,0.592,0.078,0.135,Excellent
F004,Alfalfa,2024,8,0.531,0.227,0.475,0.115,0.132,Good
F005,Corn,2024,5,0.153,0.369,0.28,0.174,0.162,Poor
F005,Corn,2024,6,0.497,0.234,0.451,0.134,0.146,Fair
F005,Corn,2024,7,0.823,0.139,0.598,0.075,0.154,Excellent
F005,Corn,2024,8,0.451,0.282,0.436,0.134,0.163,Fair
F006,Soybeans,2024,5,0.195,0.347,0.311,0.176,0.141,Poor
F006,Soybeans,2024,6,0.241,0.313,0.336,0.173,0.137,Poor
F006,Soybeans,2024,7,0.62,0.196,0.506,0.107,0.153,Good
F006,Soybeans,2024,8,0.641,0.215,0.52,0.11,0.168,Good
F007,Soybeans,2024,5,0.244,0.31,0.335,0.159,0.135,Poor
F007,Soybeans,2024,6,0.19,0.349,0.29,0.163,0.154,Poor
F007,Soybeans,2024,7,0.636,0.204,0.507,0.103,0.132,Good
F007,Soybeans,2024,8,0.628,0.225,0.518,0.103,0.162,Good
F008,Corn,2024,5,0.2,0.345,0.311,0.172,0.147,Poor
F008,Corn,2024,6,0.563,0.233,0.486,0.11,0.155,Good
F008,Corn,2024,7,0.874,0.125,0.62,0.071,0.161,Excellent
F008,Corn,2024,8,0.52,0.233,0.466,0.114,0.148,Good
F009,Soybeans,2024,5,0.158,0.341,0.274,0.167,0.146,Poor
F009,Soybeans,2024,6,0.191,0.342,0.291,0.178,0.136,Poor
F009,Soybeans,2024,7,0.59,0.206,0.478,0.113,0.153,Good
F009,Soybeans,2024,8,0.627,0.214,0.532,0.097,0.134,Good
F010,Wheat,2024,5,0.727,0.184,0.569,0.082,0.168,Excellent
F010,Wheat,2024,6,0.542,0.229,0.454,0.112,0.135,Good
F010,Wheat,2024,7,0.22,0.335,0.3,0.164,0.17,Poor
F010,Wheat,2024,8,0.276,0.335,0.324,0.156,0.152,Poor
F011,Alfalfa,2024,5,0.48,0.263,0.446,0.126,0.15,Fair
F011,Alfalfa,2024,6,0.761,0.153,0.574,0.079,0.134,Excellent
F011,Alfalfa,2024,7,0.815,0.159,0.617,0.074,0.146,Excellent
F011,Alfalfa,2024,8,0.503,0.233,0.439,0.13,0.157,Good
F012,Alfalfa,2024,5,0.524,0.26,0.445,0.117,0.144,Good
F012,Alfalfa,2024,6,0.795,0.181,0.587,0.088,0.163,Excellent
F012,Alfalfa,2024,7,0.739,0.174,0.566,0.099,0.137,Excellent
F012,Alfalfa,2024,8,0.557,0.226,0.488,0.115,0.153,Good
F013,Corn,2024,5,0.19,0.358,0.277,0.175,0.136,Poor
F013,Corn,2024,6,0.501,0.252,0.447,0.125,0.17,Good
F013,Corn,2024,7,0.823,0.16,0.607,0.069,0.136,Excellent
F013,Corn,2024,8,0.554,0.249,0.493,0.127,0.138,Good
F014,Wheat,2024,5,0.758,0.172,0.576,0.084,0.154,Excellent
F014,Wheat,2024,6,0.498,0.237,0.448,0.126,0.153,Fair
F014,Wheat,2024,7,0.212,0.346,0.287,0.165,0.161,Poor
F014,Wheat,2024,8,0.247,0.316,0.331,0.164,0.162,Poor
F015,Soybeans,2024,5,0.198,0.34,0.284,0.166,0.147,Poor
F015,Soybeans,2024,6,0.197,0.342,0.29,0.161,0.15,Poor
F015,Soybeans,2024,7,0.565,0.24,0.464,0.117,0.168,Good
F015,Soybeans,2024,8,0.554,0.233,0.461,0.119,0.152,Good
F016,Alfalfa,2024,5,0.533,0.256,0.454,0.111,0.164,Good
F016,Alfalfa,2024,6,0.778,0.182,0.593,0.089,0.147,Excellent
F016,Alfalfa,2024,7,0.796,0.178,0.601,0.074,0.141,Excellent
F016,Alfalfa,2024,8,0.501,0.24,0.443,0.126,0.154,Good
F017,Corn,2024,5,0.175,0.331,0.271,0.167,0.151,Poor
F017,Corn,2024,6,0.485,0.246,0.438,0.134,0.131,Fair
F017,Corn,2024,7,0.878,0.143,0.651,0.077,0.131,Excellent
F017,Corn,2024,8,0.479,0.272,0.438,0.129,0.157,Fair
F018,Alfalfa,2024,5,0.602,0.239,0.51,0.105,0.165,Good
F018,Alfalfa,2024,6,0.754,0.163,0.593,0.082,0.139,Excellent
F018,Alfalfa,2024,7,0.762,0.186,0.581,0.089,0.14,Excellent
F018,Alfalfa,2024,8,0.584,0.235,0.485,0.111,0.138,Good
F019,Soybeans,2024,5,0.201,0.357,0.293,0.175,0.161,Poor
F019,Soybeans,2024,6,0.206,0.357,0.299,0.162,0.157,Poor
F019,Soybeans,2024,7,0.61,0.22,0.493,0.109,0.142,Good
F019,Soybeans,2024,8,0.579,0.232,0.5,0.108,0.146,Good
F020,Soybeans,2024,5,0.169,0.361,0.301,0.172,0.16,Poor
F020,Soybeans,2024,6,0.238,0.342,0.306,0.173,0.145,Poor
F020,Soybeans,2024,7,0.583,0.208,0.491,0.105,0.14,Good
F020,Soybeans,2024,8,0.58,0.238,0.505,0.109,0.164,Good
F021,Corn,2024,5,0.194,0.328,0.305,0.18,0.157,Poor
F021,Corn,2024,6,0.5,0.25,0.456,0.125,0.135,Good
F021,Corn,2024,7,0.849,0.158,0.639,0.065,0.168,Excellent
F021,Corn,2024,8,0.5,0.256,0.46,0.131,0.168,Good
F022,Alfalfa,2024,5,0.56,0.217,0.488,0.121,0.157,Good
F022,Alfalfa,2024,6,0.739,0.193,0.556,0.08,0.159,Excellent
F022,Alfalfa,2024,7,0.762,0.185,0.576,0.079,0.163,Excellent
F022,Alfalfa,2024,8,0.529,0.229,0.473,0.121,0.154,Good
F023,Soybeans,2024,5,0.236,0.343,0.326,0.157,0.164,Poor
F023,Soybeans,2024,6,0.22,0.342,0.304,0.175,0.159,Poor
F023,Soybeans,2024,7,0.564,0.227,0.497,0.106,0.168,Good
F023,Soybeans,2024,8,0.621,0.219,0.501,0.102,0.168,Good
F024,Soybeans,2024,5,0.21,0.333,0.291,0.159,0.152,Poor
F024,Soybeans,2024,6,0.23,0.326,0.309,0.162,0.151,Poor
F024,Soybeans,2024,7,0.577,0.242,0.489,0.114,0.136,Good
F024,Soybeans,2024,8,0.631,0.201,0.498,0.109,0.154,Good
F025,Alfalfa,2024,5,0.532,0.252,0.454,0.127,0.156,Good
F025,Alfalfa,2024,6,0.772,0.167,0.576,0.089,0.151,Excellent
F025,Alfalfa,2024,7,0.762,0.175,0.601,0.084,0.167,Excellent
F025,Alfalfa,2024,8,0.525,0.225,0.45,0.12,0.139,Good
F026,Soybeans,2024,5,0.226,0.346,0.322,0.16,0.135,Poor
F026,Soybeans,2024,6,0.141,0.367,0.288,0.177,0.135,Poor
F026,Soybeans,2024,7,0.585,0.218,0.488,0.115,0.159,Good
F026,Soybeans,2024,8,0.545,0.218,0.492,0.113,0.132,Good
F027,Corn,2024,5,0.107,0.364,0.265,0.181,0.148,Poor
F027,Corn,2024,6,0.52,0.244,0.475,0.129,0.13,Good
F027,Corn,2024,7,0.88,0.134,0.66,0.068,0.169,Excellent
F027,Corn,2024,8,0.528,0.232,0.466,0.131,0.164,Good
F028,Corn,2024,5,0.188,0.337,0.274,0.17,0.139,Poor
F028,Corn,2024,6,0.549,0.229,0.488,0.108,0.142,Good
F028,Corn,2024,7,0.841,0.137,0.603,0.068,0.152,Excellent
F028,Corn,2024,8,0.496,0.248,0.443,0.133,0.166,Fair
F029,Soybeans,2024,5,0.171,0.333,0.304,0.166,0.142,Poor
F029,Soybeans,2024,6,0.168,0.342,0.27,0.18,0.135,Poor
F029,Soybeans,2024,7,0.601,0.205,0.484,0.118,0.138,Good
F029,Soybeans,2024,8,0.62,0.216,0.493,0.116,0.14,Good
F030,Alfalfa,2024,5,0.511,0.261,0.436,0.124,0.161,Good
F030,Alfalfa,2024,6,0.827,0.168,0.627,0.084,0.138,Excellent
F030,Alfalfa,2024,7,0.762,0.163,0.576,0.084,0.152,Excellent
F030,Alfalfa,2024,8,0.51,0.255,0.442,0.12,0.15,Good
F031,Alfalfa,2024,5,0.555,0.239,0.464,0.118,0.133,Good
F031,Alfalfa,2024,6,0.758,0.169,0.561,0.082,0.168,Excellent
F031,Alfalfa,2024,7,0.816,0.149,0.59,0.071,0.146,Excellent
F031,Alfalfa,2024,8,0.575,0.213,0.498,0.106,0.169,Good
F032,Wheat,2024,5,0.783,0.159,0.597,0.076,0.136,Excellent
F032,Wheat,2024,6,0.549,0.252,0.49,0.12,0.162,Good
F032,Wheat,2024,7,0.212,0.33,0.299,0.171,0.144,Poor
F032,Wheat,2024,8,0.22,0.338,0.323,0.165,0.135,Poor
F033,Wheat,2024,5,0.736,0.171,0.574,0.092,0.158,Excellent
F033,Wheat,2024,6,0.498,0.263,0.437,0.125,0.162,Fair
F033,Wheat,2024,7,0.23,0.315,0.33,0.162,0.157,Poor
F033,Wheat,2024,8,0.215,0.343,0.3,0.159,0.154,Poor
F034,Soybeans,2024,5,0.202,0.323,0.287,0.166,0.134,Poor
F034,Soybeans,2024,6,0.254,0.304,0.327,0.154,0.142,Poor
F034,Soybeans,2024,7,0.656,0.19,0.547,0.096,0.16,Good
F034,Soybeans,2024,8,0.618,0.23,0.511,0.108,0.138,Good
F035,Corn,2024,5,0.198,0.334,0.294,0.175,0.144,Poor
F035,Corn,2024,6,0.552,0.244,0.48,0.125,0.132,Good
F035,Corn,2024,7,0.832,0.149,0.605,0.08,0.167,Excellent
F035,Corn,2024,8,0.499,0.244,0.468,0.124,0.15,Fair
F036,Soybeans,2024,5,0.249,0.328,0.335,0.169,0.144,Poor
F036,Soybeans,2024,6,0.201,0.354,0.295,0.176,0.168,Poor
F036,Soybeans,2024,7,0.62,0.224,0.522,0.114,0.146,Good
F036,Soybeans,2024,8,0.563,0.227,0.489,0.115,0.16,Good
F037,Corn,2024,5,0.171,0.336,0.296,0.175,0.138,Poor
F037,Corn,2024,6,0.487,0.264,0.443,0.121,0.169,Fair
F037,Corn,2024,7,0.88,0.154,0.637,0.068,0.166,Excellent
F037,Corn,2024,8,0.511,0.255,0.445,0.122,0.135,Good
F038,Wheat,2024,5,0.707,0.17,0.572,0.089,0.157,Excellent
F038,Wheat,2024,6,0.541,0.24,0.456,0.123,0.154,Good
F038,Wheat,2024,7,0.28,0.327,0.359,0.16,0.144,Poor
F038,Wheat,2024,8,0.272,0.301,0.352,0.152,0.143,Poor
F039,Wheat,2024,5,0.744,0.173,0.571,0.096,0.144,Excellent
F039,Wheat,2024,6,0.521,0.227,0.472,0.129,0.137,Good
F039,Wheat,2024,7,0.227,0.319,0.322,0.167,0.155,Poor
F039,Wheat,2024,8,0.204,0.327,0.283,0.166,0.152,Poor
F040,Wheat,2024,5,0.757,0.17,0.597,0.091,0.167,Excellent
F040,Wheat,2024,6,0.493,0.242,0.429,0.131,0.135,Fair
F040,Wheat,2024,7,0.221,0.335,0.313,0.169,0.137,Poor
F040,Wheat,2024,8,0.229,0.336,0.333,0.17,0.167,Poor
F041,Soybeans,2024,5,0.209,0.325,0.311,0.171,0.154,Poor
F041,Soybeans,2024,6,0.199,0.341,0.293,0.171,0.138,Poor
F041,Soybeans,2024,7,0.631,0.198,0.499,0.104,0.156,Good
F041,Soybeans,2024,8,0.594,0.213,0.499,0.108,0.167,Good
F042,Soybeans,2024,5,0.184,0.338,0.302,0.163,0.149,Poor
F042,Soybeans,2024,6,0.168,0.367,0.264,0.176,0.16,Poor
F042,Soybeans,2024,7,0.583,0.209,0.51,0.113,0.155,Good
F042,Soybeans,2024,8,0.558,0.232,0.476,0.108,0.134,Good
F043,Corn,2024,5,0.131,0.349,0.266,0.186,0.132,Poor
F043,Corn,2024,6,0.514,0.23,0.439,0.114,0.163,Good
F043,Corn,2024,7,0.818,0.136,0.607,0.084,0.14,Excellent
F043,Corn,2024,8,0.499,0.232,0.447,0.127,0.153,Fair
F044,Alfalfa,2024,5,0.523,0.227,0.456,0.114,0.161,Good
F044,Alfalfa,2024,6,0.828,0.17,0.629,0.078,0.158,Excellent
F044,Alfalfa,2024,7,0.76,0.177,0.578,0.086,0.16,Excellent
F044,Alfalfa,2024,8,0.52,0.237,0.477,0.113,0.149,Good
F045,Wheat,2024,5,0.776,0.169,0.578,0.081,0.164,Excellent
F045,Wheat,2024,6,0.521,0.244,0.444,0.112,0.169,Good
F045,Wheat,2024,7,0.252,0.328,0.309,0.166,0.167,Poor
F045,Wheat,2024,8,0.272,0.303,0.339,0.164,0.146,Poor
F046,Alfalfa,2024,5,0.542,0.254,0.476,0.111,0.142,Good
F046,Alfalfa,2024,6,0.737,0.195,0.579,0.093,0.142,Excellent
F046,Alfalfa,2024,7,0.735,0.19,0.567,0.084,0.155,Excellent
F046,Alfalfa,2024,8,0.481,0.249,0.439,0.121,0.169,Fair
F047,Wheat,2024,5,0.708,0.176,0.565,0.092,0.153,Excellent
F047,Wheat,2024,6,0.447,0.247,0.421,0.139,0.165,Fair
F047,Wheat,2024,7,0.203,0.341,0.318,0.167,0.163,Poor
F047,Wheat,2024,8,0.208,0.355,0.314,0.178,0.157,Poor
F048,Wheat,2024,5,0.787,0.155,0.587,0.086,0.161,Excellent
F048,Wheat,2024,6,0.536,0.227,0.48,0.124,0.133,Good
F048,Wheat,2024,7,0.232,0.322,0.308,0.175,0.156,Poor
F048,Wheat,2024,8,0.265,0.34,0.328,0.166,0.147,Poor
F049,Soybeans,2024,5,0.184,0.363,0.281,0.169,0.16,Poor
F049,Soybeans,2024,6,0.205,0.343,0.3,0.174,0.139,Poor
F049,Soybeans,2024,7,0.572,0.22,0.485,0.108,0.144,Good
F049,Soybeans,2024,8,0.606,0.2,0.506,0.117,0.136,Good
F050,Corn,2024,5,0.182,0.342,0.299,0.171,0.15,Poor
F050,Corn,2024,6,0.467,0.268,0.44,0.121,0.145,Fair
F050,Corn,2024,7,0.9,0.127,0.65,0.073,0.159,Excellent
F050,Corn,2024,8,0.524,0.255,0.477,0.121,0.149,Good
F051,Wheat,2024,5,0.807,0.166,0.587,0.086,0.149,Excellent
F051,Wheat,2024,6,0.468,0.262,0.43,0.137,0.138,Fair
F051,Wheat,2024,7,0.293,0.314,0.329,0.165,0.151,Poor
F051,Wheat,2024,8,0.24,0.327,0.334,0.16,0.138,Poor
F052,Alfalfa,2024,5,0.529,0.252,0.463,0.115,0.137,Good
F052,Alfalfa,2024,6,0.773,0.186,0.58,0.094,0.149,Excellent
F052,Alfalfa,2024,7,0.757,0.188,0.577,0.091,0.169,Excellent
F052,Alfalfa,2024,8,0.504,0.233,0.461,0.12,0.137,Good
F053,Alfalfa,2024,5,0.508,0.259,0.439,0.123,0.154,Good
F053,Alfalfa,2024,6,0.789,0.144,0.606,0.072,0.16,Excellent
F053,Alfalfa,2024,7,0.835,0.147,0.619,0.074,0.146,Excellent
F053,Alfalfa,2024,8,0.595,0.237,0.491,0.113,0.167,Good
F054,Wheat,2024,5,0.767,0.168,0.575,0.094,0.136,Excellent
F054,Wheat,2024,6,0.524,0.234,0.453,0.12,0.17,Good
F054,Wheat,2024,7,0.221,0.337,0.294,0.16,0.148,Poor
F054,Wheat,2024,8,0.267,0.31,0.326,0.152,0.142,Poor
F055,Corn,2024,5,0.177,0.34,0.291,0.182,0.13,Poor
F055,Corn,2024,6,0.514,0.264,0.441,0.116,0.168,Good
F055,Corn,2024,7,0.836,0.13,0.609,0.074,0.158,Excellent
F055,Corn,2024,8,0.506,0.268,0.444,0.125,0.151,Good
F056,Wheat,2024,5,0.712,0.206,0.57,0.093,0.154,Excellent
F056,Wheat,2024,6,0.467,0.262,0.441,0.13,0.17,Fair
F056,Wheat,2024,7,0.256,0.318,0.339,0.155,0.145,Poor
F056,Wheat,2024,8,0.229,0.328,0.326,0.165,0.162,Poor
F057,Corn,2024,5,0.136,0.372,0.257,0.174,0.15,Poor
F057,Corn,2024,6,0.477,0.237,0.445,0.129,0.148,Fair
F057,Corn,2024,7,0.898,0.133,0.664,0.058,0.153,Excellent
F057,Corn,2024,8,0.538,0.242,0.478,0.117,0.134,Good
F058,Soybeans,2024,5,0.181,0.36,0.28,0.182,0.168,Poor
F058,Soybeans,2024,6,0.167,0.344,0.299,0.184,0.148,Poor
F058,Soybeans,2024,7,0.574,0.229,0.495,0.109,0.159,Good
F058,Soybeans,2024,8,0.547,0.218,0.469,0.115,0.143,Good
F059,Wheat,2024,5,0.752,0.162,0.568,0.097,0.146,Excellent
F059,Wheat,2024,6,0.514,0.249,0.477,0.118,0.157,Good
F059,Wheat,2024,7,0.292,0.317,0.329,0.16,0.133,Poor
F059,Wheat,2024,8,0.28,0.326,0.328,0.165,0.131,Poor
F060,Soybeans,2024,5,0.189,0.332,0.28,0.181,0.133,Poor
F060,Soybeans,2024,6,0.163,0.345,0.286,0.176,0.135,Poor
F060,Soybeans,2024,7,0.572,0.218,0.475,0.112,0.158,Good
F060,Soybeans,2024,8,0.565,0.225,0.478,0.125,0.168,Good
F061,Corn,2024,5,0.128,0.344,0.257,0.176,0.15,Poor
F061,Corn,2024,6,0.532,0.255,0.48,0.117,0.157,Good
F061,Corn,2024,7,0.835,0.132,0.626,0.065,0.146,Excellent
F061,Corn,2024,8,0.487,0.262,0.454,0.123,0.162,Fair
F062,Corn,2024,5,0.146,0.365,0.281,0.188,0.139,Poor
F062,Corn,2024,6,0.518,0.249,0.475,0.115,0.16,Good
F062,Corn,2024,7,0.858,0.134,0.628,0.068,0.153,Excellent
F062,Corn,2024,8,0.54,0.241,0.475,0.119,0.132,Good
F063,Alfalfa,2024,5,0.543,0.229,0.459,0.119,0.143,Good
F063,Alfalfa,2024,6,0.76,0.171,0.565,0.095,0.165,Excellent
F063,Alfalfa,2024,7,0.805,0.143,0.613,0.085,0.161,Excellent
F063,Alfalfa,2024,8,0.505,0.254,0.466,0.126,0.156,Good
F064,Corn,2024,5,0.169,0.331,0.29,0.166,0.147,Poor
F064,Corn,2024,6,0.495,0.253,0.433,0.13,0.162,Fair
F064,Corn,2024,7,0.832,0.134,0.602,0.083,0.151,Excellent
F064,Corn,2024,8,0.513,0.23,0.462,0.13,0.163,Good
F065,Soybeans,2024,5,0.143,0.342,0.253,0.174,0.135,Poor
F065,Soybeans,2024,6,0.161,0.347,0.298,0.178,0.163,Poor
F065,Soybeans,2024,7,0.606,0.203,0.513,0.105,0.156,Good
F065,Soybeans,2024,8,0.569,0.249,0.475,0.11,0.167,Good
F066,Corn,2024,5,0.152,0.363,0.29,0.187,0.169,Poor
F066,Corn,2024,6,0.439,0.281,0.425,0.137,0.135,Fair
F066,Corn,2024,7,0.848,0.165,0.64,0.072,0.132,Excellent
F066,Corn,2024,8,0.469,0.272,0.443,0.129,0.132,Fair
F067,Soybeans,2024,5,0.204,0.356,0.307,0.166,0.151,Poor
F067,Soybeans,2024,6,0.163,0.37,0.276,0.175,0.144,Poor
F067,Soybeans,2024,7,0.625,0.219,0.521,0.102,0.143,Good
F067,Soybeans,2024,8,0.569,0.235,0.466,0.117,0.165,Good
F068,Corn,2024,5,0.15,0.353,0.258,0.181,0.163,Poor
F068,Corn,2024,6,0.48,0.253,0.453,0.136,0.14,Fair
F068,Corn,2024,7,0.86,0.13,0.614,0.079,0.163,Excellent
F068,Corn,2024,8,0.531,0.223,0.479,0.119,0.144,Good
F069,Corn,2024,5,0.1,0.38,0.253,0.179,0.138,Poor
F069,Corn,2024,6,0.451,0.247,0.429,0.139,0.131,Fair
F069,Corn,2024,7,0.788,0.167,0.607,0.078,0.144,Excellent
F069,Corn,2024,8,0.492,0.243,0.427,0.131,0.155,Fair
F070,Soybeans,2024,5,0.219,0.341,0.298,0.164,0.135,Poor
F070,Soybeans,2024,6,0.158,0.36,0.293,0.186,0.155,Poor
F070,Soybeans,2024,7,0.563,0.215,0.494,0.117,0.155,Good
F070,Soybeans,2024,8,0.623,0.221,0.525,0.098,0.16,Good
F071,Alfalfa,2024,5,0.537,0.244,0.461,0.129,0.131,Good
F071,Alfalfa,2024,6,0.807,0.145,0.612,0.073,0.139,Excellent
F071,Alfalfa,2024,7,0.798,0.177,0.588,0.073,0.16,Excellent
F071,Alfalfa,2024,8,0.559,0.249,0.465,0.119,0.139,Good
F072,Wheat,2024,5,0.787,0.168,0.604,0.078,0.148,Excellent
F072,Wheat,2024,6,0.509,0.267,0.446,0.12,0.144,Good
F072,Wheat,2024,7,0.275,0.308,0.354,0.154,0.166,Poor
F072,Wheat,2024,8,0.229,0.338,0.331,0.159,0.169,Poor
F073,Soybeans,2024,5,0.234,0.337,0.309,0.159,0.142,Poor
F073,Soybeans,2024,6,0.149,0.341,0.259,0.176,0.162,Poor
F073,Soybeans,2024,7,0.553,0.219,0.482,0.111,0.134,Good
F073,Soybeans,2024,8,0.556,0.25,0.491,0.114,0.156,Good
F074,Corn,2024,5,0.178,0.354,0.294,0.169,0.132,Poor
F074,Corn,2024,6,0.506,0.264,0.456,0.131,0.17,Good
F074,Corn,2024,7,0.827,0.16,0.62,0.086,0.169,Excellent
F074,Corn,2024,8,0.529,0.231,0.477,0.113,0.161,Good
F075,Alfalfa,2024,5,0.523,0.248,0.459,0.12,0.142,Good
F075,Alfalfa,2024,6,0.801,0.177,0.618,0.073,0.165,Excellent
F075,Alfalfa,2024,7,0.798,0.151,0.582,0.076,0.166,Excellent
F075,Alfalfa,2024,8,0.548,0.244,0.464,0.122,0.131,Good
F076,Soybeans,2024,5,0.225,0.318,0.325,0.161,0.156,Poor
F076,Soybeans,2024,6,0.203,0.343,0.286,0.16,0.166,Poor
F076,Soybeans,2024,7,0.589,0.236,0.514,0.106,0.141,Good
F076,Soybeans,2024,8,0.628,0.23,0.531,0.106,0.162,Good
F077,Soybeans,2024,5,0.266,0.339,0.32,0.156,0.134,Poor
F077,Soybeans,2024,6,0.196,0.354,0.293,0.162,0.144,Poor
F077,Soybeans,2024,7,0.667,0.205,0.53,0.093,0.169,Good
F077,Soybeans,2024,8,0.651,0.196,0.508,0.094,0.135,Good
F078,Alfalfa,2024,5,0.598,0.221,0.512,0.109,0.158,Good
F078,Alfalfa,2024,6,0.818,0.142,0.603,0.08,0.133,Excellent
F078,Alfalfa,2024,7,0.781,0.167,0.61,0.082,0.163,Excellent
F078,Alfalfa,2024,8,0.548,0.247,0.478,0.126,0.146,Good
F079,Soybeans,2024,5,0.233,0.327,0.302,0.157,0.131,Poor
F079,Soybeans,2024,6,0.257,0.312,0.317,0.166,0.143,Poor
F079,Soybeans,2024,7,0.621,0.2,0.529,0.114,0.165,Good
F079,Soybeans,2024,8,0.611,0.227,0.491,0.099,0.131,Good
F080,Wheat,2024,5,0.75,0.176,0.555,0.086,0.159,Excellent
F080,Wheat,2024,6,0.498,0.26,0.438,0.132,0.154,Fair
F080,Wheat,2024,7,0.225,0.322,0.318,0.173,0.147,Poor
F080,Wheat,2024,8,0.23,0.346,0.322,0.164,0.15,Poor
F081,Corn,2024,5,0.16,0.346,0.3,0.176,0.149,Poor
F081,Corn,2024,6,0.504,0.265,0.464,0.123,0.159,Good
F081,Corn,2024,7,0.856,0.143,0.616,0.071,0.14,Excellent
F081,Corn,2024,8,0.539,0.232,0.487,0.12,0.155,Good
F082,Alfalfa,2024,5,0.504,0.244,0.436,0.127,0.148,Good
F082,Alfalfa,2024,6,0.809,0.146,0.591,0.077,0.167,Excellent
F082,Alfalfa,2024,7,0.802,0.156,0.602,0.071,0.169,Excellent
F082,Alfalfa,2024,8,0.558,0.224,0.482,0.108,0.169,Good
F083,Wheat,2024,5,0.765,0.16,0.591,0.091,0.157,Excellent
F083,Wheat,2024,6,0.511,0.262,0.439,0.12,0.14,Good
F083,Wheat,2024,7,0.299,0.306,0.359,0.159,0.138,Poor
F083,Wheat,2024,8,0.224,0.324,0.308,0.161,0.131,Poor
F084,Alfalfa,2024,5,0.605,0.212,0.496,0.099,0.157,Good
F084,Alfalfa,2024,6,0.831,0.137,0.602,0.081,0.155,Excellent
F084,Alfalfa,2024,7,0.753,0.179,0.569,0.084,0.161,Excellent
F084,Alfalfa,2024,8,0.59,0.219,0.513,0.11,0.161,Good
F085,Alfalfa,2024,5,0.573,0.244,0.47,0.123,0.163,Good
F085,Alfalfa,2024,6,0.802,0.147,0.613,0.087,0.142,Excellent
F085,Alfalfa,2024,7,0.819,0.136,0.595,0.078,0.153,Excellent
F085,Alfalfa,2024,8,0.548,0.216,0.492,0.109,0.136,Good
F086,Corn,2024,5,0.162,0.369,0.288,0.182,0.131,Poor
F086,Corn,2024,6,0.51,0.246,0.455,0.115,0.157,Good
F086,Corn,2024,7,0.856,0.154,0.627,0.065,0.156,Excellent
F086,Corn,2024,8,0.473,0.273,0.441,0.122,0.168,Fair
F087,Alfalfa,2024,5,0.512,0.251,0.446,0.129,0.163,Good
F087,Alfalfa,2024,6,0.843,0.147,0.619,0.079,0.135,Excellent
F087,Alfalfa,2024,7,0.799,0.162,0.583,0.078,0.164,Excellent
F087,Alfalfa,2024,8,0.59,0.207,0.479,0.107,0.165,Good
F088,Corn,2024,5,0.177,0.331,0.294,0.171,0.162,Poor
F088,Corn,2024,6,0.479,0.262,0.429,0.132,0.165,Fair
F088,Corn,2024,7,0.818,0.169,0.613,0.07,0.147,Excellent
F088,Corn,2024,8,0.471,0.267,0.446,0.121,0.15,Fair
F089,Corn,2024,5,0.207,0.338,0.321,0.17,0.146,Poor
F089,Corn,2024,6,0.548,0.235,0.473,0.118,0.164,Good
F089,Corn,2024,7,0.897,0.127,0.642,0.065,0.153,Excellent
F089,Corn,2024,8,0.487,0.266,0.443,0.124,0.134,Fair
F090,Wheat,2024,5,0.811,0.149,0.592,0.078,0.142,Excellent
F090,Wheat,2024,6,0.47,0.252,0.437,0.131,0.144,Fair
F090,Wheat,2024,7,0.261,0.34,0.325,0.156,0.14,Poor
F090,Wheat,2024,8,0.262,0.332,0.319,0.165,0.131,Poor
F091,Soybeans,2024,5,0.225,0.326,0.315,0.16,0.16,Poor
F091,Soybeans,2024,6,0.153,0.368,0.264,0.185,0.144,Poor
F091,Soybeans,2024,7,0.62,0.207,0.526,0.1,0.137,Good
F091,Soybeans,2024,8,0.597,0.204,0.486,0.119,0.169,Good
F092,Corn,2024,5,0.199,0.342,0.29,0.174,0.156,Poor
F092,Corn,2024,6,0.556,0.224,0.485,0.108,0.135,Good
F092,Corn,2024,7,0.807,0.178,0.616,0.085,0.15,Excellent
F092,Corn,2024,8,0.487,0.24,0.435,0.125,0.16,Fair
F093,Alfalfa,2024,5,0.492,0.233,0.43,0.124,0.167,Fair
F093,Alfalfa,2024,6,0.788,0.176,0.593,0.079,0.134,Excellent
F093,Alfalfa,2024,7,0.812,0.168,0.593,0.078,0.149,Excellent
F093,Alfalfa,2024,8,0.547,0.254,0.477,0.119,0.132,Good
F094,Alfalfa,2024,5,0.506,0.229,0.463,0.129,0.135,Good
F094,Alfalfa,2024,6,0.811,0.143,0.598,0.073,0.145,Excellent
F094,Alfalfa,2024,7,0.753,0.174,0.573,0.097,0.132,Excellent
F094,Alfalfa,2024,8,0.502,0.232,0.456,0.116,0.163,Good
F095,Wheat,2024,5,0.749,0.178,0.561,0.082,0.143,Excellent
F095,Wheat,2024,6,0.505,0.237,0.437,0.134,0.131,Good
F095,Wheat,2024,7,0.276,0.329,0.33,0.151,0.136,Poor
F095,Wheat,2024,8,0.266,0.326,0.344,0.169,0.158,Poor
F096,Soybeans,2024,5,0.169,0.363,0.273,0.166,0.158,Poor
F096,Soybeans,2024,6,0.185,0.361,0.298,0.164,0.168,Poor
F096,Soybeans,2024,7,0.571,0.222,0.481,0.105,0.15,Good
F096,Soybeans,2024,8,0.557,0.229,0.473,0.122,0.162,Good
F097,Alfalfa,2024,5,0.528,0.237,0.45,0.127,0.158,Good
F097,Alfalfa,2024,6,0.75,0.17,0.559,0.09,0.135,Excellent
F097,Alfalfa,2024,7,0.83,0.162,0.611,0.077,0.166,Excellent
F097,Alfalfa,2024,8,0.547,0.223,0.469,0.125,0.156,Good
F098,Corn,2024,5,0.197,0.357,0.315,0.162,0.152,Poor
F098,Corn,2024,6,0.535,0.25,0.472,0.113,0.162,Good
F098,Corn,2024,7,0.883,0.119,0.64,0.061,0.143,Excellent
F098,Corn,2024,8,0.462,0.257,0.433,0.133,0.157,Fair
F099,Soybeans,2024,5,0.178,0.331,0.303,0.166,0.169,Poor
F099,Soybeans,2024,6,0.241,0.328,0.34,0.156,0.142,Poor
F099,Soybeans,2024,7,0.62,0.208,0.527,0.098,0.152,Good
F099,Soybeans,2024,8,0.616,0.221,0.498,0.105,0.164,Good
F100,Wheat,2024,5,0.788,0.166,0.604,0.086,0.138,Excellent
F100,Wheat,2024,6,0.512,0.261,0.453,0.132,0.148,Good
F100,Wheat,2024,7,0.22,0.33,0.328,0.163,0.165,Poor
F100,Wheat,2024,8,0.293,0.306,0.33,0.16,0.142,Poor
F101,Wheat,2024,5,0.738,0.178,0.58,0.087,0.148,Excellent
F101,Wheat,2024,6,0.481,0.25,0.442,0.134,0.144,Fair
F101,Wheat,2024,7,0.246,0.333,0.314,0.159,0.167,Poor
F101,Wheat,2024,8,0.266,0.323,0.339,0.151,0.155,Poor
F102,Wheat,2024,5,0.747,0.17,0.557,0.082,0.168,Excellent
F102,Wheat,2024,6,0.483,0.254,0.424,0.118,0.159,Fair
F102,Wheat,2024,7,0.246,0.327,0.313,0.168,0.137,Poor
F102,Wheat,2024,8,0.211,0.335,0.297,0.163,0.156,Poor
F103,Wheat,2024,5,0.8,0.157,0.583,0.076,0.169,Excellent
F103,Wheat,2024,6,0.527,0.25,0.444,0.121,0.132,Good
F103,Wheat,2024,7,0.274,0.335,0.356,0.16,0.148,Poor
F103,Wheat,2024,8,0.312,0.313,0.339,0.153,0.14,Fair
F104,Soybeans,2024,5,0.2,0.343,0.294,0.163,0.15,Poor
F104,Soybeans,2024,6,0.237,0.335,0.312,0.173,0.166,Poor
F104,Soybeans,2024,7,0.575,0.209,0.497,0.12,0.169,Good
F104,Soybeans,2024,8,0.643,0.211,0.523,0.094,0.14,Good
F105,Wheat,2024,5,0.747,0.178,0.583,0.084,0.153,Excellent
F105,Wheat,2024,6,0.443,0.264,0.431,0.137,0.17,Fair
F105,Wheat,2024,7,0.212,0.336,0.299,0.167,0.164,Poor
F105,Wheat,2024,8,0.252,0.34,0.314,0.17,0.132,Poor
F106,Soybeans,2024,5,0.175,0.34,0.288,0.183,0.132,Poor
F106,Soybeans,2024,6,0.177,0.361,0.284,0.167,0.147,Poor
F106,Soybeans,2024,7,0.581,0.242,0.501,0.113,0.17,Good
F106,Soybeans,2024,8,0.589,0.206,0.485,0.11,0.136,Good
F107,Soybeans,2024,5,0.225,0.323,0.316,0.171,0.168,Poor
F107,Soybeans,2024,6,0.237,0.33,0.329,0.166,0.152,Poor
F107,Soybeans,2024,7,0.56,0.217,0.481,0.111,0.131,Good
F107,Soybeans,2024,8,0.621,0.195,0.514,0.108,0.169,Good
F108,Soybeans,2024,5,0.143,0.359,0.285,0.188,0.147,Poor
F108,Soybeans,2024,6,0.169,0.366,0.272,0.177,0.146,Poor
F108,Soybeans,2024,7,0.541,0.232,0.461,0.123,0.168,Good
F108,Soybeans,2024,8,0.563,0.243,0.464,0.116,0.133,Good
F109,Alfalfa,2024,5,0.557,0.239,0.492,0.119,0.169,Good
F109,Alfalfa,2024,6,0.792,0.179,0.597,0.074,0.151,Excellent
F109,Alfalfa,2024,7,0.733,0.184,0.566,0.092,0.13,Excellent
F109,Alfalfa,2024,8,0.5,0.25,0.468,0.123,0.147,Good
F110,Alfalfa,2024,5,0.562,0.223,0.478,0.11,0.169,Good
F110,Alfalfa,2024,6,0.755,0.168,0.559,0.081,0.161,Excellent
F110,Alfalfa,2024,7,0.762,0.155,0.58,0.076,0.133,Excellent
F110,Alfalfa,2024,8,0.583,0.236,0.508,0.12,0.157,Good
F111,Soybeans,2024,5,0.216,0.349,0.32,0.168,0.139,Poor
F111,Soybeans,2024,6,0.223,0.342,0.33,0.16,0.139,Poor
F111,Soybeans,2024,7,0.559,0.244,0.467,0.107,0.17,Good
F111,Soybeans,2024,8,0.54,0.251,0.465,0.126,0.152,Good
F112,Alfalfa,2024,5,0.568,0.21,0.467,0.11,0.157,Good
F112,Alfalfa,2024,6,0.804,0.157,0.606,0.073,0.162,Excellent
F112,Alfalfa,2024,7,0.812,0.147,0.606,0.07,0.152,Excellent
F112,Alfalfa,2024,8,0.526,0.228,0.46,0.118,0.151,Good
F113,Alfalfa,2024,5,0.503,0.26,0.46,0.122,0.132,Good
F113,Alfalfa,2024,6,0.817,0.173,0.598,0.074,0.137,Excellent
F113,Alfalfa,2024,7,0.8,0.146,0.594,0.084,0.152,Excellent
F113,Alfalfa,2024,8,0.541,0.235,0.473,0.109,0.133,Good
F114,Corn,2024,5,0.124,0.371,0.279,0.177,0.145,Poor
F114,Corn,2024,6,0.523,0.258,0.479,0.126,0.133,Good
F114,Corn,2024,7,0.883,0.132,0.64,0.059,0.138,Excellent
F114,Corn,2024,8,0.545,0.235,0.465,0.116,0.164,Good
F115,Alfalfa,2024,5,0.507,0.233,0.443,0.132,0.153,Good
F115,Alfalfa,2024,6,0.773,0.172,0.581,0.09,0.151,Excellent
F115,Alfalfa,2024,7,0.731,0.166,0.567,0.099,0.142,Excellent
F115,Alfalfa,2024,8,0.566,0.241,0.473,0.106,0.134,Good
F116,Corn,2024,5,0.109,0.362,0.255,0.188,0.135,Poor
F116,Corn,2024,6,0.48,0.255,0.442,0.134,0.137,Fair
F116,Corn,2024,7,0.87,0.147,0.637,0.073,0.146,Excellent
F116,Corn,2024,8,0.453,0.271,0.428,0.135,0.144,Fair
F117,Alfalfa,2024,5,0.557,0.216,0.476,0.122,0.162,Good
F117,Alfalfa,2024,6,0.787,0.18,0.584,0.08,0.166,Excellent
F117,Alfalfa,2024,7,0.828,0.159,0.628,0.068,0.165,Excellent
F117,Alfalfa,2024,8,0.53,0.228,0.455,0.119,0.14,Good
F118,Alfalfa,2024,5,0.493,0.244,0.449,0.125,0.144,Fair
F118,Alfalfa,2024,6,0.794,0.178,0.607,0.078,0.16,Excellent
F118,Alfalfa,2024,7,0.735,0.165,0.561,0.096,0.14,Excellent
F118,Alfalfa,2024,8,0.486,0.24,0.457,0.13,0.14,Fair
F119,Corn,2024,5,0.137,0.365,0.258,0.187,0.142,Poor
F119,Corn,2024,6,0.503,0.23,0.447,0.122,0.152,Good
F119,Corn,2024,7,0.791,0.174,0.584,0.085,0.162,Excellent
F119,Corn,2024,8,0.49,0.263,0.452,0.124,0.162,Fair
F120,Alfalfa,2024,5,0.563,0.241,0.477,0.112,0.148,Good
F120,Alfalfa,2024,6,0.828,0.169,0.616,0.079,0.166,Excellent
F120,Alfalfa,2024,7,0.756,0.163,0.586,0.093,0.164,Excellent
F120,Alfalfa,2024,8,0.548,0.219,0.471,0.112,0.142,Good
F121,Corn,2024,5,0.11,0.38,0.252,0.185,0.134,Poor
F121,Corn,2024,6,0.486,0.238,0.462,0.133,0.148,Fair
F121,Corn,2024,7,0.825,0.17,0.606,0.069,0.153,Excellent
F121,Corn,2024,8,0.547,0.216,0.463,0.127,0.137,Good
F122,Alfalfa,2024,5,0.56,0.246,0.479,0.126,0.157,Good
F122,Alfalfa,2024,6,0.751,0.194,0.572,0.083,0.152,Excellent
F122,Alfalfa,2024,7,0.774,0.151,0.567,0.083,0.163,Excellent
F122,Alfalfa,2024,8,0.561,0.252,0.472,0.112,0.136,Good
F123,Wheat,2024,5,0.719,0.196,0.576,0.102,0.139,Excellent
F123,Wheat,2024,6,0.529,0.234,0.449,0.128,0.155,Good
F123,Wheat,2024,7,0.207,0.335,0.295,0.174,0.148,Poor
F123,Wheat,2024,8,0.29,0.295,0.339,0.156,0.15,Poor
F124,Wheat,2024,5,0.772,0.184,0.603,0.09,0.164,Excellent
F124,Wheat,2024,6,0.504,0.262,0.444,0.122,0.143,Good
F124,Wheat,2024,7,0.245,0.318,0.341,0.159,0.134,Poor
F124,Wheat,2024,8,0.251,0.307,0.31,0.157,0.149,Poor
F125,Corn,2024,5,0.187,0.354,0.29,0.169,0.143,Poor
F125,Corn,2024,6,0.534,0.222,0.448,0.126,0.149,Good
F125,Corn,2024,7,0.82,0.143,0.627,0.084,0.158,Excellent
F125,Corn,2024,8,0.505,0.249,0.471,0.134,0.139,Good
F126,Corn,2024,5,0.134,0.348,0.274,0.178,0.167,Poor
F126,Corn,2024,6,0.474,0.258,0.454,0.137,0.136,Fair
F126,Corn,2024,7,0.851,0.149,0.612,0.082,0.167,Excellent
F126,Corn,2024,8,0.481,0.24,0.424,0.136,0.138,Fair
F127,Alfalfa,2024,5,0.55,0.239,0.458,0.112,0.167,Good
F127,Alfalfa,2024,6,0.836,0.161,0.599,0.071,0.155,Excellent
F127,Alfalfa,2024,7,0.772,0.185,0.591,0.076,0.166,Excellent
F127,Alfalfa,2024,8,0.6,0.203,0.502,0.106,0.146,Good
F128,Soybeans,2024,5,0.201,0.358,0.301,0.161,0.155,Poor
F128,Soybeans,2024,6,0.177,0.361,0.286,0.167,0.138,Poor
F128,Soybeans,2024,7,0.62,0.205,0.521,0.101,0.143,Good
F128,Soybeans,2024,8,0.59,0.241,0.512,0.106,0.144,Good
F129,Soybeans,2024,5,0.218,0.333,0.325,0.176,0.145,Poor
F129,Soybeans,2024,6,0.217,0.351,0.321,0.158,0.143,Poor
F129,Soybeans,2024,7,0.61,0.206,0.493,0.099,0.156,Good
F129,Soybeans,2024,8,0.594,0.204,0.486,0.117,0.164,Good
F130,Alfalfa,2024,5,0.542,0.256,0.459,0.113,0.142,Good
F130,Alfalfa,2024,6,0.758,0.168,0.595,0.089,0.146,Excellent
F130,Alfalfa,2024,7,0.834,0.132,0.605,0.076,0.155,Excellent
F130,Alfalfa,2024,8,0.505,0.245,0.458,0.128,0.156,Good
F131,Soybeans,2024,5,0.175,0.344,0.273,0.183,0.149,Poor
F131,Soybeans,2024,6,0.198,0.351,0.299,0.167,0.162,Poor
F131,Soybeans,2024,7,0.653,0.211,0.508,0.103,0.161,Good
F131,Soybeans,2024,8,0.58,0.215,0.505,0.103,0.16,Good
F132,Corn,2024,5,0.147,0.336,0.286,0.175,0.152,Poor
F132,Corn,2024,6,0.52,0.252,0.478,0.123,0.146,Good
F132,Corn,2024,7,0.898,0.136,0.641,0.058,0.164,Excellent
F132,Corn,2024,8,0.489,0.26,0.443,0.121,0.154,Fair
F133,Corn,2024,5,0.132,0.362,0.263,0.185,0.163,Poor
F133,Corn,2024,6,0.518,0.226,0.447,0.123,0.167,Good
F133,Corn,2024,7,0.874,0.151,0.629,0.067,0.149,Excellent
F133,Corn,2024,8,0.456,0.244,0.446,0.126,0.14,Fair
F134,Wheat,2024,5,0.774,0.171,0.594,0.092,0.144,Excellent
F134,Wheat,2024,6,0.493,0.234,0.434,0.133,0.161,Fair
F134,Wheat,2024,7,0.216,0.33,0.31,0.158,0.14,Poor
F134,Wheat,2024,8,0.202,0.329,0.313,0.165,0.138,Poor
F135,Wheat,2024,5,0.801,0.149,0.584,0.077,0.16,Excellent
F135,Wheat,2024,6,0.52,0.257,0.478,0.128,0.154,Good
F135,Wheat,2024,7,0.264,0.302,0.351,0.158,0.136,Poor
F135,Wheat,2024,8,0.281,0.307,0.344,0.16,0.148,Poor
F136,Alfalfa,2024,5,0.528,0.239,0.466,0.124,0.161,Good
F136,Alfalfa,2024,6,0.781,0.171,0.577,0.091,0.145,Excellent
F136,Alfalfa,2024,7,0.815,0.136,0.596,0.077,0.165,Excellent
F136,Alfalfa,2024,8,0.555,0.251,0.477,0.117,0.135,Good
F137,Soybeans,2024,5,0.169,0.365,0.301,0.183,0.151,Poor
F137,Soybeans,2024,6,0.212,0.347,0.291,0.17,0.131,Poor
F137,Soybeans,2024,7,0.594,0.208,0.485,0.108,0.147,Good
F137,Soybeans,2024,8,0.607,0.201,0.504,0.103,0.153,Good
F138,Corn,2024,5,0.173,0.358,0.28,0.179,0.147,Poor
F138,Corn,2024,6,0.516,0.251,0.439,0.126,0.155,Good
F138,Corn,2024,7,0.848,0.129,0.608,0.081,0.158,Excellent
F138,Corn,2024,8,0.48,0.25,0.444,0.135,0.132,Fair
F139,Soybeans,2024,5,0.258,0.303,0.317,0.171,0.155,Poor
F139,Soybeans,2024,6,0.195,0.324,0.279,0.166,0.165,Poor
F139,Soybeans,2024,7,0.61,0.226,0.522,0.107,0.138,Good
F139,Soybeans,2024,8,0.62,0.23,0.522,0.098,0.158,Good
F140,Soybeans,2024,5,0.229,0.316,0.316,0.173,0.146,Poor
F140,Soybeans,2024,6,0.186,0.327,0.284,0.169,0.168,Poor
F140,Soybeans,2024,7,0.566,0.229,0.49,0.108,0.149,Good
F140,Soybeans,2024,8,0.612,0.231,0.511,0.112,0.135,Good
F141,Wheat,2024,5,0.699,0.201,0.54,0.104,0.159,Good
F141,Wheat,2024,6,0.511,0.236,0.453,0.126,0.161,Good
F141,Wheat,2024,7,0.196,0.36,0.313,0.166,0.163,Poor
F141,Wheat,2024,8,0.237,0.327,0.311,0.166,0.159,Poor
F142,Corn,2024,5,0.147,0.364,0.282,0.169,0.164,Poor
F142,Corn,2024,6,0.48,0.247,0.43,0.128,0.165,Fair
F142,Corn,2024,7,0.822,0.163,0.595,0.076,0.17,Excellent
F142,Corn,2024,8,0.511,0.235,0.456,0.118,0.146,Good
F143,Corn,2024,5,0.19,0.332,0.312,0.173,0.145,Poor
F143,Corn,2024,6,0.514,0.25,0.459,0.123,0.15,Good
F143,Corn,2024,7,0.831,0.163,0.617,0.068,0.161,Excellent
F143,Corn,2024,8,0.557,0.251,0.473,0.109,0.151,Good
F144,Corn,2024,5,0.208,0.325,0.294,0.167,0.145,Poor
F144,Corn,2024,6,0.544,0.235,0.459,0.114,0.15,Good
F144,Corn,2024,7,0.829,0.156,0.617,0.08,0.168,Excellent
F144,Corn,2024,8,0.556,0.251,0.468,0.109,0.142,Good
F145,Alfalfa,2024,5,0.606,0.233,0.487,0.118,0.147,Good
F145,Alfalfa,2024,6,0.75,0.173,0.557,0.088,0.144,Excellent
F145,Alfalfa,2024,7,0.796,0.166,0.613,0.084,0.147,Excellent
F145,Alfalfa,2024,8,0.591,0.239,0.48,0.112,0.141,Good
F146,Soybeans,2024,5,0.217,0.349,0.295,0.174,0.164,Poor
F146,Soybeans,2024,6,0.241,0.318,0.337,0.16,0.152,Poor
F146,Soybeans,2024,7,0.555,0.215,0.486,0.116,0.14,Good
F146,Soybeans,2024,8,0.569,0.236,0.465,0.121,0.133,Good
F147,Corn,2024,5,0.147,0.355,0.268,0.174,0.169,Poor
F147,Corn,2024,6,0.522,0.224,0.458,0.129,0.142,Good
F147,Corn,2024,7,0.817,0.165,0.613,0.079,0.132,Excellent
F147,Corn,2024,8,0.472,0.263,0.424,0.129,0.152,Fair
F148,Corn,2024,5,0.204,0.352,0.311,0.161,0.134,Poor
F148,Corn,2024,6,0.509,0.234,0.473,0.117,0.149,Good
F148,Corn,2024,7,0.846,0.152,0.608,0.072,0.141,Excellent
F148,Corn,2024,8,0.548,0.217,0.491,0.124,0.142,Good
F149,Alfalfa,2024,5,0.51,0.266,0.456,0.119,0.145,Good
F149,Alfalfa,2024,6,0.754,0.193,0.559,0.09,0.148,Excellent
F149,Alfalfa,2024,7,0.842,0.137,0.622,0.073,0.158,Excellent
F149,Alfalfa,2024,8,0.514,0.234,0.446,0.128,0.138,Good
F150,Corn,2024,5,0.122,0.378,0.278,0.182,0.144,Poor
F150,Corn,2024,6,0.473,0.24,0.427,0.132,0.151,Fair
F150,Corn,2024,7,0.894,0.128,0.655,0.066,0.151,Excellent
F150,Corn,2024,8,0.477,0.255,0.437,0.133,0.168,Fair
F151,Wheat,2024,5,0.696,0.191,0.55,0.089,0.16,Good
F151,Wheat,2024,6,0.54,0.256,0.458,0.126,0.158,Good
F151,Wheat,2024,7,0.237,0.33,0.333,0.164,0.145,Poor
F151,Wheat,2024,8,0.241,0.331,0.308,0.172,0.157,Poor
F152,Soybeans,2024,5,0.176,0.351,0.273,0.165,0.151,Poor
F152,Soybeans,2024,6,0.206,0.342,0.287,0.168,0.137,Poor
F152,Soybeans,2024,7,0.665,0.203,0.54,0.097,0.134,Good
F152,Soybeans,2024,8,0.664,0.192,0.529,0.103,0.131,Good
F153,Soybeans,2024,5,0.212,0.328,0.288,0.162,0.166,Poor
F153,Soybeans,2024,6,0.227,0.322,0.296,0.17,0.153,Poor
F153,Soybeans,2024,7,0.598,0.215,0.488,0.114,0.169,Good
F153,Soybeans,2024,8,0.576,0.231,0.485,0.113,0.14,Good
F154,Soybeans,2024,5,0.196,0.343,0.29,0.164,0.133,Poor
F154,Soybeans,2024,6,0.219,0.322,0.317,0.165,0.147,Poor
F154,Soybeans,2024,7,0.594,0.216,0.481,0.107,0.157,Good
F154,Soybeans,2024,8,0.614,0.207,0.505,0.102,0.138,Good
F155,Alfalfa,2024,5,0.597,0.209,0.488,0.106,0.135,Good
F155,Alfalfa,2024,6,0.811,0.14,0.591,0.081,0.144,Excellent
F155,Alfalfa,2024,7,0.818,0.157,0.599,0.08,0.135,Excellent
F155,Alfalfa,2024,8,0.561,0.229,0.471,0.118,0.165,Good
F156,Soybeans,2024,5,0.211,0.333,0.294,0.164,0.149,Poor
F156,Soybeans,2024,6,0.187,0.361,0.288,0.169,0.145,Poor
F156,Soybeans,2024,7,0.634,0.216,0.521,0.102,0.163,Good
F156,Soybeans,2024,8,0.554,0.249,0.477,0.115,0.15,Good
F157,Corn,2024,5,0.1,0.385,0.248,0.182,0.136,Poor
F157,Corn,2024,6,0.486,0.254,0.439,0.131,0.147,Fair
F157,Corn,2024,7,0.888,0.138,0.656,0.059,0.146,Excellent
F157,Corn,2024,8,0.476,0.26,0.452,0.12,0.133,Fair
F158,Wheat,2024,5,0.735,0.186,0.569,0.096,0.135,Excellent
F158,Wheat,2024,6,0.476,0.259,0.456,0.127,0.143,Fair
F158,Wheat,2024,7,0.274,0.335,0.35,0.169,0.131,Poor
F158,Wheat,2024,8,0.225,0.337,0.325,0.162,0.14,Poor
F159,Wheat,2024,5,0.702,0.184,0.551,0.096,0.159,Excellent
F159,Wheat,2024,6,0.481,0.26,0.444,0.129,0.156,Fair
F159,Wheat,2024,7,0.222,0.317,0.296,0.161,0.15,Poor
F159,Wheat,2024,8,0.28,0.324,0.352,0.155,0.146,Poor
F160,Alfalfa,2024,5,0.507,0.23,0.457,0.134,0.137,Good
F160,Alfalfa,2024,6,0.732,0.192,0.556,0.097,0.158,Excellent
F160,Alfalfa,2024,7,0.822,0.15,0.617,0.076,0.155,Excellent
F160,Alfalfa,2024,8,0.532,0.228,0.466,0.121,0.162,Good
F161,Alfalfa,2024,5,0.57,0.214,0.494,0.115,0.166,Good
F161,Alfalfa,2024,6,0.835,0.132,0.63,0.065,0.145,Excellent
F161,Alfalfa,2024,7,0.798,0.147,0.609,0.071,0.137,Excellent
F161,Alfalfa,2024,8,0.561,0.24,0.497,0.12,0.157,Good
F162,Corn,2024,5,0.1,0.355,0.251,0.189,0.147,Poor
F162,Corn,2024,6,0.504,0.25,0.435,0.118,0.164,Good
F162,Corn,2024,7,0.854,0.16,0.612,0.082,0.138,Excellent
F162,Corn,2024,8,0.433,0.29,0.407,0.138,0.137,Fair
F163,Wheat,2024,5,0.79,0.156,0.602,0.075,0.155,Excellent
F163,Wheat,2024,6,0.484,0.243,0.434,0.121,0.166,Fair
F163,Wheat,2024,7,0.24,0.318,0.318,0.16,0.16,Poor
F163,Wheat,2024,8,0.297,0.308,0.363,0.157,0.136,Poor
F164,Alfalfa,2024,5,0.557,0.239,0.494,0.115,0.166,Good
F164,Alfalfa,2024,6,0.821,0.153,0.615,0.073,0.169,Excellent
F164,Alfalfa,2024,7,0.813,0.138,0.599,0.081,0.132,Excellent
F164,Alfalfa,2024,8,0.508,0.245,0.448,0.123,0.141,Good
F165,Corn,2024,5,0.164,0.352,0.27,0.172,0.154,Poor
F165,Corn,2024,6,0.452,0.25,0.409,0.138,0.16,Fair
F165,Corn,2024,7,0.87,0.148,0.642,0.069,0.156,Excellent
F165,Corn,2024,8,0.449,0.27,0.435,0.133,0.144,Fair
F166,Corn,2024,5,0.183,0.353,0.306,0.169,0.161,Poor
F166,Corn,2024,6,0.525,0.258,0.464,0.122,0.153,Good
F166,Corn,2024,7,0.894,0.151,0.63,0.057,0.168,Excellent
F166,Corn,2024,8,0.522,0.248,0.46,0.114,0.161,Good
F167,Alfalfa,2024,5,0.524,0.235,0.475,0.113,0.165,Good
F167,Alfalfa,2024,6,0.758,0.176,0.597,0.09,0.147,Excellent
F167,Alfalfa,2024,7,0.802,0.153,0.592,0.09,0.16,Excellent
F167,Alfalfa,2024,8,0.557,0.227,0.461,0.107,0.152,Good
F168,Soybeans,2024,5,0.212,0.35,0.287,0.166,0.139,Poor
F168,Soybeans,2024,6,0.203,0.322,0.32,0.164,0.167,Poor
F168,Soybeans,2024,7,0.601,0.239,0.502,0.119,0.13,Good
F168,Soybeans,2024,8,0.633,0.226,0.502,0.097,0.147,Good
F169,Corn,2024,5,0.152,0.356,0.261,0.167,0.162,Poor
F169,Corn,2024,6,0.456,0.269,0.445,0.126,0.157,Fair
F169,Corn,2024,7,0.805,0.163,0.589,0.084,0.142,Excellent
F169,Corn,2024,8,0.494,0.256,0.434,0.131,0.142,Fair
F170,Alfalfa,2024,5,0.512,0.254,0.441,0.122,0.14,Good
F170,Alfalfa,2024,6,0.812,0.147,0.621,0.086,0.138,Excellent
F170,Alfalfa,2024,7,0.798,0.144,0.595,0.085,0.156,Excellent
F170,Alfalfa,2024,8,0.559,0.224,0.475,0.108,0.159,Good
F171,Alfalfa,2024,5,0.57,0.219,0.478,0.111,0.131,Good
F171,Alfalfa,2024,6,0.773,0.18,0.603,0.084,0.148,Excellent
F171,Alfalfa,2024,7,0.742,0.192,0.552,0.098,0.15,Excellent
F171,Alfalfa,2024,8,0.534,0.257,0.448,0.122,0.152,Good
F172,Corn,2024,5,0.156,0.359,0.287,0.167,0.167,Poor
F172,Corn,2024,6,0.48,0.245,0.43,0.119,0.135,Fair
F172,Corn,2024,7,0.9,0.123,0.635,0.057,0.159,Excellent
F172,Corn,2024,8,0.549,0.226,0.455,0.112,0.132,Good
F173,Wheat,2024,5,0.727,0.171,0.564,0.086,0.168,Excellent
F173,Wheat,2024,6,0.525,0.245,0.456,0.119,0.146,Good
F173,Wheat,2024,7,0.257,0.321,0.343,0.17,0.143,Poor
F173,Wheat,2024,8,0.24,0.312,0.308,0.162,0.138,Poor
F174,Wheat,2024,5,0.71,0.185,0.559,0.097,0.145,Excellent
F174,Wheat,2024,6,0.532,0.243,0.463,0.112,0.149,Good
F174,Wheat,2024,7,0.277,0.322,0.352,0.158,0.135,Poor
F174,Wheat,2024,8,0.196,0.333,0.306,0.176,0.142,Poor
F175,Corn,2024,5,0.146,0.353,0.262,0.171,0.138,Poor
F175,Corn,2024,6,0.46,0.25,0.41,0.134,0.143,Fair
F175,Corn,2024,7,0.9,0.118,0.644,0.062,0.13,Excellent
F175,Corn,2024,8,0.538,0.22,0.487,0.127,0.151,Good
F176,Alfalfa,2024,5,0.541,0.233,0.476,0.11,0.132,Good
F176,Alfalfa,2024,6,0.761,0.174,0.596,0.078,0.163,Excellent
F176,Alfalfa,2024,7,0.736,0.175,0.561,0.088,0.136,Excellent
F176,Alfalfa,2024,8,0.526,0.254,0.461,0.121,0.164,Good
F177,Soybeans,2024,5,0.183,0.335,0.307,0.174,0.139,Poor
F177,Soybeans,2024,6,0.161,0.364,0.262,0.186,0.135,Poor
F177,Soybeans,2024,7,0.614,0.212,0.506,0.116,0.147,Good
F177,Soybeans,2024,8,0.588,0.206,0.474,0.107,0.157,Good
F178,Soybeans,2024,5,0.168,0.346,0.29,0.179,0.137,Poor
F178,Soybeans,2024,6,0.165,0.368,0.273,0.182,0.165,Poor
F178,Soybeans,2024,7,0.634,0.197,0.53,0.11,0.154,Good
F178,Soybeans,2024,8,0.59,0.213,0.48,0.112,0.153,Good
F179,Soybeans,2024,5,0.196,0.336,0.304,0.179,0.137,Poor
F179,Soybeans,2024,6,0.187,0.33,0.298,0.177,0.167,Poor
F179,Soybeans,2024,7,0.577,0.245,0.471,0.116,0.132,Good
F179,Soybeans,2024,8,0.638,0.21,0.526,0.111,0.136,Good
F180,Corn,2024,5,0.169,0.342,0.27,0.174,0.154,Poor
F180,Corn,2024,6,0.434,0.261,0.399,0.133,0.166,Fair
F180,Corn,2024,7,0.88,0.142,0.626,0.076,0.151,Excellent
F180,Corn,2024,8,0.447,0.283,0.434,0.138,0.158,Fair
F181,Alfalfa,2024,5,0.494,0.259,0.436,0.125,0.161,Fair
F181,Alfalfa,2024,6,0.791,0.161,0.607,0.088,0.156,Excellent
F181,Alfalfa,2024,7,0.736,0.17,0.56,0.082,0.141,Excellent
F181,Alfalfa,2024,8,0.494,0.25,0.463,0.118,0.159,Fair
F182,Corn,2024,5,0.123,0.38,0.264,0.179,0.16,Poor
F182,Corn,2024,6,0.489,0.261,0.426,0.133,0.148,Fair
F182,Corn,2024,7,0.877,0.126,0.646,0.074,0.149,Excellent
F182,Corn,2024,8,0.525,0.241,0.478,0.121,0.164,Good
F183,Corn,2024,5,0.125,0.352,0.259,0.188,0.139,Poor
F183,Corn,2024,6,0.486,0.266,0.437,0.13,0.14,Fair
F183,Corn,2024,7,0.795,0.173,0.581,0.076,0.164,Excellent
F183,Corn,2024,8,0.469,0.278,0.454,0.125,0.132,Fair
F184,Soybeans,2024,5,0.2,0.324,0.309,0.161,0.165,Poor
F184,Soybeans,2024,6,0.169,0.334,0.272,0.184,0.158,Poor
F184,Soybeans,2024,7,0.635,0.205,0.511,0.099,0.149,Good
F184,Soybeans,2024,8,0.611,0.222,0.496,0.117,0.137,Good
F185,Soybeans,2024,5,0.147,0.355,0.267,0.177,0.153,Poor
F185,Soybeans,2024,6,0.19,0.34,0.304,0.175,0.163,Poor
F185,Soybeans,2024,7,0.571,0.233,0.489,0.112,0.149,Good
F185,Soybeans,2024,8,0.577,0.212,0.477,0.106,0.157,Good
F186,Alfalfa,2024,5,0.577,0.236,0.471,0.121,0.165,Good
F186,Alfalfa,2024,6,0.766,0.174,0.602,0.086,0.166,Excellent
F186,Alfalfa,2024,7,0.73,0.169,0.563,0.092,0.163,Excellent
F186,Alfalfa,2024,8,0.581,0.221,0.472,0.119,0.154,Good
F187,Alfalfa,2024,5,0.557,0.243,0.489,0.116,0.142,Good
F187,Alfalfa,2024,6,0.845,0.153,0.619,0.069,0.159,Excellent
F187,Alfalfa,2024,7,0.772,0.155,0.587,0.08,0.155,Excellent
F187,Alfalfa,2024,8,0.519,0.25,0.451,0.112,0.135,Good
F188,Corn,2024,5,0.199,0.33,0.311,0.172,0.169,Poor
F188,Corn,2024,6,0.499,0.257,0.432,0.123,0.169,Fair
F188,Corn,2024,7,0.866,0.132,0.618,0.074,0.156,Excellent
F188,Corn,2024,8,0.499,0.268,0.431,0.121,0.167,Fair
F189,Corn,2024,5,0.109,0.369,0.268,0.176,0.168,Poor
F189,Corn,2024,6,0.514,0.233,0.465,0.121,0.146,Good
F189,Corn,2024,7,0.862,0.16,0.616,0.069,0.149,Excellent
F189,Corn,2024,8,0.472,0.253,0.418,0.133,0.147,Fair
F190,Alfalfa,2024,5,0.557,0.245,0.478,0.112,0.156,Good
F190,Alfalfa,2024,6,0.744,0.166,0.581,0.079,0.134,Excellent
F190,Alfalfa,2024,7,0.716,0.171,0.541,0.103,0.142,Excellent
F190,Alfalfa,2024,8,0.49,0.243,0.463,0.127,0.145,Fair
F191,Corn,2024,5,0.145,0.35,0.261,0.176,0.143,Poor
F191,Corn,2024,6,0.523,0.235,0.465,0.113,0.138,Good
F191,Corn,2024,7,0.846,0.164,0.618,0.076,0.14,Excellent
F191,Corn,2024,8,0.468,0.242,0.426,0.123,0.137,Fair
F192,Wheat,2024,5,0.711,0.189,0.551,0.093,0.153,Excellent
F192,Wheat,2024,6,0.491,0.245,0.455,0.134,0.138,Fair
F192,Wheat,2024,7,0.219,0.35,0.304,0.168,0.144,Poor
F192,Wheat,2024,8,0.222,0.337,0.312,0.161,0.148,Poor
F193,Wheat,2024,5,0.742,0.161,0.573,0.093,0.162,Excellent
F193,Wheat,2024,6,0.496,0.237,0.456,0.129,0.131,Fair
F193,Wheat,2024,7,0.224,0.326,0.319,0.161,0.154,Poor
F193,Wheat,2024,8,0.274,0.33,0.354,0.168,0.13,Poor
F194,Alfalfa,2024,5,0.537,0.253,0.458,0.129,0.155,Good
F194,Alfalfa,2024,6,0.815,0.139,0.595,0.083,0.131,Excellent
F194,Alfalfa,2024,7,0.817,0.135,0.615,0.075,0.154,Excellent
F194,Alfalfa,2024,8,0.565,0.224,0.467,0.107,0.154,Good
F195,Alfalfa,2024,5,0.574,0.228,0.484,0.112,0.131,Good
F195,Alfalfa,2024,6,0.773,0.187,0.601,0.081,0.154,Excellent
F195,Alfalfa,2024,7,0.824,0.15,0.593,0.068,0.15,Excellent
F195,Alfalfa,2024,8,0.596,0.229,0.481,0.104,0.161,Good
F196,Wheat,2024,5,0.762,0.177,0.562,0.092,0.162,Excellent
F196,Wheat,2024,6,0.476,0.266,0.427,0.119,0.138,Fair
F196,Wheat,2024,7,0.218,0.328,0.306,0.167,0.149,Poor
F196,Wheat,2024,8,0.227,0.313,0.318,0.164,0.142,Poor
F197,Alfalfa,2024,5,0.581,0.24,0.49,0.106,0.158,Good
F197,Alfalfa,2024,6,0.767,0.168,0.566,0.092,0.135,Excellent
F197,Alfalfa,2024,7,0.836,0.164,0.617,0.079,0.155,Excellent
F197,Alfalfa,2024,8,0.586,0.221,0.505,0.111,0.168,Good
F198,Soybeans,2024,5,0.178,0.358,0.302,0.174,0.137,Poor
F198,Soybeans,2024,6,0.178,0.365,0.299,0.18,0.131,Poor
F198,Soybeans,2024,7,0.578,0.232,0.502,0.104,0.164,Good
F198,Soybeans,2024,8,0.586,0.212,0.486,0.108,0.151,Good
F199,Wheat,2024,5,0.724,0.195,0.547,0.086,0.148,Excellent
F199,Wheat,2024,6,0.51,0.258,0.453,0.129,0.155,Good
F199,Wheat,2024,7,0.219,0.32,0.307,0.165,0.16,Poor
F199,Wheat,2024,8,0.266,0.316,0.32,0.155,0.153,Poor
F200,Wheat,2024,5,0.742,0.164,0.578,0.096,0.14,Excellent
F200,Wheat,2024,6,0.49,0.272,0.438,0.128,0.134,Fair
F200,Wheat,2024,7,0.251,0.308,0.344,0.167,0.162,Poor
F200,Wheat,2024,8,0.261,0.325,0.329,0.168,0.168,Poor
F001,Wheat,2025,5,0.802,0.163,0.603,0.079,0.138,Excellent
F001,Wheat,2025,6,0.46,0.252,0.43,0.129,0.148,Fair
F001,Wheat,2025,7,0.307,0.302,0.352,0.147,0.132,Fair
F001,Wheat,2025,8,0.287,0.317,0.354,0.15,0.153,Poor
F002,Soybeans,2025,5,0.147,0.336,0.259,0.174,0.135,Poor
F002,Soybeans,2025,6,0.223,0.326,0.297,0.161,0.154,Poor
F002,Soybeans,2025,7,0.53,0.255,0.484,0.115,0.148,Good
F002,Soybeans,2025,8,0.526,0.248,0.46,0.116,0.138,Good
F003,Corn,2025,5,0.158,0.34,0.287,0.178,0.164,Poor
F003,Corn,2025,6,0.478,0.268,0.446,0.121,0.158,Fair
F003,Corn,2025,7,0.861,0.16,0.616,0.074,0.145,Excellent
F003,Corn,2025,8,0.562,0.224,0.5,0.124,0.141,Good
F004,Alfalfa,2025,5,0.621,0.204,0.508,0.107,0.142,Good
F004,Alfalfa,2025,6,0.763,0.16,0.573,0.084,0.137,Excellent
F004,Alfalfa,2025,7,0.849,0.153,0.608,0.076,0.156,Excellent
F004,Alfalfa,2025,8,0.617,0.195,0.499,0.116,0.167,Good
F005,Corn,2025,5,0.192,0.326,0.297,0.166,0.137,Poor
F005,Corn,2025,6,0.546,0.221,0.472,0.127,0.137,Good
F005,Corn,2025,7,0.9,0.15,0.652,0.058,0.143,Excellent
F005,Corn,2025,8,0.508,0.24,0.445,0.133,0.136,Good
F006,Soybeans,2025,5,0.171,0.353,0.302,0.17,0.137,Poor
F006,Soybeans,2025,6,0.236,0.338,0.325,0.161,0.14,Poor
F006,Soybeans,2025,7,0.666,0.217,0.531,0.107,0.148,Good
F006,Soybeans,2025,8,0.613,0.202,0.504,0.109,0.131,Good
F007,Soybeans,2025,5,0.219,0.342,0.315,0.175,0.131,Poor
F007,Soybeans,2025,6,0.196,0.353,0.3,0.167,0.135,Poor
F007,Soybeans,2025,7,0.629,0.21,0.53,0.107,0.157,Good
F007,Soybeans,2025,8,0.621,0.22,0.506,0.107,0.162,Good
F008,Corn,2025,5,0.144,0.341,0.288,0.17,0.156,Poor
F008,Corn,2025,6,0.496,0.247,0.455,0.117,0.154,Fair
F008,Corn,2025,7,0.882,0.149,0.628,0.076,0.156,Excellent
F008,Corn,2025,8,0.543,0.237,0.473,0.127,0.166,Good
F009,Soybeans,2025,5,0.162,0.347,0.276,0.171,0.141,Poor
F009,Soybeans,2025,6,0.22,0.317,0.317,0.16,0.144,Poor
F009,Soybeans,2025,7,0.54,0.229,0.481,0.127,0.139,Good
F009,Soybeans,2025,8,0.581,0.225,0.505,0.118,0.151,Good
F010,Wheat,2025,5,0.81,0.137,0.601,0.087,0.16,Excellent
F010,Wheat,2025,6,0.529,0.242,0.459,0.121,0.156,Good
F010,Wheat,2025,7,0.267,0.328,0.348,0.153,0.148,Poor
F010,Wheat,2025,8,0.266,0.328,0.323,0.163,0.165,Poor
F011,Alfalfa,2025,5,0.562,0.251,0.465,0.11,0.168,Good
F011,Alfalfa,2025,6,0.807,0.142,0.584,0.072,0.17,Excellent
F011,Alfalfa,2025,7,0.729,0.181,0.579,0.081,0.154,Excellent
F011,Alfalfa,2025,8,0.499,0.265,0.441,0.129,0.157,Fair
F012,Alfalfa,2025,5,0.452,0.261,0.418,0.138,0.162,Fair
F012,Alfalfa,2025,6,0.735,0.184,0.571,0.096,0.147,Excellent
F012,Alfalfa,2025,7,0.716,0.176,0.56,0.092,0.148,Excellent
F012,Alfalfa,2025,8,0.458,0.271,0.418,0.125,0.147,Fair
F013,Corn,2025,5,0.14,0.353,0.268,0.18,0.138,Poor
F013,Corn,2025,6,0.448,0.281,0.421,0.131,0.131,Fair
F013,Corn,2025,7,0.832,0.153,0.618,0.079,0.137,Excellent
F013,Corn,2025,8,0.457,0.275,0.447,0.124,0.15,Fair
F014,Wheat,2025,5,0.668,0.193,0.52,0.104,0.151,Good
F014,Wheat,2025,6,0.426,0.252,0.426,0.13,0.154,Fair
F014,Wheat,2025,7,0.196,0.345,0.291,0.162,0.139,Poor
F014,Wheat,2025,8,0.181,0.343,0.297,0.168,0.13,Poor
F015,Soybeans,2025,5,0.199,0.359,0.303,0.17,0.153,Poor
F015,Soybeans,2025,6,0.231,0.344,0.309,0.16,0.141,Poor
F015,Soybeans,2025,7,0.589,0.233,0.495,0.103,0.159,Good
F015,Soybeans,2025,8,0.619,0.206,0.516,0.106,0.166,Good
F016,Alfalfa,2025,5,0.568,0.237,0.499,0.115,0.143,Good
F016,Alfalfa,2025,6,0.831,0.14,0.611,0.083,0.159,Excellent
F016,Alfalfa,2025,7,0.796,0.15,0.592,0.076,0.137,Excellent
F016,Alfalfa,2025,8,0.59,0.213,0.493,0.109,0.169,Good
F017,Corn,2025,5,0.11,0.35,0.259,0.185,0.147,Poor
F017,Corn,2025,6,0.496,0.233,0.448,0.126,0.136,Fair
F017,Corn,2025,7,0.813,0.141,0.59,0.08,0.138,Excellent
F017,Corn,2025,8,0.478,0.244,0.457,0.135,0.139,Fair
F018,Alfalfa,2025,5,0.512,0.246,0.437,0.127,0.151,Good
F018,Alfalfa,2025,6,0.821,0.14,0.623,0.083,0.135,Excellent
F018,Alfalfa,2025,7,0.771,0.155,0.576,0.08,0.152,Excellent
F018,Alfalfa,2025,8,0.533,0.258,0.451,0.13,0.139,Good
F019,Soybeans,2025,5,0.198,0.326,0.313,0.166,0.156,Poor
F019,Soybeans,2025,6,0.221,0.333,0.31,0.172,0.134,Poor
F019,Soybeans,2025,7,0.631,0.227,0.498,0.098,0.159,Good
F019,Soybeans,2025,8,0.608,0.214,0.489,0.109,0.135,Good
F020,Soybeans,2025,5,0.223,0.324,0.311,0.176,0.157,Poor
F020,Soybeans,2025,6,0.23,0.327,0.326,0.156,0.135,Poor
F020,Soybeans,2025,7,0.567,0.226,0.497,0.112,0.156,Good
F020,Soybeans,2025,8,0.617,0.218,0.503,0.109,0.144,Good
F021,Corn,2025,5,0.175,0.333,0.27,0.181,0.142,Poor
F021,Corn,2025,6,0.491,0.246,0.441,0.122,0.144,Fair
F021,Corn,2025,7,0.817,0.164,0.609,0.086,0.132,Excellent
F021,Corn,2025,8,0.476,0.261,0.455,0.12,0.153,Fair
F022,Alfalfa,2025,5,0.534,0.255,0.448,0.125,0.167,Good
F022,Alfalfa,2025,6,0.815,0.153,0.589,0.086,0.149,Excellent
F022,Alfalfa,2025,7,0.752,0.182,0.575,0.08,0.139,Excellent
F022,Alfalfa,2025,8,0.516,0.248,0.463,0.123,0.163,Good
F023,Soybeans,2025,5,0.25,0.305,0.333,0.161,0.153,Poor
F023,Soybeans,2025,6,0.254,0.318,0.344,0.155,0.157,Poor
F023,Soybeans,2025,7,0.589,0.24,0.479,0.104,0.143,Good
F023,Soybeans,2025,8,0.626,0.201,0.516,0.105,0.131,Good
F024,Soybeans,2025,5,0.196,0.349,0.307,0.175,0.142,Poor
F024,Soybeans,2025,6,0.125,0.354,0.276,0.191,0.15,Poor
F024,Soybeans,2025,7,0.516,0.231,0.451,0.124,0.133,Good
F024,Soybeans,2025,8,0.609,0.212,0.521,0.114,0.16,Good
F025,Alfalfa,2025,5,0.563,0.237,0.487,0.117,0.169,Good
F025,Alfalfa,2025,6,0.814,0.167,0.622,0.072,0.133,Excellent
F025,Alfalfa,2025,7,0.789,0.164,0.608,0.081,0.153,Excellent
F025,Alfalfa,2025,8,0.553,0.216,0.481,0.124,0.136,Good
F026,Soybeans,2025,5,0.203,0.326,0.286,0.179,0.146,Poor
F026,Soybeans,2025,6,0.166,0.337,0.29,0.177,0.156,Poor
F026,Soybeans,2025,7,0.552,0.25,0.472,0.113,0.148,Good
F026,Soybeans,2025,8,0.582,0.24,0.508,0.109,0.165,Good
F027,Corn,2025,5,0.224,0.323,0.315,0.162,0.163,Poor
F027,Corn,2025,6,0.481,0.258,0.434,0.124,0.156,Fair
F027,Corn,2025,7,0.9,0.134,0.664,0.06,0.151,Excellent
F027,Corn,2025,8,0.526,0.223,0.465,0.124,0.154,Good
F028,Corn,2025,5,0.198,0.323,0.284,0.172,0.141,Poor
F028,Corn,2025,6,0.499,0.248,0.452,0.122,0.159,Fair
F028,Corn,2025,7,0.9,0.123,0.66,0.068,0.155,Excellent
F028,Corn,2025,8,0.546,0.217,0.481,0.116,0.168,Good
F029,Soybeans,2025,5,0.229,0.322,0.302,0.163,0.149,Poor
F029,Soybeans,2025,6,0.199,0.341,0.286,0.18,0.134,Poor
F029,Soybeans,2025,7,0.663,0.218,0.533,0.105,0.147,Good
F029,Soybeans,2025,8,0.633,0.204,0.508,0.107,0.15,Good
F030,Alfalfa,2025,5,0.531,0.235,0.449,0.111,0.14,Good
F030,Alfalfa,2025,6,0.749,0.159,0.587,0.078,0.156,Excellent
F030,Alfalfa,2025,7,0.769,0.184,0.584,0.081,0.151,Excellent
F030,Alfalfa,2025,8,0.54,0.241,0.455,0.129,0.147,Good
F031,Alfalfa,2025,5,0.537,0.234,0.482,0.119,0.159,Good
F031,Alfalfa,2025,6,0.716,0.199,0.568,0.087,0.136,Excellent
F031,Alfalfa,2025,7,0.737,0.198,0.559,0.089,0.131,Excellent
F031,Alfalfa,2025,8,0.505,0.251,0.471,0.125,0.163,Good
F032,Wheat,2025,5,0.714,0.178,0.56,0.102,0.164,Excellent
F032,Wheat,2025,6,0.483,0.244,0.429,0.136,0.164,Fair
F032,Wheat,2025,7,0.288,0.309,0.344,0.156,0.14,Poor
F032,Wheat,2025,8,0.261,0.303,0.316,0.169,0.16,Poor
F033,Wheat,2025,5,0.756,0.168,0.588,0.092,0.161,Excellent
F033,Wheat,2025,6,0.527,0.23,0.457,0.12,0.143,Good
F033,Wheat,2025,7,0.28,0.309,0.325,0.156,0.169,Poor
F033,Wheat,2025,8,0.227,0.336,0.311,0.157,0.15,Poor
F034,Soybeans,2025,5,0.235,0.344,0.309,0.156,0.167,Poor
F034,Soybeans,2025,6,0.221,0.337,0.322,0.163,0.159,Poor
F034,Soybeans,2025,7,0.597,0.213,0.484,0.117,0.139,Good
F034,Soybeans,2025,8,0.655,0.221,0.529,0.103,0.148,Good
F035,Corn,2025,5,0.137,0.363,0.288,0.188,0.164,Poor
F035,Corn,2025,6,0.528,0.24,0.47,0.129,0.146,Good
F035,Corn,2025,7,0.885,0.131,0.647,0.071,0.168,Excellent
F035,Corn,2025,8,0.464,0.271,0.433,0.126,0.161,Fair
F036,Soybeans,2025,5,0.229,0.324,0.314,0.168,0.146,Poor
F036,Soybeans,2025,6,0.183,0.364,0.292,0.177,0.146,Poor
F036,Soybeans,2025,7,0.599,0.217,0.496,0.111,0.152,Good
F036,Soybeans,2025,8,0.613,0.202,0.506,0.101,0.135,Good
F037,Corn,2025,5,0.212,0.343,0.302,0.176,0.156,Poor
F037,Corn,2025,6,0.578,0.221,0.507,0.12,0.164,Good
F037,Corn,2025,7,0.868,0.13,0.626,0.065,0.164,Excellent
F037,Corn,2025,8,0.504,0.232,0.443,0.118,0.139,Good
F038,Wheat,2025,5,0.793,0.142,0.594,0.079,0.135,Excellent
F038,Wheat,2025,6,0.554,0.242,0.486,0.121,0.13,Good
F038,Wheat,2025,7,0.332,0.313,0.382,0.141,0.167,Fair
F038,Wheat,2025,8,0.317,0.318,0.342,0.157,0.168,Fair
F039,Wheat,2025,5,0.759,0.19,0.577,0.088,0.149,Excellent
F039,Wheat,2025,6,0.545,0.22,0.473,0.122,0.162,Good
F039,Wheat,2025,7,0.26,0.338,0.348,0.152,0.146,Poor
F039,Wheat,2025,8,0.204,0.332,0.304,0.178,0.164,Poor
F040,Wheat,2025,5,0.663,0.205,0.533,0.096,0.166,Good
F040,Wheat,2025,6,0.496,0.247,0.464,0.123,0.159,Fair
F040,Wheat,2025,7,0.201,0.325,0.318,0.169,0.159,Poor
F040,Wheat,2025,8,0.19,0.324,0.279,0.171,0.158,Poor
F041,Soybeans,2025,5,0.203,0.347,0.31,0.169,0.167,Poor
F041,Soybeans,2025,6,0.182,0.343,0.279,0.169,0.132,Poor
F041,Soybeans,2025,7,0.597,0.211,0.491,0.116,0.143,Good
F041,Soybeans,2025,8,0.558,0.219,0.49,0.109,0.148,Good
F042,Soybeans,2025,5,0.203,0.344,0.314,0.16,0.142,Poor
F042,Soybeans,2025,6,0.163,0.337,0.273,0.172,0.151,Poor
F042,Soybeans,2025,7,0.601,0.215,0.509,0.107,0.142,Good
F042,Soybeans,2025,8,0.589,0.204,0.478,0.11,0.168,Good
F043,Corn,2025,5,0.138,0.373,0.278,0.182,0.163,Poor
F043,Corn,2025,6,0.519,0.233,0.46,0.123,0.152,Good
F043,Corn,2025,7,0.885,0.152,0.659,0.075,0.162,Excellent
F043,Corn,2025,8,0.573,0.212,0.477,0.114,0.164,Good
F044,Alfalfa,2025,5,0.567,0.216,0.473,0.12,0.137,Good
F044,Alfalfa,2025,6,0.767,0.16,0.577,0.089,0.145,Excellent
F044,Alfalfa,2025,7,0.787,0.148,0.606,0.079,0.156,Excellent
F044,Alfalfa,2025,8,0.564,0.219,0.498,0.118,0.147,Good
F045,Wheat,2025,5,0.777,0.177,0.577,0.08,0.162,Excellent
F045,Wheat,2025,6,0.502,0.26,0.449,0.129,0.145,Good
F045,Wheat,2025,7,0.204,0.344,0.321,0.166,0.148,Poor
F045,Wheat,2025,8,0.25,0.327,0.339,0.168,0.132,Poor
F046,Alfalfa,2025,5,0.602,0.234,0.507,0.117,0.134,Good
F046,Alfalfa,2025,6,0.801,0.175,0.589,0.071,0.162,Excellent
F046,Alfalfa,2025,7,0.85,0.131,0.639,0.076,0.151,Excellent
F046,Alfalfa,2025,8,0.61,0.214,0.493,0.104,0.15,Good
F047,Wheat,2025,5,0.778,0.178,0.592,0.089,0.138,Excellent
F047,Wheat,2025,6,0.453,0.279,0.409,0.127,0.158,Fair
F047,Wheat,2025,7,0.239,0.343,0.311,0.154,0.142,Poor
F047,Wheat,2025,8,0.256,0.318,0.329,0.169,0.166,Poor
F048,Wheat,2025,5,0.716,0.187,0.576,0.103,0.139,Excellent
F048,Wheat,2025,6,0.493,0.247,0.427,0.116,0.148,Fair
F048,Wheat,2025,7,0.219,0.315,0.317,0.163,0.152,Poor
F048,Wheat,2025,8,0.2,0.327,0.296,0.165,0.151,Poor
F049,Soybeans,2025,5,0.187,0.33,0.3,0.177,0.134,Poor
F049,Soybeans,2025,6,0.183,0.328,0.295,0.168,0.151,Poor
F049,Soybeans,2025,7,0.588,0.241,0.496,0.114,0.146,Good
F049,Soybeans,2025,8,0.631,0.222,0.507,0.112,0.147,Good
F050,Corn,2025,5,0.231,0.318,0.324,0.161,0.142,Poor
F050,Corn,2025,6,0.529,0.25,0.453,0.111,0.159,Good
F050,Corn,2025,7,0.866,0.124,0.622,0.068,0.149,Excellent
F050,Corn,2025,8,0.503,0.268,0.46,0.121,0.143,Good
F051,Wheat,2025,5,0.768,0.155,0.572,0.092,0.14,Excellent
F051,Wheat,2025,6,0.494,0.267,0.453,0.123,0.157,Fair
F051,Wheat,2025,7,0.207,0.347,0.303,0.175,0.168,Poor
F051,Wheat,2025,8,0.298,0.327,0.35,0.152,0.149,Poor
F052,Alfalfa,2025,5,0.607,0.206,0.52,0.115,0.169,Good
F052,Alfalfa,2025,6,0.846,0.137,0.607,0.065,0.142,Excellent
F052,Alfalfa,2025,7,0.82,0.166,0.626,0.08,0.13,Excellent
F052,Alfalfa,2025,8,0.537,0.223,0.463,0.119,0.132,Good
F053,Alfalfa,2025,5,0.509,0.253,0.453,0.124,0.147,Good
F053,Alfalfa,2025,6,0.826,0.141,0.614,0.081,0.152,Excellent
F053,Alfalfa,2025,7,0.824,0.148,0.61,0.068,0.154,Excellent
F053,Alfalfa,2025,8,0.52,0.231,0.462,0.123,0.133,Good
F054,Wheat,2025,5,0.798,0.148,0.598,0.085,0.151,Excellent
F054,Wheat,2025,6,0.525,0.235,0.467,0.13,0.157,Good
F054,Wheat,2025,7,0.243,0.325,0.337,0.155,0.17,Poor
F054,Wheat,2025,8,0.331,0.284,0.383,0.148,0.164,Fair
F055,Corn,2025,5,0.119,0.37,0.27,0.173,0.154,Poor
F055,Corn,2025,6,0.443,0.261,0.416,0.133,0.143,Fair
F055,Corn,2025,7,0.785,0.15,0.574,0.082,0.168,Excellent
F055,Corn,2025,8,0.436,0.287,0.427,0.137,0.156,Fair
F056,Wheat,2025,5,0.738,0.179,0.577,0.091,0.163,Excellent
F056,Wheat,2025,6,0.485,0.262,0.444,0.125,0.144,Fair
F056,Wheat,2025,7,0.289,0.329,0.345,0.163,0.146,Poor
F056,Wheat,2025,8,0.238,0.311,0.301,0.162,0.143,Poor
F057,Corn,2025,5,0.197,0.323,0.288,0.166,0.152,Poor
F057,Corn,2025,6,0.488,0.239,0.462,0.133,0.137,Fair
F057,Corn,2025,7,0.864,0.135,0.644,0.071,0.135,Excellent
F057,Corn,2025,8,0.547,0.232,0.464,0.115,0.15,Good
F058,Soybeans,2025,5,0.151,0.351,0.256,0.183,0.137,Poor
F058,Soybeans,2025,6,0.131,0.367,0.276,0.187,0.15,Poor
F058,Soybeans,2025,7,0.547,0.245,0.481,0.113,0.166,Good
F058,Soybeans,2025,8,0.537,0.258,0.483,0.123,0.168,Good
F059,Wheat,2025,5,0.761,0.169,0.563,0.084,0.16,Excellent
F059,Wheat,2025,6,0.531,0.234,0.469,0.128,0.132,Good
F059,Wheat,2025,7,0.281,0.302,0.348,0.15,0.157,Poor
F059,Wheat,2025,8,0.271,0.307,0.353,0.15,0.148,Poor
F060,Soybeans,2025,5,0.144,0.357,0.265,0.171,0.145,Poor
F060,Soybeans,2025,6,0.163,0.362,0.283,0.177,0.138,Poor
F060,Soybeans,2025,7,0.524,0.229,0.452,0.116,0.151,Good
F060,Soybeans,2025,8,0.552,0.252,0.464,0.12,0.163,Good
F061,Corn,2025,5,0.136,0.35,0.249,0.176,0.16,Poor
F061,Corn,2025,6,0.465,0.249,0.441,0.136,0.148,Fair
F061,Corn,2025,7,0.88,0.132,0.626,0.066,0.153,Excellent
F061,Corn,2025,8,0.555,0.216,0.478,0.113,0.15,Good
F062,Corn,2025,5,0.1,0.383,0.252,0.184,0.141,Poor
F062,Corn,2025,6,0.434,0.265,0.43,0.144,0.148,Fair
F062,Corn,2025,7,0.793,0.176,0.594,0.082,0.139,Excellent
F062,Corn,2025,8,0.478,0.258,0.451,0.134,0.139,Fair
F063,Alfalfa,2025,5,0.596,0.215,0.485,0.101,0.148,Good
F063,Alfalfa,2025,6,0.791,0.165,0.583,0.089,0.14,Excellent
F063,Alfalfa,2025,7,0.778,0.166,0.589,0.078,0.141,Excellent
F063,Alfalfa,2025,8,0.533,0.249,0.477,0.119,0.159,Good
F064,Corn,2025,5,0.153,0.373,0.29,0.171,0.137,Poor
F064,Corn,2025,6,0.502,0.235,0.461,0.124,0.161,Good
F064,Corn,2025,7,0.9,0.134,0.657,0.055,0.142,Excellent
F064,Corn,2025,8,0.553,0.214,0.458,0.124,0.157,Good
F065,Soybeans,2025,5,0.181,0.357,0.283,0.164,0.167,Poor
F065,Soybeans,2025,6,0.146,0.34,0.273,0.183,0.139,Poor
F065,Soybeans,2025,7,0.539,0.228,0.489,0.113,0.153,Good
F065,Soybeans,2025,8,0.604,0.205,0.521,0.118,0.165,Good
F066,Corn,2025,5,0.118,0.375,0.278,0.176,0.161,Poor
F066,Corn,2025,6,0.438,0.256,0.416,0.14,0.149,Fair
F066,Corn,2025,7,0.808,0.177,0.6,0.081,0.145,Excellent
F066,Corn,2025,8,0.443,0.275,0.439,0.134,0.161,Fair
F067,Soybeans,2025,5,0.137,0.359,0.249,0.175,0.151,Poor
F067,Soybeans,2025,6,0.117,0.355,0.259,0.184,0.167,Poor
F067,Soybeans,2025,7,0.58,0.223,0.507,0.119,0.138,Good
F067,Soybeans,2025,8,0.529,0.248,0.467,0.126,0.16,Good
F068,Corn,2025,5,0.216,0.336,0.293,0.174,0.14,Poor
F068,Corn,2025,6,0.546,0.255,0.481,0.12,0.148,Good
F068,Corn,2025,7,0.854,0.138,0.633,0.077,0.157,Excellent
F068,Corn,2025,8,0.488,0.253,0.456,0.126,0.151,Fair
F069,Corn,2025,5,0.176,0.344,0.304,0.167,0.17,Poor
F069,Corn,2025,6,0.472,0.239,0.451,0.124,0.159,Fair
F069,Corn,2025,7,0.891,0.147,0.665,0.062,0.158,Excellent
F069,Corn,2025,8,0.471,0.255,0.45,0.127,0.154,Fair
F070,Soybeans,2025,5,0.21,0.356,0.287,0.17,0.165,Poor
F070,Soybeans,2025,6,0.193,0.325,0.299,0.168,0.136,Poor
F070,Soybeans,2025,7,0.63,0.212,0.532,0.112,0.158,Good
F070,Soybeans,2025,8,0.546,0.233,0.461,0.126,0.137,Good
F071,Alfalfa,2025,5,0.539,0.229,0.458,0.121,0.134,Good
F071,Alfalfa,2025,6,0.733,0.175,0.575,0.091,0.147,Excellent
F071,Alfalfa,2025,7,0.784,0.159,0.609,0.074,0.157,Excellent
F071,Alfalfa,2025,8,0.576,0.239,0.476,0.109,0.159,Good
F072,Wheat,2025,5,0.758,0.181,0.588,0.078,0.159,Excellent
F072,Wheat,2025,6,0.495,0.265,0.429,0.116,0.145,Fair
F072,Wheat,2025,7,0.192,0.345,0.313,0.169,0.164,Poor
F072,Wheat,2025,8,0.177,0.334,0.27,0.17,0.166,Poor
F073,Soybeans,2025,5,0.16,0.35,0.297,0.168,0.138,Poor
F073,Soybeans,2025,6,0.102,0.367,0.242,0.192,0.154,Poor
F073,Soybeans,2025,7,0.56,0.233,0.464,0.115,0.17,Good
F073,Soybeans,2025,8,0.583,0.241,0.504,0.105,0.139,Good
F074,Corn,2025,5,0.1,0.354,0.249,0.189,0.165,Poor
F074,Corn,2025,6,0.486,0.272,0.425,0.117,0.156,Fair
F074,Corn,2025,7,0.79,0.153,0.588,0.077,0.15,Excellent
F074,Corn,2025,8,0.455,0.264,0.434,0.129,0.14,Fair
F075,Alfalfa,2025,5,0.486,0.264,0.453,0.13,0.139,Fair
F075,Alfalfa,2025,6,0.75,0.178,0.574,0.088,0.15,Excellent
F075,Alfalfa,2025,7,0.748,0.184,0.558,0.093,0.135,Excellent
F075,Alfalfa,2025,8,0.458,0.282,0.447,0.123,0.148,Fair
F076,Soybeans,2025,5,0.179,0.359,0.308,0.176,0.144,Poor
F076,Soybeans,2025,6,0.191,0.335,0.312,0.179,0.152,Poor
F076,Soybeans,2025,7,0.563,0.223,0.463,0.122,0.148,Good
F076,Soybeans,2025,8,0.563,0.23,0.494,0.108,0.164,Good
F077,Soybeans,2025,5,0.303,0.305,0.34,0.152,0.143,Fair
F077,Soybeans,2025,6,0.226,0.336,0.312,0.173,0.131,Poor
F077,Soybeans,2025,7,0.673,0.209,0.547,0.107,0.159,Good
F077,Soybeans,2025,8,0.701,0.183,0.551,0.085,0.13,Excellent
F078,Alfalfa,2025,5,0.489,0.244,0.431,0.117,0.166,Fair
F078,Alfalfa,2025,6,0.72,0.194,0.546,0.1,0.166,Excellent
F078,Alfalfa,2025,7,0.784,0.172,0.572,0.092,0.165,Excellent
F078,Alfalfa,2025,8,0.568,0.236,0.478,0.123,0.142,Good
F079,Soybeans,2025,5,0.186,0.361,0.279,0.167,0.152,Poor
F079,Soybeans,2025,6,0.253,0.329,0.316,0.152,0.16,Poor
F079,Soybeans,2025,7,0.675,0.21,0.536,0.107,0.146,Good
F079,Soybeans,2025,8,0.629,0.21,0.512,0.111,0.151,Good
F080,Wheat,2025,5,0.711,0.168,0.559,0.088,0.136,Excellent
F080,Wheat,2025,6,0.501,0.257,0.461,0.125,0.166,Good
F080,Wheat,2025,7,0.279,0.329,0.345,0.154,0.169,Poor
F080,Wheat,2025,8,0.213,0.324,0.304,0.159,0.169,Poor
F081,Corn,2025,5,0.162,0.358,0.281,0.166,0.154,Poor
F081,Corn,2025,6,0.528,0.238,0.474,0.115,0.139,Good
F081,Corn,2025,7,0.822,0.148,0.625,0.083,0.145,Excellent
F081,Corn,2025,8,0.515,0.254,0.447,0.116,0.169,Good
F082,Alfalfa,2025,5,0.601,0.213,0.509,0.104,0.14,Good
F082,Alfalfa,2025,6,0.794,0.155,0.584,0.076,0.131,Excellent
F082,Alfalfa,2025,7,0.814,0.156,0.591,0.071,0.134,Excellent
F082,Alfalfa,2025,8,0.564,0.214,0.492,0.106,0.14,Good
F083,Wheat,2025,5,0.811,0.14,0.618,0.078,0.164,Excellent
F083,Wheat,2025,6,0.549,0.243,0.494,0.112,0.155,Good
F083,Wheat,2025,7,0.285,0.296,0.323,0.15,0.156,Poor
F083,Wheat,2025,8,0.296,0.313,0.329,0.155,0.167,Poor
F084,Alfalfa,2025,5,0.561,0.243,0.492,0.116,0.164,Good
F084,Alfalfa,2025,6,0.778,0.182,0.578,0.079,0.132,Excellent
F084,Alfalfa,2025,7,0.818,0.151,0.598,0.072,0.166,Excellent
F084,Alfalfa,2025,8,0.582,0.228,0.496,0.112,0.146,Good
F085,Alfalfa,2025,5,0.537,0.236,0.463,0.119,0.148,Good
F085,Alfalfa,2025,6,0.817,0.141,0.609,0.072,0.137,Excellent
F085,Alfalfa,2025,7,0.771,0.179,0.583,0.087,0.159,Excellent
F085,Alfalfa,2025,8,0.593,0.221,0.492,0.109,0.156,Good
F086,Corn,2025,5,0.19,0.358,0.282,0.164,0.155,Poor
F086,Corn,2025,6,0.485,0.235,0.458,0.122,0.167,Fair
F086,Corn,2025,7,0.877,0.148,0.626,0.063,0.151,Excellent
F086,Corn,2025,8,0.472,0.251,0.429,0.122,0.138,Fair
F087,Alfalfa,2025,5,0.55,0.216,0.48,0.127,0.143,Good
F087,Alfalfa,2025,6,0.785,0.167,0.609,0.088,0.155,Excellent
F087,Alfalfa,2025,7,0.805,0.16,0.586,0.083,0.159,Excellent
F087,Alfalfa,2025,8,0.63,0.201,0.496,0.106,0.158,Good
F088,Corn,2025,5,0.154,0.344,0.277,0.174,0.164,Poor
F088,Corn,2025,6,0.532,0.252,0.469,0.126,0.143,Good
F088,Corn,2025,7,0.9,0.121,0.652,0.059,0.149,Excellent
F088,Corn,2025,8,0.516,0.236,0.477,0.116,0.161,Good
F089,Corn,2025,5,0.164,0.359,0.272,0.166,0.146,Poor
F089,Corn,2025,6,0.605,0.199,0.506,0.109,0.165,Good
F089,Corn,2025,7,0.87,0.146,0.642,0.073,0.168,Excellent
F089,Corn,2025,8,0.594,0.203,0.496,0.109,0.142,Good
F090,Wheat,2025,5,0.75,0.172,0.594,0.079,0.167,Excellent
F090,Wheat,2025,6,0.509,0.252,0.468,0.121,0.147,Good
F090,Wheat,2025,7,0.252,0.319,0.343,0.169,0.134,Poor
F090,Wheat,2025,8,0.222,0.331,0.295,0.169,0.136,Poor
F091,Soybeans,2025,5,0.15,0.348,0.282,0.177,0.169,Poor
F091,Soybeans,2025,6,0.237,0.323,0.3,0.171,0.166,Poor
F091,Soybeans,2025,7,0.632,0.196,0.536,0.1,0.159,Good
F091,Soybeans,2025,8,0.64,0.197,0.537,0.1,0.169,Good
F092,Corn,2025,5,0.18,0.328,0.298,0.174,0.149,Poor
F092,Corn,2025,6,0.457,0.271,0.416,0.132,0.14,Fair
F092,Corn,2025,7,0.88,0.117,0.628,0.063,0.147,Excellent
F092,Corn,2025,8,0.458,0.262,0.444,0.136,0.153,Fair
F093,Alfalfa,2025,5,0.513,0.233,0.468,0.118,0.147,Good
F093,Alfalfa,2025,6,0.719,0.199,0.544,0.094,0.136,Excellent
F093,Alfalfa,2025,7,0.754,0.19,0.574,0.087,0.167,Excellent
F093,Alfalfa,2025,8,0.496,0.251,0.451,0.129,0.134,Fair
F094,Alfalfa,2025,5,0.563,0.214,0.493,0.113,0.134,Good
F094,Alfalfa,2025,6,0.823,0.168,0.627,0.086,0.165,Excellent
F094,Alfalfa,2025,7,0.76,0.167,0.593,0.083,0.154,Excellent
F094,Alfalfa,2025,8,0.58,0.221,0.506,0.113,0.149,Good
F095,Wheat,2025,5,0.795,0.149,0.598,0.087,0.161,Excellent
F095,Wheat,2025,6,0.575,0.236,0.477,0.121,0.166,Good
F095,Wheat,2025,7,0.265,0.306,0.352,0.168,0.166,Poor
F095,Wheat,2025,8,0.334,0.301,0.373,0.151,0.132,Fair
F096,Soybeans,2025,5,0.22,0.34,0.31,0.167,0.137,Poor
F096,Soybeans,2025,6,0.197,0.327,0.286,0.18,0.136,Poor
F096,Soybeans,2025,7,0.596,0.225,0.502,0.104,0.162,Good
F096,Soybeans,2025,8,0.648,0.195,0.515,0.112,0.163,Good
F097,Alfalfa,2025,5,0.519,0.241,0.462,0.116,0.148,Good
F097,Alfalfa,2025,6,0.811,0.15,0.617,0.085,0.143,Excellent
F097,Alfalfa,2025,7,0.835,0.134,0.631,0.068,0.133,Excellent
F097,Alfalfa,2025,8,0.575,0.226,0.504,0.111,0.141,Good
F098,Corn,2025,5,0.156,0.347,0.286,0.182,0.164,Poor
F098,Corn,2025,6,0.558,0.223,0.488,0.114,0.157,Good
F098,Corn,2025,7,0.858,0.162,0.638,0.08,0.163,Excellent
F098,Corn,2025,8,0.551,0.247,0.474,0.112,0.145,Good
F099,Soybeans,2025,5,0.161,0.352,0.282,0.185,0.166,Poor
F099,Soybeans,2025,6,0.125,0.357,0.259,0.178,0.162,Poor
F099,Soybeans,2025,7,0.561,0.235,0.495,0.122,0.135,Good
F099,Soybeans,2025,8,0.58,0.223,0.482,0.104,0.149,Good
F100,Wheat,2025,5,0.716,0.193,0.569,0.087,0.132,Excellent
F100,Wheat,2025,6,0.526,0.223,0.48,0.124,0.143,Good
F100,Wheat,2025,7,0.216,0.316,0.297,0.16,0.154,Poor
F100,Wheat,2025,8,0.208,0.339,0.307,0.165,0.131,Poor
F101,Wheat,2025,5,0.65,0.215,0.518,0.108,0.147,Good
F101,Wheat,2025,6,0.442,0.268,0.43,0.129,0.135,Fair
F101,Wheat,2025,7,0.203,0.332,0.299,0.173,0.15,Poor
F101,Wheat,2025,8,0.209,0.339,0.314,0.173,0.151,Poor
F102,Wheat,2025,5,0.797,0.158,0.595,0.086,0.153,Excellent
F102,Wheat,2025,6,0.467,0.276,0.415,0.135,0.16,Fair
F102,Wheat,2025,7,0.305,0.291,0.356,0.153,0.143,Fair
F102,Wheat,2025,8,0.219,0.337,0.309,0.159,0.154,Poor
F103,Wheat,2025,5,0.818,0.171,0.605,0.086,0.165,Excellent
F103,Wheat,2025,6,0.521,0.23,0.458,0.12,0.153,Good
F103,Wheat,2025,7,0.299,0.32,0.35,0.147,0.164,Poor
F103,Wheat,2025,8,0.272,0.337,0.321,0.168,0.134,Poor
F104,Soybeans,2025,5,0.132,0.369,0.28,0.179,0.167,Poor
F104,Soybeans,2025,6,0.186,0.349,0.307,0.168,0.144,Poor
F104,Soybeans,2025,7,0.618,0.231,0.528,0.115,0.135,Good
F104,Soybeans,2025,8,0.609,0.214,0.524,0.108,0.152,Good
F105,Wheat,2025,5,0.719,0.167,0.575,0.098,0.136,Excellent
F105,Wheat,2025,6,0.515,0.251,0.454,0.118,0.164,Good
F105,Wheat,2025,7,0.257,0.325,0.333,0.153,0.149,Poor
F105,Wheat,2025,8,0.206,0.326,0.31,0.177,0.146,Poor
F106,Soybeans,2025,5,0.178,0.362,0.299,0.181,0.151,Poor
F106,Soybeans,2025,6,0.188,0.329,0.288,0.17,0.15,Poor
F106,Soybeans,2025,7,0.606,0.233,0.488,0.103,0.144,Good
F106,Soybeans,2025,8,0.542,0.242,0.487,0.128,0.156,Good
F107,Soybeans,2025,5,0.235,0.318,0.318,0.166,0.16,Poor
F107,Soybeans,2025,6,0.204,0.333,0.297,0.179,0.148,Poor
F107,Soybeans,2025,7,0.658,0.213,0.52,0.103,0.166,Good
F107,Soybeans,2025,8,0.63,0.229,0.504,0.097,0.166,Good
F108,Soybeans,2025,5,0.271,0.326,0.353,0.166,0.164,Poor
F108,Soybeans,2025,6,0.228,0.327,0.332,0.164,0.152,Poor
F108,Soybeans,2025,7,0.616,0.218,0.507,0.099,0.165,Good
F108,Soybeans,2025,8,0.616,0.219,0.494,0.098,0.14,Good
F109,Alfalfa,2025,5,0.511,0.263,0.444,0.117,0.137,Good
F109,Alfalfa,2025,6,0.743,0.188,0.586,0.091,0.138,Excellent
F109,Alfalfa,2025,7,0.77,0.168,0.603,0.079,0.159,Excellent
F109,Alfalfa,2025,8,0.545,0.228,0.471,0.11,0.162,Good
F110,Alfalfa,2025,5,0.549,0.218,0.493,0.112,0.165,Good
F110,Alfalfa,2025,6,0.797,0.18,0.598,0.085,0.145,Excellent
F110,Alfalfa,2025,7,0.735,0.177,0.554,0.099,0.134,Excellent
F110,Alfalfa,2025,8,0.535,0.244,0.469,0.123,0.135,Good
F111,Soybeans,2025,5,0.172,0.366,0.297,0.184,0.132,Poor
F111,Soybeans,2025,6,0.172,0.336,0.266,0.169,0.157,Poor
F111,Soybeans,2025,7,0.567,0.23,0.499,0.119,0.146,Good
F111,Soybeans,2025,8,0.581,0.224,0.477,0.116,0.145,Good
F112,Alfalfa,2025,5,0.586,0.229,0.488,0.106,0.161,Good
F112,Alfalfa,2025,6,0.799,0.149,0.587,0.073,0.161,Excellent
F112,Alfalfa,2025,7,0.773,0.169,0.585,0.086,0.165,Excellent
F112,Alfalfa,2025,8,0.597,0.219,0.479,0.109,0.154,Good
F113,Alfalfa,2025,5,0.573,0.214,0.492,0.108,0.16,Good
F113,Alfalfa,2025,6,0.782,0.174,0.573,0.081,0.158,Excellent
F113,Alfalfa,2025,7,0.77,0.181,0.59,0.086,0.144,Excellent
F113,Alfalfa,2025,8,0.556,0.237,0.477,0.121,0.147,Good
F114,Corn,2025,5,0.108,0.348,0.246,0.189,0.162,Poor
F114,Corn,2025,6,0.456,0.281,0.428,0.14,0.158,Fair
F114,Corn,2025,7,0.858,0.126,0.618,0.061,0.159,Excellent
F114,Corn,2025,8,0.471,0.27,0.429,0.136,0.135,Fair
F115,Alfalfa,2025,5,0.481,0.252,0.434,0.133,0.134,Fair
F115,Alfalfa,2025,6,0.722,0.197,0.544,0.101,0.169,Excellent
F115,Alfalfa,2025,7,0.696,0.183,0.543,0.101,0.154,Good
F115,Alfalfa,2025,8,0.511,0.257,0.44,0.13,0.158,Good
F116,Corn,2025,5,0.186,0.352,0.281,0.171,0.15,Poor
F116,Corn,2025,6,0.453,0.282,0.411,0.136,0.15,Fair
F116,Corn,2025,7,0.8,0.177,0.614,0.081,0.139,Excellent
F116,Corn,2025,8,0.459,0.257,0.42,0.131,0.169,Fair
F117,Alfalfa,2025,5,0.594,0.228,0.496,0.118,0.149,Good
F117,Alfalfa,2025,6,0.832,0.142,0.601,0.082,0.153,Excellent
F117,Alfalfa,2025,7,0.834,0.167,0.599,0.075,0.145,Excellent
F117,Alfalfa,2025,8,0.568,0.241,0.475,0.116,0.158,Good
F118,Alfalfa,2025,5,0.524,0.247,0.48,0.118,0.134,Good
F118,Alfalfa,2025,6,0.733,0.163,0.585,0.081,0.16,Excellent
F118,Alfalfa,2025,7,0.735,0.174,0.55,0.092,0.153,Excellent
F118,Alfalfa,2025,8,0.471,0.275,0.428,0.128,0.152,Fair
F119,Corn,2025,5,0.137,0.354,0.252,0.177,0.154,Poor
F119,Corn,2025,6,0.445,0.274,0.405,0.129,0.163,Fair
F119,Corn,2025,7,0.752,0.189,0.56,0.094,0.144,Excellent
F119,Corn,2025,8,0.455,0.25,0.41,0.126,0.135,Fair
F120,Alfalfa,2025,5,0.539,0.242,0.481,0.122,0.154,Good
F120,Alfalfa,2025,6,0.768,0.168,0.581,0.092,0.139,Excellent
F120,Alfalfa,2025,7,0.728,0.188,0.552,0.099,0.164,Excellent
F120,Alfalfa,2025,8,0.495,0.236,0.447,0.128,0.141,Fair
F121,Corn,2025,5,0.184,0.338,0.273,0.177,0.139,Poor
F121,Corn,2025,6,0.558,0.229,0.482,0.124,0.165,Good
F121,Corn,2025,7,0.861,0.13,0.642,0.069,0.138,Excellent
F121,Corn,2025,8,0.565,0.218,0.463,0.106,0.155,Good
F122,Alfalfa,2025,5,0.551,0.228,0.469,0.121,0.132,Good
F122,Alfalfa,2025,6,0.852,0.133,0.646,0.066,0.161,Excellent
F122,Alfalfa,2025,7,0.782,0.149,0.606,0.09,0.146,Excellent
F122,Alfalfa,2025,8,0.59,0.225,0.509,0.108,0.151,Good
F123,Wheat,2025,5,0.725,0.198,0.549,0.084,0.153,Excellent
F123,Wheat,2025,6,0.505,0.236,0.448,0.133,0.14,Good
F123,Wheat,2025,7,0.256,0.333,0.326,0.17,0.159,Poor
F123,Wheat,2025,8,0.235,0.332,0.325,0.167,0.165,Poor
F124,Wheat,2025,5,0.714,0.174,0.539,0.084,0.165,Excellent
F124,Wheat,2025,6,0.502,0.256,0.456,0.132,0.149,Good
F124,Wheat,2025,7,0.271,0.313,0.353,0.163,0.14,Poor
F124,Wheat,2025,8,0.241,0.329,0.306,0.166,0.143,Poor
F125,Corn,2025,5,0.157,0.359,0.293,0.18,0.144,Poor
F125,Corn,2025,6,0.463,0.268,0.45,0.126,0.165,Fair
F125,Corn,2025,7,0.854,0.151,0.644,0.07,0.168,Excellent
F125,Corn,2025,8,0.482,0.237,0.457,0.127,0.148,Fair
F126,Corn,2025,5,0.136,0.358,0.281,0.17,0.141,Poor
F126,Corn,2025,6,0.472,0.255,0.445,0.135,0.168,Fair
F126,Corn,2025,7,0.882,0.126,0.658,0.073,0.153,Excellent
F126,Corn,2025,8,0.541,0.255,0.479,0.116,0.159,Good
F127,Alfalfa,2025,5,0.497,0.247,0.435,0.116,0.135,Fair
F127,Alfalfa,2025,6,0.764,0.183,0.602,0.082,0.154,Excellent
F127,Alfalfa,2025,7,0.792,0.149,0.605,0.086,0.134,Excellent
F127,Alfalfa,2025,8,0.545,0.249,0.454,0.11,0.132,Good
F128,Soybeans,2025,5,0.178,0.348,0.28,0.182,0.145,Poor
F128,Soybeans,2025,6,0.131,0.353,0.267,0.178,0.141,Poor
F128,Soybeans,2025,7,0.54,0.251,0.49,0.116,0.145,Good
F128,Soybeans,2025,8,0.589,0.232,0.49,0.12,0.152,Good
F129,Soybeans,2025,5,0.227,0.35,0.325,0.157,0.143,Poor
F129,Soybeans,2025,6,0.209,0.33,0.313,0.175,0.159,Poor
F129,Soybeans,2025,7,0.661,0.193,0.546,0.106,0.144,Good
F129,Soybeans,2025,8,0.636,0.193,0.529,0.105,0.142,Good
F130,Alfalfa,2025,5,0.58,0.214,0.471,0.112,0.153,Good
F130,Alfalfa,2025,6,0.844,0.164,0.623,0.078,0.148,Excellent
F130,Alfalfa,2025,7,0.831,0.139,0.61,0.078,0.131,Excellent
F130,Alfalfa,2025,8,0.588,0.237,0.49,0.111,0.164,Good
F131,Soybeans,2025,5,0.222,0.326,0.318,0.168,0.136,Poor
F131,Soybeans,2025,6,0.225,0.349,0.32,0.176,0.161,Poor
F131,Soybeans,2025,7,0.688,0.182,0.555,0.087,0.157,Good
F131,Soybeans,2025,8,0.64,0.202,0.535,0.111,0.131,Good
F132,Corn,2025,5,0.15,0.352,0.288,0.174,0.168,Poor
F132,Corn,2025,6,0.482,0.262,0.448,0.123,0.143,Fair
F132,Corn,2025,7,0.897,0.141,0.642,0.066,0.132,Excellent
F132,Corn,2025,8,0.484,0.254,0.426,0.134,0.159,Fair
F133,Corn,2025,5,0.204,0.356,0.304,0.171,0.169,Poor
F133,Corn,2025,6,0.549,0.216,0.484,0.126,0.162,Good
F133,Corn,2025,7,0.893,0.139,0.666,0.058,0.157,Excellent
F133,Corn,2025,8,0.513,0.252,0.461,0.116,0.138,Good
F134,Wheat,2025,5,0.706,0.179,0.567,0.091,0.15,Excellent
F134,Wheat,2025,6,0.538,0.228,0.464,0.121,0.16,Good
F134,Wheat,2025,7,0.284,0.332,0.353,0.152,0.131,Poor
F134,Wheat,2025,8,0.232,0.316,0.324,0.168,0.132,Poor
F135,Wheat,2025,5,0.773,0.165,0.593,0.083,0.148,Excellent
F135,Wheat,2025,6,0.505,0.245,0.463,0.133,0.147,Good
F135,Wheat,2025,7,0.291,0.321,0.363,0.152,0.148,Poor
F135,Wheat,2025,8,0.328,0.306,0.348,0.153,0.137,Fair
F136,Alfalfa,2025,5,0.556,0.248,0.476,0.112,0.139,Good
F136,Alfalfa,2025,6,0.83,0.138,0.612,0.069,0.161,Excellent
F136,Alfalfa,2025,7,0.79,0.157,0.59,0.088,0.152,Excellent
F136,Alfalfa,2025,8,0.575,0.243,0.503,0.11,0.168,Good
F137,Soybeans,2025,5,0.135,0.375,0.258,0.175,0.142,Poor
F137,Soybeans,2025,6,0.158,0.35,0.288,0.184,0.157,Poor
F137,Soybeans,2025,7,0.518,0.262,0.449,0.115,0.134,Good
F137,Soybeans,2025,8,0.553,0.219,0.462,0.113,0.141,Good
F138,Corn,2025,5,0.209,0.348,0.295,0.163,0.169,Poor
F138,Corn,2025,6,0.479,0.272,0.427,0.137,0.144,Fair
F138,Corn,2025,7,0.872,0.147,0.639,0.066,0.152,Excellent
F138,Corn,2025,8,0.551,0.216,0.456,0.117,0.135,Good
F139,Soybeans,2025,5,0.207,0.335,0.291,0.17,0.135,Poor
F139,Soybeans,2025,6,0.187,0.326,0.312,0.165,0.158,Poor
F139,Soybeans,2025,7,0.592,0.207,0.496,0.111,0.168,Good
F139,Soybeans,2025,8,0.68,0.207,0.544,0.097,0.144,Good
F140,Soybeans,2025,5,0.243,0.33,0.311,0.154,0.168,Poor
F140,Soybeans,2025,6,0.214,0.333,0.292,0.175,0.131,Poor
F140,Soybeans,2025,7,0.666,0.186,0.549,0.105,0.137,Good
F140,Soybeans,2025,8,0.639,0.201,0.507,0.111,0.146,Good
F141,Wheat,2025,5,0.692,0.188,0.561,0.093,0.168,Good
F141,Wheat,2025,6,0.52,0.23,0.447,0.129,0.146,Good
F141,Wheat,2025,7,0.176,0.338,0.292,0.18,0.135,Poor
F141,Wheat,2025,8,0.186,0.361,0.303,0.174,0.161,Poor
F142,Corn,2025,5,0.153,0.349,0.266,0.182,0.147,Poor
F142,Corn,2025,6,0.525,0.236,0.479,0.13,0.14,Good
F142,Corn,2025,7,0.857,0.14,0.645,0.07,0.16,Excellent
F142,Corn,2025,8,0.474,0.247,0.425,0.127,0.16,Fair
F143,Corn,2025,5,0.193,0.333,0.296,0.162,0.163,Poor
F143,Corn,2025,6,0.573,0.224,0.467,0.107,0.156,Good
F143,Corn,2025,7,0.885,0.146,0.633,0.073,0.158,Excellent
F143,Corn,2025,8,0.506,0.25,0.439,0.123,0.165,Good
F144,Corn,2025,5,0.191,0.346,0.283,0.173,0.15,Poor
F144,Corn,2025,6,0.497,0.236,0.445,0.117,0.134,Fair
F144,Corn,2025,7,0.848,0.138,0.641,0.07,0.16,Excellent
F144,Corn,2025,8,0.51,0.255,0.445,0.132,0.151,Good
F145,Alfalfa,2025,5,0.578,0.211,0.496,0.103,0.149,Good
F145,Alfalfa,2025,6,0.801,0.165,0.62,0.079,0.163,Excellent
F145,Alfalfa,2025,7,0.833,0.15,0.634,0.083,0.161,Excellent
F145,Alfalfa,2025,8,0.571,0.23,0.475,0.113,0.149,Good
F146,Soybeans,2025,5,0.273,0.315,0.317,0.166,0.137,Poor
F146,Soybeans,2025,6,0.245,0.307,0.319,0.173,0.134,Poor
F146,Soybeans,2025,7,0.626,0.205,0.529,0.114,0.14,Good
F146,Soybeans,2025,8,0.591,0.228,0.489,0.115,0.131,Good
F147,Corn,2025,5,0.14,0.347,0.284,0.17,0.139,Poor
F147,Corn,2025,6,0.521,0.241,0.469,0.115,0.154,Good
F147,Corn,2025,7,0.844,0.139,0.635,0.075,0.146,Excellent
F147,Corn,2025,8,0.477,0.26,0.425,0.126,0.144,Fair
F148,Corn,2025,5,0.176,0.347,0.305,0.17,0.147,Poor
F148,Corn,2025,6,0.528,0.243,0.466,0.112,0.146,Good
F148,Corn,2025,7,0.826,0.172,0.606,0.084,0.157,Excellent
F148,Corn,2025,8,0.484,0.257,0.455,0.135,0.136,Fair
F149,Alfalfa,2025,5,0.525,0.224,0.466,0.128,0.145,Good
F149,Alfalfa,2025,6,0.805,0.164,0.598,0.072,0.158,Excellent
F149,Alfalfa,2025,7,0.817,0.162,0.589,0.072,0.133,Excellent
F149,Alfalfa,2025,8,0.548,0.246,0.459,0.125,0.152,Good
F150,Corn,2025,5,0.216,0.319,0.324,0.16,0.146,Poor
F150,Corn,2025,6,0.554,0.25,0.477,0.119,0.158,Good
F150,Corn,2025,7,0.9,0.115,0.662,0.065,0.148,Excellent
F150,Corn,2025,8,0.511,0.247,0.473,0.124,0.168,Good
F151,Wheat,2025,5,0.732,0.193,0.573,0.092,0.153,Excellent
F151,Wheat,2025,6,0.496,0.264,0.433,0.133,0.147,Fair
F151,Wheat,2025,7,0.185,0.359,0.29,0.178,0.141,Poor
F151,Wheat,2025,8,0.16,0.352,0.264,0.181,0.141,Poor
F152,Soybeans,2025,5,0.169,0.341,0.296,0.168,0.156,Poor
F152,Soybeans,2025,6,0.252,0.332,0.338,0.154,0.14,Poor
F152,Soybeans,2025,7,0.65,0.214,0.53,0.106,0.147,Good
F152,Soybeans,2025,8,0.565,0.242,0.49,0.115,0.166,Good
F153,Soybeans,2025,5,0.171,0.364,0.297,0.175,0.135,Poor
F153,Soybeans,2025,6,0.163,0.357,0.277,0.182,0.168,Poor
F153,Soybeans,2025,7,0.622,0.208,0.523,0.104,0.137,Good
F153,Soybeans,2025,8,0.545,0.232,0.489,0.113,0.138,Good
F154,Soybeans,2025,5,0.197,0.352,0.291,0.161,0.167,Poor
F154,Soybeans,2025,6,0.208,0.34,0.295,0.16,0.132,Poor
F154,Soybeans,2025,7,0.606,0.201,0.513,0.109,0.144,Good
F154,Soybeans,2025,8,0.636,0.226,0.535,0.109,0.165,Good
F155,Alfalfa,2025,5,0.527,0.246,0.469,0.121,0.146,Good
F155,Alfalfa,2025,6,0.828,0.164,0.611,0.08,0.141,Excellent
F155,Alfalfa,2025,7,0.739,0.172,0.566,0.079,0.163,Excellent
F155,Alfalfa,2025,8,0.525,0.246,0.446,0.115,0.166,Good
F156,Soybeans,2025,5,0.256,0.343,0.323,0.158,0.164,Poor
F156,Soybeans,2025,6,0.261,0.327,0.342,0.167,0.144,Poor
F156,Soybeans,2025,7,0.618,0.228,0.517,0.098,0.143,Good
F156,Soybeans,2025,8,0.575,0.217,0.504,0.104,0.139,Good
F157,Corn,2025,5,0.135,0.361,0.256,0.173,0.139,Poor
F157,Corn,2025,6,0.473,0.249,0.455,0.128,0.132,Fair
F157,Corn,2025,7,0.846,0.139,0.629,0.069,0.153,Excellent
F157,Corn,2025,8,0.5,0.267,0.441,0.122,0.149,Good
F158,Wheat,2025,5,0.846,0.13,0.608,0.073,0.134,Excellent
F158,Wheat,2025,6,0.541,0.224,0.476,0.128,0.17,Good
F158,Wheat,2025,7,0.294,0.316,0.361,0.148,0.158,Poor
F158,Wheat,2025,8,0.297,0.299,0.345,0.147,0.158,Poor
F159,Wheat,2025,5,0.702,0.174,0.566,0.095,0.153,Excellent
F159,Wheat,2025,6,0.478,0.253,0.427,0.133,0.135,Fair
F159,Wheat,2025,7,0.182,0.354,0.279,0.169,0.149,Poor
F159,Wheat,2025,8,0.216,0.343,0.313,0.17,0.159,Poor
F160,Alfalfa,2025,5,0.499,0.248,0.442,0.135,0.163,Fair
F160,Alfalfa,2025,6,0.723,0.163,0.543,0.086,0.135,Excellent
F160,Alfalfa,2025,7,0.76,0.186,0.589,0.08,0.146,Excellent
F160,Alfalfa,2025,8,0.517,0.257,0.472,0.131,0.15,Good
F161,Alfalfa,2025,5,0.534,0.242,0.457,0.119,0.155,Good
F161,Alfalfa,2025,6,0.788,0.146,0.575,0.072,0.13,Excellent
F161,Alfalfa,2025,7,0.774,0.157,0.576,0.094,0.142,Excellent
F161,Alfalfa,2025,8,0.536,0.241,0.482,0.123,0.142,Good
F162,Corn,2025,5,0.159,0.361,0.286,0.184,0.165,Poor
F162,Corn,2025,6,0.495,0.249,0.453,0.132,0.13,Fair
F162,Corn,2025,7,0.887,0.121,0.642,0.074,0.139,Excellent
F162,Corn,2025,8,0.485,0.24,0.438,0.121,0.145,Fair
F163,Wheat,2025,5,0.787,0.184,0.578,0.087,0.132,Excellent
F163,Wheat,2025,6,0.44,0.252,0.439,0.143,0.138,Fair
F163,Wheat,2025,7,0.204,0.329,0.302,0.171,0.139,Poor
F163,Wheat,2025,8,0.263,0.313,0.348,0.164,0.147,Poor
F164,Alfalfa,2025,5,0.617,0.207,0.502,0.116,0.137,Good
F164,Alfalfa,2025,6,0.779,0.164,0.602,0.089,0.167,Excellent
F164,Alfalfa,2025,7,0.828,0.136,0.618,0.081,0.134,Excellent
F164,Alfalfa,2025,8,0.552,0.215,0.48,0.125,0.157,Good
F165,Corn,2025,5,0.149,0.371,0.287,0.174,0.169,Poor
F165,Corn,2025,6,0.522,0.259,0.476,0.127,0.153,Good
F165,Corn,2025,7,0.855,0.145,0.622,0.078,0.16,Excellent
F165,Corn,2025,8,0.584,0.205,0.504,0.121,0.162,Good
F166,Corn,2025,5,0.1,0.351,0.255,0.188,0.169,Poor
F166,Corn,2025,6,0.471,0.252,0.441,0.136,0.167,Fair
F166,Corn,2025,7,0.862,0.138,0.636,0.078,0.15,Excellent
F166,Corn,2025,8,0.453,0.251,0.407,0.136,0.134,Fair
F167,Alfalfa,2025,5,0.497,0.253,0.444,0.129,0.132,Fair
F167,Alfalfa,2025,6,0.719,0.184,0.553,0.088,0.133,Excellent
F167,Alfalfa,2025,7,0.797,0.169,0.583,0.072,0.169,Excellent
F167,Alfalfa,2025,8,0.535,0.236,0.476,0.125,0.161,Good
F168,Soybeans,2025,5,0.199,0.321,0.316,0.172,0.138,Poor
F168,Soybeans,2025,6,0.248,0.342,0.343,0.17,0.17,Poor
F168,Soybeans,2025,7,0.58,0.24,0.503,0.108,0.134,Good
F168,Soybeans,2025,8,0.654,0.196,0.542,0.092,0.131,Good
F169,Corn,2025,5,0.118,0.372,0.262,0.174,0.137,Poor
F169,Corn,2025,6,0.483,0.243,0.453,0.126,0.134,Fair
F169,Corn,2025,7,0.842,0.131,0.606,0.068,0.164,Excellent
F169,Corn,2025,8,0.536,0.252,0.462,0.115,0.152,Good
F170,Alfalfa,2025,5,0.618,0.2,0.491,0.111,0.163,Good
F170,Alfalfa,2025,6,0.843,0.154,0.64,0.074,0.167,Excellent
F170,Alfalfa,2025,7,0.856,0.157,0.62,0.066,0.152,Excellent
F170,Alfalfa,2025,8,0.564,0.246,0.466,0.111,0.16,Good
F171,Alfalfa,2025,5,0.491,0.248,0.45,0.12,0.164,Fair
F171,Alfalfa,2025,6,0.744,0.194,0.571,0.084,0.136,Excellent
F171,Alfalfa,2025,7,0.699,0.192,0.534,0.093,0.154,Good
F171,Alfalfa,2025,8,0.486,0.241,0.454,0.136,0.134,Fair
F172,Corn,2025,5,0.175,0.329,0.307,0.164,0.165,Poor
F172,Corn,2025,6,0.46,0.28,0.422,0.134,0.133,Fair
F172,Corn,2025,7,0.803,0.17,0.603,0.088,0.147,Excellent
F172,Corn,2025,8,0.516,0.243,0.477,0.132,0.143,Good
F173,Wheat,2025,5,0.807,0.146,0.609,0.07,0.163,Excellent
F173,Wheat,2025,6,0.49,0.236,0.441,0.128,0.164,Fair
F173,Wheat,2025,7,0.32,0.302,0.342,0.157,0.153,Fair
F173,Wheat,2025,8,0.267,0.312,0.334,0.157,0.16,Poor
F174,Wheat,2025,5,0.787,0.166,0.583,0.089,0.152,Excellent
F174,Wheat,2025,6,0.47,0.264,0.429,0.136,0.148,Fair
F174,Wheat,2025,7,0.272,0.302,0.332,0.169,0.162,Poor
F174,Wheat,2025,8,0.215,0.327,0.301,0.171,0.16,Poor
F175,Corn,2025,5,0.18,0.358,0.287,0.165,0.153,Poor
F175,Corn,2025,6,0.574,0.239,0.49,0.117,0.167,Good
F175,Corn,2025,7,0.872,0.132,0.655,0.077,0.143,Excellent
F175,Corn,2025,8,0.525,0.239,0.449,0.13,0.146,Good
F176,Alfalfa,2025,5,0.532,0.242,0.447,0.126,0.153,Good
F176,Alfalfa,2025,6,0.815,0.137,0.596,0.069,0.142,Excellent
F176,Alfalfa,2025,7,0.816,0.158,0.612,0.079,0.141,Excellent
F176,Alfalfa,2025,8,0.537,0.224,0.483,0.122,0.137,Good
F177,Soybeans,2025,5,0.189,0.353,0.301,0.17,0.14,Poor
F177,Soybeans,2025,6,0.2,0.352,0.292,0.177,0.16,Poor
F177,Soybeans,2025,7,0.531,0.238,0.453,0.113,0.159,Good
F177,Soybeans,2025,8,0.528,0.254,0.484,0.112,0.149,Good
F178,Soybeans,2025,5,0.266,0.331,0.327,0.159,0.154,Poor
F178,Soybeans,2025,6,0.284,0.308,0.359,0.153,0.17,Poor
F178,Soybeans,2025,7,0.654,0.202,0.531,0.097,0.141,Good
F178,Soybeans,2025,8,0.598,0.205,0.493,0.116,0.154,Good
F179,Soybeans,2025,5,0.194,0.346,0.316,0.174,0.137,Poor
F179,Soybeans,2025,6,0.156,0.359,0.259,0.167,0.135,Poor
F179,Soybeans,2025,7,0.534,0.237,0.467,0.113,0.157,Good
F179,Soybeans,2025,8,0.569,0.221,0.465,0.106,0.146,Good
F180,Corn,2025,5,0.1,0.375,0.252,0.18,0.144,Poor
F180,Corn,2025,6,0.458,0.277,0.439,0.132,0.144,Fair
F180,Corn,2025,7,0.783,0.18,0.573,0.092,0.157,Excellent
F180,Corn,2025,8,0.465,0.242,0.437,0.13,0.134,Fair
F181,Alfalfa,2025,5,0.539,0.24,0.466,0.111,0.159,Good
F181,Alfalfa,2025,6,0.761,0.176,0.581,0.085,0.154,Excellent
F181,Alfalfa,2025,7,0.714,0.204,0.56,0.089,0.148,Excellent
F181,Alfalfa,2025,8,0.531,0.227,0.457,0.124,0.143,Good
F182,Corn,2025,5,0.156,0.364,0.261,0.167,0.166,Poor
F182,Corn,2025,6,0.551,0.229,0.465,0.12,0.15,Good
F182,Corn,2025,7,0.9,0.149,0.655,0.064,0.15,Excellent
F182,Corn,2025,8,0.561,0.216,0.474,0.107,0.133,Good
F183,Corn,2025,5,0.102,0.381,0.25,0.181,0.133,Poor
F183,Corn,2025,6,0.459,0.253,0.434,0.141,0.134,Fair
F183,Corn,2025,7,0.775,0.166,0.606,0.089,0.166,Excellent
F183,Corn,2025,8,0.437,0.289,0.403,0.126,0.164,Fair
F184,Soybeans,2025,5,0.207,0.322,0.285,0.161,0.138,Poor
F184,Soybeans,2025,6,0.295,0.318,0.359,0.161,0.151,Poor
F184,Soybeans,2025,7,0.678,0.2,0.531,0.1,0.151,Good
F184,Soybeans,2025,8,0.68,0.215,0.537,0.103,0.134,Good
F185,Soybeans,2025,5,0.211,0.318,0.3,0.171,0.135,Poor
F185,Soybeans,2025,6,0.266,0.303,0.35,0.164,0.143,Poor
F185,Soybeans,2025,7,0.613,0.226,0.51,0.112,0.146,Good
F185,Soybeans,2025,8,0.622,0.233,0.5,0.105,0.142,Good
F186,Alfalfa,2025,5,0.585,0.216,0.476,0.102,0.147,Good
F186,Alfalfa,2025,6,0.79,0.183,0.594,0.077,0.166,Excellent
F186,Alfalfa,2025,7,0.798,0.165,0.583,0.078,0.168,Excellent
F186,Alfalfa,2025,8,0.567,0.224,0.489,0.123,0.141,Good
F187,Alfalfa,2025,5,0.604,0.206,0.511,0.112,0.157,Good
F187,Alfalfa,2025,6,0.783,0.158,0.599,0.077,0.147,Excellent
F187,Alfalfa,2025,7,0.767,0.15,0.602,0.084,0.169,Excellent
F187,Alfalfa,2025,8,0.522,0.247,0.449,0.128,0.161,Good
F188,Corn,2025,5,0.164,0.338,0.287,0.185,0.165,Poor
F188,Corn,2025,6,0.519,0.238,0.444,0.116,0.15,Good
F188,Corn,2025,7,0.853,0.13,0.633,0.069,0.144,Excellent
F188,Corn,2025,8,0.489,0.252,0.457,0.12,0.162,Fair
F189,Corn,2025,5,0.1,0.376,0.264,0.18,0.143,Poor
F189,Corn,2025,6,0.444,0.255,0.435,0.139,0.136,Fair
F189,Corn,2025,7,0.787,0.175,0.587,0.085,0.132,Excellent
F189,Corn,2025,8,0.451,0.251,0.439,0.129,0.141,Fair
F190,Alfalfa,2025,5,0.514,0.242,0.452,0.119,0.166,Good
F190,Alfalfa,2025,6,0.825,0.135,0.621,0.077,0.166,Excellent
F190,Alfalfa,2025,7,0.781,0.169,0.59,0.083,0.148,Excellent
F190,Alfalfa,2025,8,0.53,0.251,0.463,0.13,0.14,Good
F191,Corn,2025,5,0.218,0.341,0.324,0.174,0.144,Poor
F191,Corn,2025,6,0.534,0.226,0.468,0.115,0.16,Good
F191,Corn,2025,7,0.876,0.134,0.629,0.079,0.133,Excellent
F191,Corn,2025,8,0.478,0.245,0.458,0.138,0.156,Fair
F192,Wheat,2025,5,0.769,0.188,0.57,0.077,0.134,Excellent
F192,Wheat,2025,6,0.555,0.245,0.472,0.126,0.147,Good
F192,Wheat,2025,7,0.262,0.32,0.338,0.167,0.148,Poor
F192,Wheat,2025,8,0.307,0.299,0.359,0.164,0.132,Fair
F193,Wheat,2025,5,0.778,0.157,0.607,0.083,0.143,Excellent
F193,Wheat,2025,6,0.489,0.243,0.458,0.129,0.167,Fair
F193,Wheat,2025,7,0.245,0.311,0.303,0.163,0.17,Poor
F193,Wheat,2025,8,0.291,0.305,0.36,0.162,0.131,Poor
F194,Alfalfa,2025,5,0.557,0.219,0.468,0.116,0.147,Good
F194,Alfalfa,2025,6,0.796,0.148,0.608,0.09,0.161,Excellent
F194,Alfalfa,2025,7,0.797,0.151,0.587,0.073,0.152,Excellent
F194,Alfalfa,2025,8,0.588,0.232,0.501,0.108,0.143,Good
F195,Alfalfa,2025,5,0.552,0.223,0.471,0.113,0.134,Good
F195,Alfalfa,2025,6,0.84,0.162,0.609,0.065,0.16,Excellent
F195,Alfalfa,2025,7,0.779,0.162,0.572,0.078,0.162,Excellent
F195,Alfalfa,2025,8,0.598,0.209,0.492,0.103,0.133,Good
F196,Wheat,2025,5,0.815,0.157,0.618,0.085,0.162,Excellent
F196,Wheat,2025,6,0.501,0.237,0.457,0.122,0.169,Good
F196,Wheat,2025,7,0.316,0.324,0.346,0.16,0.143,Fair
F196,Wheat,2025,8,0.348,0.282,0.375,0.154,0.147,Fair
F197,Alfalfa,2025,5,0.601,0.217,0.505,0.101,0.164,Good
F197,Alfalfa,2025,6,0.808,0.154,0.584,0.081,0.131,Excellent
F197,Alfalfa,2025,7,0.743,0.182,0.559,0.082,0.156,Excellent
F197,Alfalfa,2025,8,0.508,0.24,0.44,0.125,0.156,Good
F198,Soybeans,2025,5,0.179,0.33,0.273,0.172,0.168,Poor
F198,Soybeans,2025,6,0.175,0.338,0.272,0.176,0.157,Poor
F198,Soybeans,2025,7,0.618,0.229,0.508,0.1,0.142,Good
F198,Soybeans,2025,8,0.62,0.219,0.511,0.111,0.155,Good
F199,Wheat,2025,5,0.805,0.17,0.592,0.083,0.166,Excellent
F199,Wheat,2025,6,0.535,0.251,0.476,0.111,0.153,Good
F199,Wheat,2025,7,0.259,0.341,0.342,0.153,0.135,Poor
F199,Wheat,2025,8,0.306,0.302,0.334,0.155,0.146,Fair
F200,Wheat,2025,5,0.731,0.197,0.576,0.097,0.139,Excellent
F200,Wheat,2025,6,0.427,0.26,0.424,0.145,0.159,Fair
F200,Wheat,2025,7,0.239,0.334,0.315,0.163,0.133,Poor
F200,Wheat,2025,8,0.154,0.362,0.274,0.178,0.152,Poor
